Artist,Track,ArtistScore,Danceability,Energy,Key,Loudness,Mode,Speechiness,Acousticness,Instrumentalness,Liveness,Valence,Tempo,Label,row_id,artist_key,song_key,group,split
tracy byrd,the keeper of the stars,1,0.52,0.481,2,-7.479,1,0.0239,0.314,0.000757,0.087,0.216,78.015,1,0,tracy byrd,tracy byrd / the keeper of the stars,0,validation
debbie davies,little sister,0,0.779,0.648,2,-6.638,0,0.0313,0.163,0.000251,0.21,0.904,116.962,0,1,debbie davies,debbie davies / little sister,1,test
glad,blessed assurance,0,0.24,0.222,2,-12.885,1,0.0299,0.672,0.0,0.123,0.362,93.539,0,2,glad,glad / blessed assurance,2,validation
aaron watson,rollercoaster ride,0,0.6,0.655,4,-8.454,1,0.0273,0.357,0.0,0.107,0.825,155.861,0,3,aaron watson,aaron watson / rollercoaster ride,3,train
toni braxton,spanish guitar,1,0.624,0.562,9,-6.504,0,0.0387,0.44,5.19e-06,0.175,0.38,120.043,1,4,toni braxton,toni braxton / spanish guitar,4,train
winifred phillips,misty bog,0,0.464,0.275,4,-11.786,1,0.0412,0.864,0.596,0.111,0.129,144.812,0,5,winifred phillips,winifred phillips / misty bog,5,train
trey songz,neighbors know my name,1,0.663,0.693,7,-5.776,0,0.0635,0.0379,0.0,0.162,0.391,120.026,1,6,trey songz,trey songz / neighbors know my name,6,train
quadro nuevo,la muneca de alcazar,0,0.534,0.339,2,-15.139,0,0.0373,0.798,0.919,0.158,0.339,107.408,0,7,quadro nuevo,quadro nuevo / la muneca de alcazar,7,train
maurane,manies manigances,0,0.773,0.839,2,-7.93,1,0.0512,0.296,0.0,0.233,0.898,130.996,0,8,maurane,maurane / manies manigances,8,train
paramore,ignorance,1,0.522,0.964,11,-2.645,0,0.095,0.00109,0.000389,0.0387,0.51,170.944,1,9,paramore,paramore / ignorance,9,train
tyler collins,it doesnt matter,0,0.632,0.89,1,-8.21,1,0.0745,0.128,2.66e-06,0.0838,0.763,165.313,1,10,tyler collins,tyler collins / it doesnt matter,10,train
eric clapton,change the world,0,0.721,0.558,9,-8.8,1,0.0246,0.492,0.00563,0.113,0.542,96.887,1,11,eric clapton,eric clapton / change the world,11,train
a different breed of killer,the cleansing apparatus,0,0.514,0.967,3,-5.511,0,0.138,0.000869,0.329,0.247,0.299,107.507,0,12,a different breed of killer,a different breed of killer / the cleansing apparatus,12,test
the presets,truth and lies,0,0.599,0.946,7,-6.17,1,0.0423,0.00123,0.779,0.358,0.313,118.994,0,13,the presets,the presets / truth and lies,13,test
brian littrell,wish,0,0.391,0.507,7,-5.954,1,0.0297,0.33,0.0,0.123,0.273,98.574,0,14,brian littrell,brian littrell / wish,14,train
bebe winans / stephanie mills,everyday,0,0.64,0.421,0,-8.766,1,0.0709,0.341,7.88e-06,0.132,0.48,71.984,0,15,bebe winans / stephanie mills,bebe winans / stephanie mills / everyday,15,train
non stop djs,hoes & discos,0,0.87,0.605,5,-10.146,0,0.39,0.000303,0.551,0.205,0.732,75.495,0,16,non stop djs,non stop djs / hoes & discos,16,train
snow,"girl, ive been hurt",0,0.668,0.649,1,-11.821,0,0.0373,0.000272,0.0,0.0789,0.471,90.95,1,17,snow,"snow / girl, ive been hurt",17,train
the chap,gimme legs,0,0.766,0.563,2,-7.384,0,0.0348,0.00542,0.202,0.243,0.823,120.158,0,18,the chap,the chap / gimme legs,18,train
shane minor,slave to the habit,0,0.719,0.844,7,-3.745,1,0.0302,0.0465,0.0,0.235,0.922,116.247,1,19,shane minor,shane minor / slave to the habit,19,test
t-bone,ride wit me,0,0.831,0.534,1,-9.367,1,0.324,0.0391,0.0,0.0449,0.734,96.055,0,20,t-bone,t-bone / ride wit me,20,train
bob marley,memphis,0,0.881,0.203,1,-14.483,1,0.13,0.355,0.0031,0.105,0.837,90.36,0,21,bob marley,bob marley / memphis,21,train
steinski,hot spot (terrible love mix),0,0.893,0.57,1,-13.036,1,0.277,0.00248,0.000405,0.0587,0.63,92.662,0,22,steinski,steinski / hot spot (terrible love mix),22,validation
dixie chicks,cold day in july,1,0.574,0.368,7,-10.644,1,0.0271,0.0163,2.12e-05,0.0746,0.296,129.457,1,23,dixie chicks,dixie chicks / cold day in july,23,train
boards of canada,happy cycling,0,0.913,0.429,5,-13.764,0,0.133,0.00629,0.868,0.0791,0.428,100.01,0,24,boards of canada,boards of canada / happy cycling,24,train
wet wet wet,hear me now,0,0.447,0.6,2,-7.67,1,0.0269,0.0791,0.0,0.391,0.2,95.388,0,25,wet wet wet,wet wet wet / hear me now,25,test
kanye west / adam levine,heard em say,0,0.736,0.702,7,-8.437,0,0.181,0.055,0.0394,0.124,0.569,94.857,0,26,kanye west / adam levine,kanye west / adam levine / heard em say,26,train
crossfade,cold,0,0.451,0.815,2,-5.55,0,0.0368,6.06e-05,0.0,0.27,0.618,147.974,1,27,crossfade,crossfade / cold,27,train
joshua kadison,beautiful in my eyes,0,0.582,0.381,3,-10.045,1,0.0256,0.595,1.1e-05,0.132,0.283,141.947,1,28,joshua kadison,joshua kadison / beautiful in my eyes,28,validation
bon jovi,in these arms,0,0.509,0.917,4,-3.046,1,0.06,0.00876,2.94e-05,0.196,0.487,123.281,1,29,bon jovi,bon jovi / in these arms,29,train
dj harry,tragedy in blue,0,0.792,0.638,1,-5.706,1,0.0339,0.0993,0.913,0.0899,0.694,122.85,0,30,dj harry,dj harry / tragedy in blue,30,train
aaron tippin,im leaving,0,0.567,0.553,2,-6.693,1,0.0258,0.483,2.42e-05,0.186,0.317,76.942,1,31,aaron tippin,aaron tippin / im leaving,31,train
darwin hobbs,praz him (broken album version),0,0.78,0.893,1,-4.725,1,0.156,0.0405,0.0,0.381,0.797,103.037,0,32,darwin hobbs,darwin hobbs / praz him (broken album version),32,train
hannah montana,just like you,1,0.622,0.858,4,-3.09,1,0.0386,0.0055,0.0,0.104,0.67,141.003,1,33,hannah montana,hannah montana / just like you,33,validation
gucci mane,freaky gurl,0,0.755,0.644,7,-2.464,1,0.0642,0.0172,0.0,0.193,0.742,147.019,1,34,gucci mane,gucci mane / freaky gurl,34,train
nick lachey,i cant hate you anymore,0,0.443,0.685,4,-6.325,1,0.0318,0.0838,0.0,0.0848,0.179,143.905,1,35,nick lachey,nick lachey / i cant hate you anymore,35,train
christina aguilera,bionic,1,0.422,0.933,2,-2.439,1,0.196,0.0654,0.0,0.382,0.854,175.99,1,36,christina aguilera,christina aguilera / bionic,36,train
beenie man,king of the dancehall,0,0.8,0.775,5,-6.762,0,0.102,0.309,0.0,0.0469,0.804,104.741,1,37,beenie man,beenie man / king of the dancehall,37,test
32 leaves,way beyond,0,0.366,0.642,11,-6.271,1,0.0326,0.000151,0.0,0.132,0.474,138.222,0,38,32 leaves,32 leaves / way beyond,38,train
bo bice,the real thing,0,0.494,0.87,2,-4.33,1,0.0413,0.0707,2.98e-05,0.0798,0.504,146.882,1,39,bo bice,bo bice / the real thing,39,validation
sheryl crow,the first cut is the deepest,1,0.498,0.68,2,-5.34,1,0.0332,0.0483,0.0,0.169,0.695,160.043,1,40,sheryl crow,sheryl crow / the first cut is the deepest,40,validation
james carter,strange fruit,0,0.228,0.477,0,-5.564,0,0.0363,0.176,0.00389,0.11,0.17,82.327,0,41,james carter,james carter / strange fruit,41,test
epmd,crossover,0,0.815,0.627,10,-10.438,0,0.275,0.0301,0.000144,0.148,0.644,101.437,1,42,epmd,epmd / crossover,42,test
alice in chains,lesson learned,0,0.44,0.95,1,-3.639,1,0.0533,9.27e-06,0.0077,0.112,0.323,108.023,0,43,alice in chains,alice in chains / lesson learned,43,train
aretha franklin,a rose is still a rose,0,0.631,0.793,8,-7.551,0,0.251,0.212,0.0,0.0441,0.826,175.814,1,44,aretha franklin,aretha franklin / a rose is still a rose,44,test
jimmy page,wailing sounds,0,0.397,0.841,0,-8.634,1,0.0629,0.519,0.00731,0.442,0.499,80.821,0,45,jimmy page,jimmy page / wailing sounds,45,train
mastodon,shadows that move,0,0.309,0.972,1,-3.889,1,0.127,1.02e-05,0.142,0.202,0.564,134.013,0,46,mastodon,mastodon / shadows that move,46,test
dolores keane,storm in my heart,0,0.232,0.415,5,-11.081,1,0.0457,0.913,0.000107,0.0954,0.213,188.424,0,47,dolores keane,dolores keane / storm in my heart,47,train
the statler brothers,white christmas,0,0.347,0.231,0,-11.845,1,0.0276,0.747,0.000284,0.364,0.292,99.707,0,48,the statler brothers,the statler brothers / white christmas,48,train
backstreet boys,just want you to know,1,0.709,0.555,2,-3.506,1,0.0348,0.000269,0.0,0.0804,0.638,106.0,1,49,backstreet boys,backstreet boys / just want you to know,49,train
kathy troccoli,never my love,1,0.38,0.354,7,-10.902,1,0.0322,0.588,2.71e-06,0.0661,0.207,169.426,0,50,kathy troccoli,kathy troccoli / never my love,50,validation
korn,make me bad,0,0.532,0.797,11,-6.889,0,0.0499,0.000192,0.0252,0.229,0.417,110.006,0,51,korn,korn / make me bad,51,train
montgomery gentry,my town,0,0.511,0.846,2,-6.677,1,0.0531,0.00258,0.0,0.0777,0.528,93.848,1,52,montgomery gentry,montgomery gentry / my town,52,validation
kanye west,school spirit skit 2,0,0.716,0.308,5,-12.629,1,0.925,0.334,0.0,0.215,0.83,128.412,0,53,kanye west,kanye west / school spirit skit 2,53,validation
brooks & dunn,the long goodbye,1,0.498,0.619,8,-5.939,1,0.0297,0.263,1.42e-05,0.108,0.569,145.384,1,54,brooks & dunn,brooks & dunn / the long goodbye,54,test
irma thomas,hold me while i cry,0,0.61,0.237,10,-13.617,1,0.0315,0.546,2.07e-06,0.19,0.0744,75.278,0,55,irma thomas,irma thomas / hold me while i cry,55,train
justin bieber,one less lonely girl,0,0.577,0.779,4,-4.404,1,0.221,0.151,0.0,0.471,0.716,86.985,1,56,justin bieber,justin bieber / one less lonely girl,56,train
glee cast,good vibrations,1,0.753,0.975,7,-4.621,1,0.104,0.00223,0.001,0.0229,0.585,122.001,1,57,glee cast,glee cast / good vibrations,57,train
moonspell,sacred,0,0.494,0.766,11,-7.706,1,0.0367,0.00129,0.18,0.185,0.238,120.03,0,58,moonspell,moonspell / sacred,58,train
janet,doesnt really matter,0,0.773,0.8,5,-2.875,0,0.0825,0.0791,0.00259,0.11,0.791,99.293,1,59,janet,janet / doesnt really matter,59,train
belle and sebastian,i could be dreaming,0,0.261,0.707,1,-9.291,1,0.0332,0.00293,1.13e-05,0.189,0.574,156.892,0,60,belle and sebastian,belle and sebastian / i could be dreaming,60,test
phil collins,both sides of the story,0,0.524,0.706,8,-6.91,1,0.0427,0.0383,0.000111,0.0737,0.425,127.645,1,61,phil collins,phil collins / both sides of the story,61,train
carl thomas,emotional,0,0.548,0.542,1,-8.435,0,0.0409,0.544,0.0,0.148,0.389,83.106,1,62,carl thomas,carl thomas / emotional,62,train
donell jones,u know whats up,1,0.854,0.543,8,-6.166,0,0.0844,0.0402,5.73e-05,0.0419,0.868,103.032,1,63,donell jones,donell jones / u know whats up,63,train
jason michael carroll,where im from,0,0.532,0.815,8,-5.834,1,0.0392,0.0301,0.0,0.0721,0.546,149.728,1,64,jason michael carroll,jason michael carroll / where im from,64,validation
paris hilton,stars are blind,0,0.745,0.695,2,-5.076,1,0.0271,0.00593,0.0,0.0615,0.519,102.014,1,65,paris hilton,paris hilton / stars are blind,65,test
photek,terminus,0,0.581,0.906,10,-7.805,0,0.0578,0.013,0.847,0.779,0.816,104.827,0,66,photek,photek / terminus,66,train
glenn frey,ive got mine,0,0.659,0.741,9,-9.582,0,0.0252,0.0105,0.11,0.0506,0.906,116.036,1,67,glenn frey,glenn frey / ive got mine,67,train
pascal sangla,une petite pause,0,0.536,0.272,9,-14.858,1,0.0281,0.511,0.873,0.0677,0.301,92.845,0,68,pascal sangla,pascal sangla / une petite pause,68,test
alice in chains,take her out,0,0.422,0.841,8,-4.829,1,0.0406,2.85e-05,0.000446,0.0621,0.513,97.063,0,69,alice in chains,alice in chains / take her out,43,train
phil vassar,in a real love,1,0.575,0.797,9,-5.2,1,0.0305,0.154,0.0,0.282,0.744,90.907,1,70,phil vassar,phil vassar / in a real love,70,train
dora the explorer,limbo rock,0,0.855,0.893,2,-5.162,1,0.146,0.21,0.0,0.0319,0.904,104.958,0,71,dora the explorer,dora the explorer / limbo rock,71,train
selena gomez & the scene,falling down,0,0.575,0.905,0,-3.411,1,0.0998,0.000164,1.66e-05,0.363,0.765,140.044,1,72,selena gomez & the scene,selena gomez & the scene / falling down,72,validation
architecture in helsinki,need to shout,0,0.602,0.606,9,-10.224,1,0.101,0.319,0.00102,0.361,0.53,139.877,0,73,architecture in helsinki,architecture in helsinki / need to shout,73,train
cargo cult,helium,0,0.635,0.725,8,-7.899,1,0.0337,0.112,0.497,0.0805,0.742,144.008,0,74,cargo cult,cargo cult / helium,74,validation
finest dearest,naming ceremony,0,0.657,0.747,6,-7.109,0,0.0345,0.126,0.0544,0.0992,0.366,121.043,0,75,finest dearest,finest dearest / naming ceremony,75,validation
poncho sanchez,ju ju,0,0.547,0.732,0,-9.164,1,0.036,0.464,0.774,0.0899,0.515,107.007,0,76,poncho sanchez,poncho sanchez / ju ju,76,test
rick astley,hopelessly,0,0.547,0.457,8,-9.872,1,0.0293,0.46,0.0,0.122,0.298,150.001,1,77,rick astley,rick astley / hopelessly,77,train
cobra killer,kick jump - part jump,0,0.406,0.66,6,-9.018,1,0.301,0.514,0.59,0.163,0.295,128.562,0,78,cobra killer,cobra killer / kick jump - part jump,78,test
glee cast,i look to you,1,0.465,0.423,6,-7.032,1,0.0291,0.761,3.86e-05,0.0663,0.0872,101.617,1,79,glee cast,glee cast / i look to you,57,train
marco beltrami,franks plea,0,0.29,0.162,9,-18.872,0,0.0441,0.869,0.734,0.18,0.137,60.141,0,80,marco beltrami,marco beltrami / franks plea,80,train
rod stewart,the motown song,1,0.654,0.837,9,-6.121,1,0.0455,0.155,0.0,0.113,0.778,116.0,1,81,rod stewart,rod stewart / the motown song,81,train
red hot chili peppers,by the way,0,0.451,0.97,0,-4.938,1,0.107,0.0264,0.00355,0.102,0.198,122.444,1,82,red hot chili peppers,red hot chili peppers / by the way,82,train
dead prez,be healthy,0,0.78,0.482,2,-8.6,0,0.321,0.461,0.0,0.217,0.669,85.978,0,83,dead prez,dead prez / be healthy,83,test
sheek louch,die slow,0,0.616,0.773,3,-4.557,0,0.385,0.0683,0.0,0.179,0.574,113.076,0,84,sheek louch,sheek louch / die slow,84,train
heart,will you be there (in the morning),0,0.553,0.743,9,-6.794,1,0.0281,0.0365,1.65e-05,0.194,0.528,166.499,1,85,heart,heart / will you be there (in the morning),85,train
keb mo,i am your mother too,0,0.434,0.247,7,-16.002,1,0.0436,0.747,0.00021,0.103,0.0675,173.334,0,86,keb mo,keb mo / i am your mother too,86,validation
metallica,enter sandman,0,0.579,0.824,6,-8.71,0,0.03,0.00206,0.00903,0.059,0.635,123.331,1,87,metallica,metallica / enter sandman,87,test
eazy-e,just tah let u know,0,0.736,0.741,8,-3.857,0,0.292,0.0645,0.0,0.137,0.579,92.65,1,88,eazy-e,eazy-e / just tah let u know,88,train
klaus badelt,severe severing,0,0.0877,0.155,9,-21.729,0,0.0393,0.767,0.93,0.107,0.0377,83.956,0,89,klaus badelt,klaus badelt / severe severing,89,train
ferras,hollywoods not america,0,0.478,0.617,5,-6.162,1,0.0343,0.244,0.0,0.131,0.598,156.058,1,90,ferras,ferras / hollywoods not america,90,train
gene chandler,festival of love,0,0.452,0.172,5,-15.0,1,0.0268,0.922,3.89e-06,0.313,0.566,93.488,0,91,gene chandler,gene chandler / festival of love,91,test
arturo sandoval,almendra,0,0.545,0.251,5,-13.524,1,0.101,0.776,0.848,0.0919,0.735,138.78,0,92,arturo sandoval,arturo sandoval / almendra,92,train
the killers,when you were young,1,0.467,0.988,11,-3.313,1,0.112,0.000152,0.0484,0.28,0.321,130.435,1,93,the killers,the killers / when you were young,93,train
eminem,lose yourself,1,0.698,0.732,2,-4.522,1,0.266,0.00704,0.000647,0.359,0.0689,171.431,1,94,eminem,eminem / lose yourself,94,validation
das efx,they want efx,0,0.755,0.459,5,-12.84,0,0.358,0.115,0.0,0.0851,0.597,98.454,1,95,das efx,das efx / they want efx,95,train
luscious jackson,naked eye,0,0.737,0.657,4,-10.962,0,0.0284,0.0863,0.0339,0.0953,0.76,131.022,1,96,luscious jackson,luscious jackson / naked eye,96,test
liquid soul,dysfunction,0,0.659,0.637,5,-8.793,0,0.0513,0.1,0.000308,0.328,0.549,91.929,0,97,liquid soul,liquid soul / dysfunction,97,validation
dixie chicks,long time gone,1,0.549,0.693,2,-5.572,1,0.0311,0.18,1.75e-06,0.153,0.819,170.241,1,98,dixie chicks,dixie chicks / long time gone,23,train
semisonic,if i run,0,0.5,0.803,9,-7.19,1,0.0293,5.61e-05,0.244,0.0772,0.533,92.963,0,99,semisonic,semisonic / if i run,99,train
otis spann,someday baby,0,0.614,0.462,2,-9.095,1,0.0327,0.255,2.13e-06,0.0748,0.731,113.786,0,100,otis spann,otis spann / someday baby,100,train
gwar,surf of syn,0,0.547,0.808,10,-7.225,0,0.0401,9e-05,0.818,0.0836,0.756,100.071,0,101,gwar,gwar / surf of syn,101,train
epmd,for my people,0,0.548,0.543,10,-9.755,0,0.299,0.00846,1.22e-06,0.397,0.38,92.913,0,102,epmd,epmd / for my people,42,test
daniel johnston,rock around the christmas tree,0,0.339,0.683,4,-6.468,1,0.0595,0.704,0.165,0.135,0.411,132.365,0,103,daniel johnston,daniel johnston / rock around the christmas tree,103,train
baroness,the sweetest curse,0,0.181,0.94,10,-7.737,0,0.101,0.000459,0.24,0.315,0.17,180.034,0,104,baroness,baroness / the sweetest curse,104,train
since the flood,all for nothing,0,0.208,0.994,6,-1.817,0,0.154,0.00424,0.0,0.0537,0.336,97.093,0,105,since the flood,since the flood / all for nothing,105,train
b.b. king,early in the morning,0,0.609,0.717,9,-6.925,1,0.0353,0.268,0.0,0.0768,0.679,84.2,0,106,b.b. king,b.b. king / early in the morning,106,train
mary j. blige,take me as i am,1,0.599,0.565,11,-4.663,0,0.0334,0.0663,0.0,0.207,0.576,82.251,1,107,mary j. blige,mary j. blige / take me as i am,107,test
breaking benjamin,the diary of jane,1,0.391,0.963,10,-4.378,0,0.0773,5.86e-05,0.0689,0.14,0.364,167.065,1,108,breaking benjamin,breaking benjamin / the diary of jane,108,validation
aaliyah,try again,1,0.635,0.841,1,-6.369,0,0.15,0.263,0.0,0.163,0.915,93.051,1,109,aaliyah,aaliyah / try again,109,train
garbage,only happy when it rains,1,0.472,0.875,8,-3.508,0,0.0406,6.42e-05,0.000634,0.123,0.485,121.467,1,110,garbage,garbage / only happy when it rains,110,train
jaheim,aint leavin without you,1,0.741,0.754,10,-5.899,0,0.247,0.151,0.0,0.265,0.819,98.929,1,111,jaheim,jaheim / aint leavin without you,111,train
luther vandross,dont want to be a fool,1,0.632,0.576,7,-8.345,1,0.0234,0.482,0.0,0.151,0.323,95.321,1,112,luther vandross,luther vandross / dont want to be a fool,112,train
vangelis,procession,0,0.528,0.354,2,-18.476,1,0.0307,0.0577,0.225,0.0929,0.226,59.883,0,113,vangelis,vangelis / procession,113,test
les malpolis,les psys,0,0.683,0.535,5,-7.033,0,0.265,0.43,0.0,0.0867,0.868,84.076,0,114,les malpolis,les malpolis / les psys,114,test
uncle kracker,smile,1,0.541,0.812,4,-3.764,1,0.0336,0.203,0.0,0.42,0.607,141.056,1,115,uncle kracker,uncle kracker / smile,115,validation
abijah,children of love,0,0.469,0.15,2,-17.682,1,0.0546,0.097,0.0,0.344,0.318,163.645,0,116,abijah,abijah / children of love,116,train
m83,you appearing,0,0.341,0.22,2,-11.513,1,0.0299,0.789,0.592,0.161,0.204,97.454,0,117,m83,m83 / you appearing,117,train
salt-n-pepa,none of your business,0,0.765,0.569,6,-9.511,1,0.478,0.191,0.0,0.0586,0.747,197.89,1,118,salt-n-pepa,salt-n-pepa / none of your business,118,train
saigon kick,the way,1,0.576,0.449,1,-8.764,0,0.0287,0.085,0.0,0.119,0.0552,129.323,0,119,saigon kick,saigon kick / the way,119,train
andy & lucas,hasta los huesos,0,0.713,0.76,9,-6.704,1,0.0579,0.696,0.0,0.364,0.819,140.121,0,120,andy & lucas,andy & lucas / hasta los huesos,120,test
puddle of mudd,drift & die,0,0.424,0.853,11,-4.291,1,0.0378,0.00888,0.0,0.105,0.354,96.034,1,121,puddle of mudd,puddle of mudd / drift & die,121,train
suicide,do it nice,0,0.546,0.802,4,-12.971,1,0.0358,0.854,0.663,0.184,0.0568,130.721,0,122,suicide,suicide / do it nice,122,train
shakira,donde estas corazon,0,0.743,0.78,7,-9.212,1,0.0722,0.0635,0.0,0.126,0.597,109.044,0,123,shakira,shakira / donde estas corazon,123,test
mons leidvin takle,blott en dag,0,0.364,0.205,7,-13.061,1,0.0337,0.685,0.892,0.0999,0.124,92.701,0,124,mons leidvin takle,mons leidvin takle / blott en dag,124,validation
broadcast,michael a grammar,0,0.372,0.632,7,-9.535,1,0.0505,0.274,0.134,0.155,0.777,131.409,0,125,broadcast,broadcast / michael a grammar,125,train
roger creager,all for the sake of the song,0,0.569,0.359,0,-9.188,1,0.0247,0.323,3.28e-06,0.119,0.368,80.979,0,126,roger creager,roger creager / all for the sake of the song,126,validation
orbital,illuminate,0,0.597,0.837,5,-6.382,1,0.0385,0.000863,0.0,0.107,0.531,125.971,0,127,orbital,orbital / illuminate,127,validation
joe bonamassa,so many roads,0,0.29,0.756,5,-5.408,0,0.039,0.0114,0.148,0.0947,0.546,146.458,0,128,joe bonamassa,joe bonamassa / so many roads,128,train
montgomery gentry,something to be proud of,1,0.645,0.693,0,-6.481,1,0.0344,0.0811,1.22e-05,0.175,0.553,97.555,1,129,montgomery gentry,montgomery gentry / something to be proud of,52,validation
desmond child,love on a rooftop,0,0.613,0.754,3,-8.128,1,0.031,0.179,1.59e-06,0.211,0.662,107.967,1,130,desmond child,desmond child / love on a rooftop,130,train
system of a down,war?,0,0.365,0.939,8,-3.523,1,0.0831,0.0831,5.58e-05,0.0947,0.527,98.646,0,131,system of a down,system of a down / war?,131,train
jefferson starship,let me fly,0,0.421,0.732,2,-11.702,1,0.0563,0.0643,2.57e-06,0.7,0.647,130.251,0,132,jefferson starship,jefferson starship / let me fly,132,test
bill perry,man  on the side,0,0.282,0.652,9,-6.353,0,0.0299,0.119,0.373,0.35,0.432,109.106,0,133,bill perry,bill perry / man on the side,133,test
kill the client,dog tagged,0,0.157,0.998,7,-2.671,1,0.223,1.59e-06,0.949,0.187,0.0395,133.92,0,134,kill the client,kill the client / dog tagged,134,validation
milk inc.,nothing to you,0,0.651,0.81,9,-7.377,0,0.033,0.166,0.113,0.236,0.495,140.001,0,135,milk inc.,milk inc. / nothing to you,135,train
storyville,enough,0,0.738,0.78,0,-6.491,1,0.0257,0.0478,0.000315,0.0903,0.815,109.021,0,136,storyville,storyville / enough,136,validation
ugly kid joe,everything about you,0,0.494,0.817,1,-8.409,1,0.0516,0.00878,2.26e-06,0.0958,0.755,122.671,1,137,ugly kid joe,ugly kid joe / everything about you,137,train
eric champion,why do we do?,0,0.64,0.713,5,-9.89,0,0.0415,0.0225,0.00315,0.098,0.737,115.604,0,138,eric champion,eric champion / why do we do?,138,validation
radio birdman,zeno beach,0,0.318,0.912,1,-4.886,0,0.0437,0.00022,0.0428,0.0867,0.474,99.946,0,139,radio birdman,radio birdman / zeno beach,139,train
sugarbomb,gone,0,0.562,0.92,2,-4.954,1,0.0426,7.62e-05,2.34e-06,0.244,0.538,139.795,0,140,sugarbomb,sugarbomb / gone,140,train
remy shand,the second one,0,0.639,0.753,10,-6.062,0,0.0719,0.217,0.0,0.244,0.842,89.004,0,141,remy shand,remy shand / the second one,141,test
kenny g,auld lang syne,0,0.16,0.296,0,-11.86,1,0.0348,0.111,0.847,0.101,0.0388,62.33,1,142,kenny g,kenny g / auld lang syne,142,validation
steel pulse,we can do it,0,0.759,0.535,10,-11.998,1,0.0573,0.0826,0.0,0.102,0.753,145.8,0,143,steel pulse,steel pulse / we can do it,143,validation
u2,kite live from sydney,1,0.477,0.588,3,-7.669,1,0.0283,0.114,0.00361,0.977,0.178,133.968,0,144,u2,u2 / kite live from sydney,144,train
eyes set to kill,play the part,0,0.41,0.997,8,-3.862,1,0.152,0.00157,0.0,0.16,0.256,194.998,0,145,eyes set to kill,eyes set to kill / play the part,145,test
alice deejay,better off alone,0,0.674,0.772,8,-9.69,0,0.0659,0.00352,0.8,0.256,0.762,136.969,1,146,alice deejay,alice deejay / better off alone,146,train
backstreet boys,all i have to give,0,0.731,0.574,1,-7.114,1,0.029,0.0644,0.0,0.0675,0.392,95.995,1,147,backstreet boys,backstreet boys / all i have to give,49,train
flora purim,latinas,0,0.116,0.0926,4,-20.512,1,0.0384,0.937,0.0353,0.215,0.0524,77.179,0,148,flora purim,flora purim / latinas,148,test
kitaro,quasar,0,0.445,0.758,9,-10.697,0,0.0311,0.00719,0.19,0.634,0.367,94.733,0,149,kitaro,kitaro / quasar,149,validation
jomanda,got a love for you,0,0.708,0.604,6,-13.591,0,0.0437,4.18e-05,0.639,0.0489,0.632,119.9,1,150,jomanda,jomanda / got a love for you,150,validation
dave hollister,tell me why,1,0.486,0.574,6,-7.087,1,0.0436,0.3,0.0,0.137,0.3,119.751,0,151,dave hollister,dave hollister / tell me why,151,train
heavy d & the boyz,black coffee,0,0.857,0.519,9,-15.684,0,0.192,0.00651,0.00859,0.04,0.743,98.067,1,152,heavy d & the boyz,heavy d & the boyz / black coffee,152,test
bedrock,emerald,0,0.57,0.959,5,-6.579,0,0.059,8.07e-05,0.878,0.149,0.54,130.001,0,153,bedrock,bedrock / emerald,153,test
george strait,living for the night,1,0.429,0.454,1,-6.495,1,0.0246,0.62,0.00148,0.123,0.288,78.209,1,154,george strait,george strait / living for the night,154,train
duran duran,electric barbarella,1,0.51,0.903,0,-6.811,1,0.045,7.37e-05,0.0358,0.34,0.559,129.092,1,155,duran duran,duran duran / electric barbarella,155,validation
the cardigans,paralyzed,0,0.543,0.627,2,-7.348,0,0.0359,0.00163,0.027,0.135,0.165,145.278,0,156,the cardigans,the cardigans / paralyzed,156,train
mando diao,all my senses,0,0.474,0.683,6,-4.5,0,0.0296,0.00876,5.61e-05,0.233,0.377,119.224,0,157,mando diao,mando diao / all my senses,157,train
lifehouse,simon,0,0.445,0.705,8,-7.05,0,0.0404,0.244,2.47e-06,0.0552,0.19,141.856,0,158,lifehouse,lifehouse / simon,158,validation
5th ward boyz,studio gangster,0,0.784,0.912,6,-5.891,0,0.313,0.147,0.0,0.243,0.794,82.859,0,159,5th ward boyz,5th ward boyz / studio gangster,159,test
mika,grace kelly,1,0.678,0.847,0,-5.825,1,0.0519,0.0219,0.0329,0.373,0.601,122.287,1,160,mika,mika / grace kelly,160,train
ne-yo,sexy love,0,0.622,0.503,8,-6.417,1,0.0433,0.265,0.000473,0.0596,0.58,93.984,1,161,ne-yo,ne-yo / sexy love,161,test
connie smith,if i talk to him,0,0.516,0.395,10,-10.195,1,0.0373,0.721,0.0,0.078,0.772,141.613,0,162,connie smith,connie smith / if i talk to him,162,test
karyn white,the way i feel about you,0,0.673,0.888,1,-7.056,1,0.0364,0.261,0.000134,0.234,0.801,110.772,1,163,karyn white,karyn white / the way i feel about you,163,validation
en vogue,"give it up, turn it loose",0,0.836,0.58,1,-8.778,1,0.0692,0.19,0.000271,0.0379,0.939,93.015,1,164,en vogue,"en vogue / give it up, turn it loose",164,train
master p,souljas,1,0.935,0.75,11,-5.113,0,0.251,0.039,0.0,0.18,0.451,99.873,1,165,master p,master p / souljas,165,validation
rhian sheehan,untitled,0,0.598,0.287,5,-17.419,1,0.676,0.511,0.0,0.114,0.573,78.915,0,166,rhian sheehan,rhian sheehan / untitled,166,validation
domino,physical funk,0,0.755,0.621,9,-7.384,1,0.394,0.00965,0.0,0.0927,0.621,99.453,1,167,domino,domino / physical funk,167,train
mis-teeq,scandalous,0,0.734,0.668,0,-3.935,0,0.0349,0.0526,0.0,0.0925,0.651,99.971,1,168,mis-teeq,mis-teeq / scandalous,168,validation
paul brown,old friends,0,0.737,0.446,7,-9.029,0,0.0361,0.646,0.329,0.316,0.611,91.989,0,169,paul brown,paul brown / old friends,169,train
russell malone,sugar buzz,0,0.396,0.494,8,-13.137,1,0.0406,0.805,0.816,0.264,0.717,115.62,0,170,russell malone,russell malone / sugar buzz,170,train
brown boy,superman,0,0.667,0.468,9,-8.839,0,0.108,0.337,0.0,0.239,0.423,77.992,1,171,brown boy,brown boy / superman,171,test
black sheep,the choice is yours,0,0.847,0.684,10,-12.048,0,0.248,0.0403,0.0,0.0781,0.688,101.277,1,172,black sheep,black sheep / the choice is yours,172,validation
the presets,if i know you,0,0.674,0.645,9,-4.687,0,0.0449,0.259,1.11e-06,0.0846,0.339,128.981,0,173,the presets,the presets / if i know you,13,test
temple of the dog,hunger strike,0,0.369,0.613,7,-10.847,1,0.0335,0.025,4.96e-06,0.101,0.338,137.793,0,174,temple of the dog,temple of the dog / hunger strike,174,train
mya featuring jadakiss,best of me,0,0.676,0.727,9,-8.633,0,0.14,0.155,0.0,0.0629,0.646,86.695,1,175,mya featuring jadakiss,mya featuring jadakiss / best of me,175,train
blue october,blue skies,1,0.642,0.963,7,-6.915,1,0.154,0.048,0.0,0.178,0.417,116.884,0,176,blue october,blue october / blue skies,176,test
kris allen,no boundaries,0,0.449,0.789,3,-3.114,1,0.0351,0.00357,0.0,0.0816,0.251,141.922,1,177,kris allen,kris allen / no boundaries,177,validation
jordan & baker,explode (epic extended mix),0,0.683,0.954,3,-8.565,0,0.0498,0.000218,0.854,0.329,0.214,138.991,0,178,jordan & baker,jordan & baker / explode (epic extended mix),178,validation
onerepublic,secrets,1,0.515,0.767,2,-6.199,1,0.0352,0.098,0.0,0.121,0.38,148.024,1,179,onerepublic,onerepublic / secrets,179,test
bob dylan,trying to get to heaven,0,0.481,0.479,3,-13.366,1,0.0325,0.476,0.00105,0.271,0.552,95.274,0,180,bob dylan,bob dylan / trying to get to heaven,180,train
coldplay,one i love,0,0.441,0.776,2,-6.661,1,0.0356,0.109,0.504,0.365,0.367,134.008,0,181,coldplay,coldplay / one i love,181,test
aaliyah,i dont wanna,1,0.705,0.572,9,-5.603,0,0.0349,0.537,0.0,0.226,0.653,129.999,1,182,aaliyah,aaliyah / i dont wanna,109,train
mario,how could you,0,0.843,0.48,11,-7.031,0,0.143,0.0468,0.0,0.081,0.743,122.005,1,183,mario,mario / how could you,183,train
emerson drive,i should be sleeping,0,0.496,0.895,8,-4.027,1,0.147,0.205,0.0,0.0626,0.654,164.363,1,184,emerson drive,emerson drive / i should be sleeping,184,train
beherit,lord of shadows and golden wood,0,0.205,0.383,4,-19.714,1,0.0649,0.281,0.915,0.107,0.0365,130.655,0,185,beherit,beherit / lord of shadows and golden wood,185,train
jeff scott soto,if this is the end,0,0.499,0.59,0,-6.612,0,0.0265,0.0115,4.37e-06,0.0815,0.266,105.873,0,186,jeff scott soto,jeff scott soto / if this is the end,186,train
steinski,silent partner (peace out),0,0.658,0.425,2,-17.873,0,0.299,0.671,5.9e-06,0.387,0.445,102.499,0,187,steinski,steinski / silent partner (peace out),22,validation
ludacris,act a fool,1,0.568,0.904,0,-2.497,1,0.349,0.221,0.0,0.22,0.799,109.331,1,188,ludacris,ludacris / act a fool,188,train
dark fortress,the silver gate,0,0.425,0.958,2,-3.671,1,0.077,0.000133,0.419,0.587,0.0655,116.483,0,189,dark fortress,dark fortress / the silver gate,189,train
nirvana,come as you are,0,0.505,0.825,4,-5.721,0,0.0401,0.000182,0.000948,0.0855,0.541,119.987,1,190,nirvana,nirvana / come as you are,190,train
roxette,sleeping in my car,1,0.507,0.847,6,-3.806,1,0.036,0.00963,0.0,0.146,0.564,135.232,1,191,roxette,roxette / sleeping in my car,191,train
cypress hill,throw your set in the air,1,0.776,0.731,9,-12.264,1,0.43,0.0945,0.000274,0.318,0.485,92.394,1,192,cypress hill,cypress hill / throw your set in the air,192,train
the cardigans,iron man,0,0.55,0.359,5,-9.716,1,0.0323,0.0052,0.00175,0.0935,0.573,137.669,0,193,the cardigans,the cardigans / iron man,156,train
geggy tah,special someone,0,0.752,0.49,5,-10.006,1,0.0358,0.128,0.00151,0.121,0.635,103.048,0,194,geggy tah,geggy tah / special someone,194,train
aaron watson,sweet contradiction,0,0.331,0.68,9,-9.059,1,0.0335,0.227,7.37e-05,0.109,0.671,92.277,0,195,aaron watson,aaron watson / sweet contradiction,3,train
annie lennox,a whiter shade of pale,0,0.521,0.583,0,-8.451,1,0.0274,0.399,0.00174,0.347,0.353,146.009,0,196,annie lennox,annie lennox / a whiter shade of pale,196,train
the cover girls,funk boutique,0,0.627,0.859,6,-10.152,0,0.0394,0.00831,0.344,0.0744,0.679,115.774,1,197,the cover girls,the cover girls / funk boutique,197,train
orquesta america,boda de oro,0,0.539,0.319,2,-9.762,0,0.0349,0.794,0.0878,0.213,0.361,110.452,0,198,orquesta america,orquesta america / boda de oro,198,train
inxs,not enough time,1,0.668,0.727,2,-5.679,1,0.0414,0.0447,0.0104,0.45,0.287,96.006,1,199,inxs,inxs / not enough time,199,test
genesis,hold on my heart,1,0.465,0.365,5,-12.633,0,0.0295,0.618,0.0113,0.0747,0.265,171.904,1,200,genesis,genesis / hold on my heart,200,train
elephant man,jook gal (wine wine),0,0.949,0.746,1,-7.062,1,0.198,0.131,0.0,0.049,0.963,119.894,1,201,elephant man,elephant man / jook gal (wine wine),201,train
boss,deeper,0,0.592,0.847,4,-6.513,0,0.336,0.0564,0.0,0.386,0.653,83.324,1,202,boss,boss / deeper,202,train
billy dean,let them be little,0,0.54,0.516,1,-5.221,1,0.0246,0.266,0.0,0.204,0.285,135.9,1,203,billy dean,billy dean / let them be little,203,train
stephen marley / damian marley,the traffic jam,0,0.824,0.641,9,-7.099,1,0.402,0.433,0.0,0.0755,0.73,94.943,0,204,stephen marley / damian marley,stephen marley / damian marley / the traffic jam,204,train
tim mcgraw,one of these days,1,0.478,0.267,3,-12.184,1,0.0305,0.88,0.00017,0.197,0.289,71.334,1,205,tim mcgraw,tim mcgraw / one of these days,205,validation
nofx,we march to the beat of indifferent drum,0,0.242,0.983,7,-4.656,1,0.0702,0.000127,0.0072,0.338,0.514,96.153,0,206,nofx,nofx / we march to the beat of indifferent drum,206,validation
laurie berkner,the cookie bakers of the night,0,0.64,0.174,5,-15.133,1,0.0781,0.86,2.9e-05,0.0851,0.601,143.08,0,207,laurie berkner,laurie berkner / the cookie bakers of the night,207,train
autumnblaze,haughtiness and puerile dreams,0,0.325,0.931,2,-5.809,1,0.0526,4.15e-06,0.784,0.313,0.351,160.025,0,208,autumnblaze,autumnblaze / haughtiness and puerile dreams,208,validation
jay & the americans,livin above your head,0,0.602,0.566,0,-10.499,1,0.0349,0.683,0.0,0.557,0.87,125.157,0,209,jay & the americans,jay & the americans / livin above your head,209,train
otis taylor,hungry people,0,0.519,0.426,0,-10.033,1,0.0437,0.852,0.011,0.124,0.475,125.338,0,210,otis taylor,otis taylor / hungry people,210,train
the hives,hate to say i told you so,0,0.451,0.929,5,-5.021,1,0.0549,0.00109,0.00785,0.442,0.378,135.767,1,211,the hives,the hives / hate to say i told you so,211,train
mark wills,back at one,0,0.621,0.475,11,-9.341,1,0.0265,0.187,0.0,0.0609,0.319,129.891,1,212,mark wills,mark wills / back at one,212,test
the ataris,whatever lies will help you rest,0,0.313,0.92,7,-4.941,1,0.0662,0.00488,4.39e-05,0.406,0.279,152.237,0,213,the ataris,the ataris / whatever lies will help you rest,213,train
faith evans,you gets no love,0,0.749,0.677,5,-3.502,0,0.125,0.211,0.0,0.196,0.917,96.872,1,214,faith evans,faith evans / you gets no love,214,train
m.i.k.e.,hollow dream,0,0.619,0.365,6,-11.311,1,0.0649,0.0029,0.932,0.0734,0.277,134.991,0,215,m.i.k.e.,m.i.k.e. / hollow dream,215,train
jack ingram,barefoot and crazy,0,0.582,0.908,7,-5.641,1,0.0481,0.000406,0.0012,0.371,0.577,116.986,1,216,jack ingram,jack ingram / barefoot and crazy,216,train
billy bragg,loving you too long,0,0.558,0.488,7,-7.098,1,0.046,0.538,0.001,0.115,0.547,82.588,0,217,billy bragg,billy bragg / loving you too long,217,train
shedaisy,lucky 4 you (tonight im just me),1,0.547,0.743,7,-6.353,1,0.0317,0.182,0.0,0.399,0.437,148.166,1,218,shedaisy,shedaisy / lucky 4 you (tonight im just me),218,train
mindy mccready,be with me,1,0.41,0.653,2,-8.401,1,0.0462,0.378,7.72e-06,0.349,0.566,177.763,0,219,mindy mccready,mindy mccready / be with me,219,train
the click five,just the girl,0,0.571,0.89,9,-1.6,1,0.0395,0.00509,0.0,0.0769,0.751,110.958,1,220,the click five,the click five / just the girl,220,train
tim exile,fortress,0,0.624,0.788,1,-6.755,1,0.0896,0.141,0.0917,0.0981,0.369,109.996,0,221,tim exile,tim exile / fortress,221,validation
foo fighters,if ever,1,0.417,0.217,9,-7.639,1,0.0373,0.0233,0.0635,0.0644,0.119,152.49,0,222,foo fighters,foo fighters / if ever,222,test
"clarence gatemouth"" brown""",someday my luck will change,0,0.538,0.334,10,-9.371,1,0.0324,0.439,0.0332,0.0924,0.288,177.148,0,223,"clarence gatemouth"" brown""","clarence gatemouth"" brown"" / someday my luck will change",223,validation
martina mcbride,whatever you say,1,0.456,0.649,8,-6.157,1,0.0265,0.0323,4.02e-06,0.0461,0.0763,152.957,1,224,martina mcbride,martina mcbride / whatever you say,224,test
mariah carey,outside,1,0.329,0.392,7,-8.047,1,0.0311,0.689,3.93e-05,0.108,0.0534,111.806,0,225,mariah carey,mariah carey / outside,225,train
eric champion,dress me up,0,0.532,0.922,2,-7.887,1,0.0644,0.0462,0.000755,0.6,0.694,122.843,0,226,eric champion,eric champion / dress me up,138,validation
mouth of the architect,harboring an apparition,0,0.421,0.86,8,-7.335,1,0.0387,0.000143,0.901,0.137,0.0399,125.047,0,227,mouth of the architect,mouth of the architect / harboring an apparition,227,train
belle and sebastian,like dylan in the movies,0,0.505,0.444,1,-12.672,0,0.0279,0.319,0.000133,0.147,0.625,157.899,0,228,belle and sebastian,belle and sebastian / like dylan in the movies,60,test
primordial,empire falls,0,0.174,0.836,2,-6.377,1,0.0674,3.13e-05,0.398,0.218,0.0441,120.365,0,229,primordial,primordial / empire falls,229,train
moist,far beyond the endless,0,0.476,0.56,4,-10.221,0,0.0392,0.00646,0.502,0.166,0.0676,105.653,0,230,moist,moist / far beyond the endless,230,validation
urge overkill,crackbabies,0,0.378,0.96,7,-6.463,1,0.0606,0.000244,0.0957,0.584,0.262,152.364,0,231,urge overkill,urge overkill / crackbabies,231,train
u2,stuck in a moment you cant get out of,1,0.531,0.653,4,-4.866,1,0.024,0.351,9.7e-05,0.117,0.331,158.498,1,232,u2,u2 / stuck in a moment you cant get out of,144,train
queen latifah,u.n.i.t.y.,0,0.672,0.758,4,-4.18,0,0.359,0.00473,1.2e-06,0.326,0.493,94.312,1,233,queen latifah,queen latifah / u.n.i.t.y.,233,train
jake hess,i know where i am now,0,0.606,0.327,3,-14.314,1,0.0554,0.835,5.03e-05,0.834,0.341,99.866,0,234,jake hess,jake hess / i know where i am now,234,train
foo fighters,still,1,0.713,0.296,5,-12.928,1,0.0303,0.585,0.784,0.0911,0.183,110.696,0,235,foo fighters,foo fighters / still,222,test
99 posse,salario garantito (versione strumentale),0,0.721,0.546,10,-14.461,0,0.09,3.26e-05,0.861,0.0787,0.83,82.876,0,236,99 posse,99 posse / salario garantito (versione strumentale),236,train
liars,leather prowler,0,0.389,0.867,8,-8.483,0,0.113,0.53,0.745,0.187,0.115,143.568,0,237,liars,liars / leather prowler,237,test
the ataris,secret handshakes,0,0.244,0.636,11,-3.799,0,0.0393,0.0191,0.000225,0.482,0.402,135.201,0,238,the ataris,the ataris / secret handshakes,213,train
vivian green,emotional rollercoaster,0,0.692,0.562,6,-6.034,0,0.0924,0.0973,0.0,0.304,0.504,122.937,1,239,vivian green,vivian green / emotional rollercoaster,239,train
lionel richie,i call it love,1,0.671,0.763,8,-4.071,1,0.189,0.495,0.0,0.11,0.481,91.986,1,240,lionel richie,lionel richie / i call it love,240,test
50 cent,the invitation,1,0.409,0.951,6,-2.505,0,0.467,0.0348,0.0,0.0709,0.422,83.853,1,241,50 cent,50 cent / the invitation,241,validation
noemi,per colpa tua,0,0.612,0.921,0,-2.633,1,0.0594,0.00345,0.0,0.181,0.644,144.029,0,242,noemi,noemi / per colpa tua,242,validation
dawn penn,"you dont love me (no, no, no)",0,0.811,0.428,7,-10.728,1,0.221,0.0122,0.317,0.344,0.653,80.962,1,243,dawn penn,"dawn penn / you dont love me (no, no, no)",243,train
teairra mari,make her feel good,0,0.82,0.67,2,-9.422,1,0.197,0.0163,0.000398,0.189,0.535,90.522,1,244,teairra mari,teairra mari / make her feel good,244,validation
kristine w.,save my soul (cypher uk radio edit),0,0.745,0.942,6,-4.646,0,0.0634,0.0125,0.000566,0.272,0.712,129.972,0,245,kristine w.,kristine w. / save my soul (cypher uk radio edit),245,train
the pharcyde,italian for goodbye (skit),0,0.0,0.313,6,-16.433,1,0.0,0.94,8.58e-06,0.0876,0.0,0.0,0,246,the pharcyde,the pharcyde / italian for goodbye (skit),246,train
robin s.,love for love,0,0.769,0.707,0,-8.862,1,0.0426,0.000301,0.0245,0.0478,0.93,117.954,1,247,robin s.,robin s. / love for love,247,train
madonna,give it 2 me,1,0.837,0.954,8,-3.512,0,0.0414,0.0933,0.000405,0.143,0.972,127.019,1,248,madonna,madonna / give it 2 me,248,validation
gertrudis,oye,0,0.824,0.931,9,-4.912,0,0.0523,0.205,0.0,0.303,0.816,115.942,0,249,gertrudis,gertrudis / oye,249,train
taylor swift,never grow up,1,0.714,0.305,2,-8.837,1,0.0305,0.819,0.0,0.174,0.554,124.91,1,250,taylor swift,taylor swift / never grow up,250,train
sting,let your soul be your pilot,1,0.64,0.578,10,-8.372,1,0.0228,0.405,0.000801,0.108,0.566,96.032,1,251,sting,sting / let your soul be your pilot,251,train
rascal flatts,things that matter,1,0.56,0.455,8,-7.652,1,0.028,0.259,0.000576,0.0857,0.254,126.045,1,252,rascal flatts,rascal flatts / things that matter,252,train
the ataris,the hero dies in this one,0,0.447,0.876,2,-4.504,1,0.0403,0.000841,4.12e-05,0.104,0.467,145.774,0,253,the ataris,the ataris / the hero dies in this one,213,train
michael jackson,blood on the dance floor,1,0.807,0.741,1,-4.472,1,0.083,0.0135,0.0316,0.06,0.558,108.989,1,254,michael jackson,michael jackson / blood on the dance floor,254,test
beyonce,halo,1,0.508,0.72,11,-5.908,0,0.0628,0.272,0.0,0.0563,0.472,79.983,1,255,beyonce,beyonce / halo,255,train
kenny rogers,where does rosie go?,1,0.492,0.692,5,-12.921,1,0.0421,0.563,5e-05,0.252,0.857,153.354,0,256,kenny rogers,kenny rogers / where does rosie go?,256,validation
usher,nice & slow,1,0.819,0.299,5,-11.964,0,0.122,0.153,0.0,0.3,0.515,121.913,1,257,usher,usher / nice & slow,257,train
gary allan,smoke rings in the dark,1,0.544,0.498,11,-9.984,0,0.0279,0.353,0.0117,0.125,0.106,114.984,1,258,gary allan,gary allan / smoke rings in the dark,258,validation
rakim,skit,0,0.657,0.113,1,-17.855,1,0.406,0.534,0.0,0.118,0.966,77.915,0,259,rakim,rakim / skit,259,train
stevie wonder,for your love,0,0.683,0.541,2,-10.457,1,0.0367,0.0987,0.0,0.316,0.315,133.838,1,260,stevie wonder,stevie wonder / for your love,260,train
semisonic,secret smile,0,0.551,0.516,10,-9.587,0,0.027,0.289,0.00015,0.0853,0.547,99.045,0,261,semisonic,semisonic / secret smile,99,train
zac brown band,chicken fried,1,0.566,0.713,6,-4.25,1,0.0417,0.645,0.0,0.114,0.807,169.864,1,262,zac brown band,zac brown band / chicken fried,262,train
steve perry,you better wait,0,0.348,0.924,7,-3.048,1,0.0945,0.236,0.0,0.102,0.0869,114.117,1,263,steve perry,steve perry / you better wait,263,train
gal costa,wave,0,0.552,0.3,7,-22.043,1,0.0392,0.859,0.878,0.103,0.902,144.862,0,264,gal costa,gal costa / wave,264,train
inxs,beautiful girl,1,0.675,0.666,11,-6.067,1,0.027,0.0187,0.692,0.112,0.434,120.558,1,265,inxs,inxs / beautiful girl,199,test
micachu,just in case,0,0.564,0.618,4,-8.339,0,0.146,0.738,0.0,0.173,0.869,110.804,0,266,micachu,micachu / just in case,266,train
wyclef jean,midnight lovers,0,0.0,0.656,6,-13.507,1,0.0,0.601,0.0,0.0,0.0,0.0,0,267,wyclef jean,wyclef jean / midnight lovers,267,train
bebo norman,borrow mine,0,0.451,0.685,1,-5.347,1,0.0283,0.00374,3.67e-05,0.144,0.436,144.08,0,268,bebo norman,bebo norman / borrow mine,268,train
r.l. burnside,rollin and tumblin,0,0.704,0.444,7,-7.746,1,0.0386,0.793,0.0399,0.318,0.39,111.91,0,269,r.l. burnside,r.l. burnside / rollin and tumblin,269,test
toby keith,bullets in the gun,1,0.611,0.787,9,-5.957,1,0.073,0.308,1.24e-05,0.0835,0.428,120.099,1,270,toby keith,toby keith / bullets in the gun,270,train
shaquille oneal,biological didnt bother,1,0.825,0.494,4,-9.413,0,0.201,0.283,0.00204,0.151,0.643,84.854,1,271,shaquille oneal,shaquille oneal / biological didnt bother,271,test
3 doors down,sarah yellin,1,0.537,0.869,11,-5.163,1,0.0355,9.28e-05,4.35e-06,0.311,0.46,123.966,0,272,3 doors down,3 doors down / sarah yellin,272,train
darden smith,mill creek,0,0.736,0.344,5,-14.241,1,0.03,0.75,0.0642,0.117,0.439,120.009,0,273,darden smith,darden smith / mill creek,273,test
danielle bollinger,kiss the sky,0,0.632,0.827,4,-9.765,0,0.0341,0.00299,0.0,0.202,0.713,133.993,0,274,danielle bollinger,danielle bollinger / kiss the sky,274,train
janet jackson,i want you,1,0.645,0.836,3,-5.558,1,0.0382,0.201,0.0207,0.156,0.681,105.741,1,275,janet jackson,janet jackson / i want you,275,train
luke bryan,what country is,1,0.562,0.772,10,-4.068,1,0.0362,0.0932,0.0,0.0873,0.77,148.126,0,276,luke bryan,luke bryan / what country is,276,train
nick jonas & the administration,state of emergency,0,0.617,0.793,6,-4.383,1,0.0342,0.0743,4.97e-06,0.209,0.793,92.173,0,277,nick jonas & the administration,nick jonas & the administration / state of emergency,277,test
tex williams,wild card,0,0.707,0.567,0,-10.481,1,0.0913,0.535,7.08e-05,0.327,0.971,149.906,0,278,tex williams,tex williams / wild card,278,train
liquid stranger,we meet at last,0,0.699,0.763,5,-11.795,1,0.0327,0.213,0.889,0.0687,0.772,139.992,0,279,liquid stranger,liquid stranger / we meet at last,279,validation
leann rimes,blue,0,0.545,0.452,4,-8.604,1,0.0248,0.595,1.29e-06,0.161,0.297,91.294,1,280,leann rimes,leann rimes / blue,280,train
dave eggar,dream of ice,0,0.374,0.0404,4,-27.677,1,0.0591,0.995,0.911,0.108,0.157,117.393,0,281,dave eggar,dave eggar / dream of ice,281,train
grand puba,i like it (i wanna be where you are),0,0.865,0.641,10,-6.652,0,0.162,0.0611,0.000107,0.218,0.762,95.307,1,282,grand puba,grand puba / i like it (i wanna be where you are),282,train
finntroll,kitteldags,0,0.442,0.916,6,-5.641,0,0.104,7.87e-06,0.00156,0.397,0.787,111.036,0,283,finntroll,finntroll / kitteldags,283,train
wisin & yandel,rakata,0,0.743,0.787,1,-5.402,1,0.262,0.0352,0.0,0.0732,0.719,192.117,1,284,wisin & yandel,wisin & yandel / rakata,284,train
firehouse,rock on the radio,0,0.534,0.787,1,-10.579,0,0.0429,0.000132,0.0025,0.366,0.319,83.896,0,285,firehouse,firehouse / rock on the radio,285,test
mau mau,balon combo,0,0.657,0.929,11,-7.104,0,0.0757,0.124,0.0,0.0932,0.885,97.862,0,286,mau mau,mau mau / balon combo,286,train
nina sky featuring jabba,move ya body,0,0.898,0.744,11,-5.062,0,0.12,0.152,0.0,0.156,0.901,120.979,1,287,nina sky featuring jabba,nina sky featuring jabba / move ya body,287,validation
dwele,find a way,0,0.712,0.657,10,-5.888,0,0.149,0.0577,0.0,0.234,0.437,97.993,1,288,dwele,dwele / find a way,288,train
george lopez,kids now,0,0.349,0.866,3,-13.594,1,0.938,0.863,1.9e-05,0.911,0.11,73.779,0,289,george lopez,george lopez / kids now,289,test
godsmack,straight out of line,1,0.33,0.953,7,-4.734,1,0.2,0.00024,0.0016,0.0822,0.373,184.048,1,290,godsmack,godsmack / straight out of line,290,train
usher,trading places,1,0.696,0.643,0,-5.218,1,0.0447,0.000153,1.03e-05,0.156,0.332,146.005,1,291,usher,usher / trading places,257,train
snoop dogg,still a g thang,1,0.876,0.745,11,-3.149,0,0.257,0.0886,0.0,0.174,0.582,98.009,1,292,snoop dogg,snoop dogg / still a g thang,292,train
outkast,elevators (me & you),0,0.774,0.586,10,-10.434,0,0.301,0.0234,0.000726,0.0562,0.642,85.075,1,293,outkast,outkast / elevators (me & you),293,test
radiohead,fast-track,0,0.462,0.905,1,-7.108,0,0.19,0.0569,0.867,0.122,0.403,103.465,0,294,radiohead,radiohead / fast-track,294,validation
eyehategod,left to starve,0,0.295,0.581,3,-9.301,0,0.0353,0.178,0.906,0.117,0.139,146.945,0,295,eyehategod,eyehategod / left to starve,295,test
astarte,voyage to eternal life,0,0.161,0.789,0,-4.9,1,0.0731,3.58e-06,0.262,0.269,0.0752,129.675,0,296,astarte,astarte / voyage to eternal life,296,test
gorillaz,dirty harry (single edit),1,0.755,0.86,10,-7.182,0,0.0752,0.0316,0.0491,0.861,0.882,96.226,0,297,gorillaz,gorillaz / dirty harry (single edit),297,train
celine dion and peabo bryson,beauty and the beast,0,0.463,0.4,6,-9.999,0,0.0308,0.643,2.46e-05,0.131,0.121,77.314,1,298,celine dion and peabo bryson,celine dion and peabo bryson / beauty and the beast,298,test
ayo,down on my knees,0,0.812,0.852,1,-7.87,1,0.0506,3.14e-05,0.754,0.47,0.776,121.99,0,299,ayo,ayo / down on my knees,299,train
leo gandelman,bari bossa,0,0.608,0.477,5,-13.773,0,0.0485,0.799,0.905,0.0737,0.527,157.989,0,300,leo gandelman,leo gandelman / bari bossa,300,validation
mxpx,grey skies turn blue,0,0.381,0.745,11,-3.388,1,0.0443,5.38e-05,0.00451,0.0502,0.768,175.321,0,301,mxpx,mxpx / grey skies turn blue,301,validation
jim reeves,may the good lord bless and keep you,0,0.462,0.0934,7,-19.058,1,0.0304,0.864,0.148,0.111,0.361,86.182,0,302,jim reeves,jim reeves / may the good lord bless and keep you,302,train
the almost,little drummer boy,0,0.654,0.708,7,-7.486,1,0.0465,0.0248,0.000201,0.0941,0.463,164.057,0,303,the almost,the almost / little drummer boy,303,train
bryan ferry,ja nun hons pris,0,0.488,0.216,7,-15.521,0,0.0704,0.771,0.0,0.465,0.562,103.748,0,304,bryan ferry,bryan ferry / ja nun hons pris,304,test
pyrolator,passage to melilla,0,0.604,0.881,9,-7.264,0,0.0474,0.748,0.847,0.328,0.52,135.376,0,305,pyrolator,pyrolator / passage to melilla,305,train
2pac,i wonder if heaven got a ghetto,1,0.89,0.721,7,-5.251,1,0.202,0.23,0.0,0.252,0.651,107.981,1,306,2pac,2pac / i wonder if heaven got a ghetto,306,test
samantha mumba,"baby, come over (this is our night)",0,0.571,0.819,2,-4.391,0,0.0877,0.0264,0.000383,0.0697,0.768,93.713,1,307,samantha mumba,"samantha mumba / baby, come over (this is our night)",307,validation
dj quik,pitch in ona party,1,0.927,0.53,6,-6.602,1,0.253,0.0548,0.0,0.0701,0.567,106.363,0,308,dj quik,dj quik / pitch in ona party,308,validation
mariah carey,fantasy,1,0.671,0.727,7,-7.585,1,0.035,0.139,0.0,0.123,0.801,102.358,1,309,mariah carey,mariah carey / fantasy,225,train
the maine,you left me,0,0.566,0.813,0,-4.844,1,0.0369,0.00144,0.000105,0.176,0.341,129.998,0,310,the maine,the maine / you left me,310,train
fever ray,when i grow up,0,0.472,0.631,0,-9.66,1,0.0526,0.362,0.533,0.153,0.548,122.538,0,311,fever ray,fever ray / when i grow up,311,train
life in your way,when rules change,0,0.23,0.94,5,-4.774,1,0.0871,0.00017,1.15e-05,0.784,0.299,90.901,0,312,life in your way,life in your way / when rules change,312,test
ginuwine,so anxious,0,0.733,0.395,6,-11.959,0,0.0366,0.279,2.37e-06,0.468,0.661,96.085,1,313,ginuwine,ginuwine / so anxious,313,test
inxs,disappear,0,0.645,0.88,9,-3.403,1,0.0329,0.0242,2.04e-06,0.0978,0.834,125.418,1,314,inxs,inxs / disappear,199,test
wet wet wet,goodnight girl,0,0.264,0.198,9,-15.661,1,0.0309,0.716,0.0,0.339,0.411,179.352,0,315,wet wet wet,wet wet wet / goodnight girl,25,test
rajery,mahafinaritra,0,0.892,0.834,9,-7.35,0,0.0903,0.663,0.00139,0.115,0.501,99.561,0,316,rajery,rajery / mahafinaritra,316,test
t.i.,bring em out,1,0.759,0.891,11,-2.983,1,0.257,0.0298,0.0,0.141,0.587,98.579,1,317,t.i.,t.i. / bring em out,317,train
the smashing pumpkins,rocket,0,0.195,0.665,0,-9.097,1,0.0345,2.8e-06,0.928,0.0723,0.358,89.005,0,318,the smashing pumpkins,the smashing pumpkins / rocket,318,train
foo fighters,wheels,1,0.426,0.792,9,-4.709,1,0.0374,0.000495,5.1e-06,0.142,0.557,161.994,1,319,foo fighters,foo fighters / wheels,222,test
keith urban,you look good in my shirt,0,0.653,0.865,7,-6.395,1,0.0325,0.0075,1.18e-06,0.0629,0.828,116.966,1,320,keith urban,keith urban / you look good in my shirt,320,train
leona lewis,happy,1,0.34,0.644,0,-4.921,1,0.0529,0.469,0.0,0.0816,0.234,151.765,1,321,leona lewis,leona lewis / happy,321,test
too $hort,the ghetto,0,0.947,0.354,6,-12.844,0,0.27,0.0455,5.71e-05,0.212,0.36,100.087,1,322,too $hort,too $hort / the ghetto,322,train
john digweed,warung beach,0,0.805,0.679,9,-11.602,1,0.0543,0.0553,0.874,0.282,0.629,124.993,0,323,john digweed,john digweed / warung beach,323,train
marky mark & the funky bunch,wildside,0,0.765,0.358,8,-15.551,0,0.113,0.182,0.238,0.1,0.226,105.415,1,324,marky mark & the funky bunch,marky mark & the funky bunch / wildside,324,train
demi lovato,catch me,1,0.425,0.283,4,-12.007,1,0.0387,0.481,0.0,0.289,0.467,92.66,1,325,demi lovato,demi lovato / catch me,325,train
natalie merchant,carnival,0,0.601,0.48,6,-11.41,0,0.0732,0.2,0.0955,0.0297,0.802,188.214,1,326,natalie merchant,natalie merchant / carnival,326,train
jon secada,im free,0,0.52,0.634,5,-8.768,1,0.0275,0.133,0.0,0.29,0.478,197.315,1,327,jon secada,jon secada / im free,327,train
bounty killer,coppershot,0,0.906,0.73,9,-8.602,1,0.344,0.0174,0.0,0.0932,0.854,142.838,0,328,bounty killer,bounty killer / coppershot,328,test
joe nichols,she only smokes when she drinks,0,0.637,0.463,4,-7.714,1,0.0329,0.0527,2.97e-05,0.111,0.2,78.04,1,329,joe nichols,joe nichols / she only smokes when she drinks,329,train
the bucketheads,sayin dope,0,0.735,0.755,8,-8.941,0,0.0911,0.00133,0.851,0.521,0.614,120.884,0,330,the bucketheads,the bucketheads / sayin dope,330,train
converge,dark horse,0,0.0935,0.989,0,-3.154,1,0.158,4.05e-06,0.807,0.147,0.108,175.469,0,331,converge,converge / dark horse,331,test
sofia karlsson,andra sidan,0,0.409,0.159,3,-13.828,1,0.035,0.979,2.24e-05,0.113,0.423,141.789,0,332,sofia karlsson,sofia karlsson / andra sidan,332,validation
jon secada,whipped,1,0.637,0.875,10,-6.292,0,0.0646,0.0131,3.37e-06,0.0458,0.814,92.027,1,333,jon secada,jon secada / whipped,327,train
shaquille oneal,im outstanding,0,0.769,0.757,11,-9.523,1,0.169,0.0077,0.014,0.819,0.713,100.057,1,334,shaquille oneal,shaquille oneal / im outstanding,271,test
bt,mercury & solace,0,0.59,0.733,10,-11.744,0,0.0345,0.00035,0.748,0.119,0.233,135.999,0,335,bt,bt / mercury & solace,335,train
dax riggs,night is the notion,0,0.417,0.697,8,-5.867,1,0.0305,0.0627,2.82e-05,0.121,0.261,124.459,0,336,dax riggs,dax riggs / night is the notion,336,validation
john sebastian,freezin from the inside out,0,0.479,0.323,9,-12.451,1,0.0355,0.195,0.002,0.139,0.193,110.452,0,337,john sebastian,john sebastian / freezin from the inside out,337,train
diesel boy,pocket full of stars,0,0.322,0.973,2,-3.111,1,0.0905,0.000936,0.00105,0.368,0.743,93.096,0,338,diesel boy,diesel boy / pocket full of stars,338,train
aaron carter,thats how i beat shaq,0,0.892,0.803,6,-4.977,0,0.233,0.0656,0.0,0.169,0.652,106.015,1,339,aaron carter,aaron carter / thats how i beat shaq,339,validation
line renaud,gwendolina,0,0.743,0.648,7,-4.802,1,0.0423,0.908,0.0,0.206,0.828,137.359,0,340,line renaud,line renaud / gwendolina,340,validation
george strait,the breath you take,1,0.475,0.393,11,-7.628,0,0.029,0.749,0.000409,0.122,0.315,132.128,1,341,george strait,george strait / the breath you take,154,train
stress assassin,eu a4,0,0.201,0.51,7,-11.163,1,0.0381,0.546,0.798,0.144,0.0387,121.852,0,342,stress assassin,stress assassin / eu a4,342,test
death from above 1979,romantic rights (jesper dahlback remix),0,0.579,0.808,11,-4.311,0,0.315,0.0161,0.0216,0.295,0.68,137.819,0,343,death from above 1979,death from above 1979 / romantic rights (jesper dahlback remix),343,train
nice & smooth,old to the new,0,0.775,0.877,10,-6.714,0,0.0532,0.00462,0.000143,0.0874,0.476,100.42,1,344,nice & smooth,nice & smooth / old to the new,344,train
b*witched,rollercoaster,0,0.67,0.766,2,-4.489,1,0.0301,0.0804,0.0,0.255,0.766,106.981,1,345,b*witched,b*witched / rollercoaster,345,train
kelly sweet,we are one,0,0.531,0.402,11,-9.592,1,0.0391,0.772,9.81e-05,0.119,0.204,139.909,0,346,kelly sweet,kelly sweet / we are one,346,validation
carl smith,hey joe,0,0.737,0.611,2,-8.686,1,0.0291,0.329,3.87e-06,0.0712,0.646,110.107,0,347,carl smith,carl smith / hey joe,347,train
jennifer lopez,get right,1,0.741,0.759,0,-5.096,0,0.12,0.0218,0.0,0.628,0.362,97.084,1,348,jennifer lopez,jennifer lopez / get right,348,validation
johannes linstead,caja de cerillas,0,0.755,0.762,9,-8.486,0,0.0641,0.417,0.738,0.104,0.501,90.042,0,349,johannes linstead,johannes linstead / caja de cerillas,349,train
joshua radin,id rather be with you,0,0.574,0.481,1,-12.306,1,0.0353,0.0717,0.0003,0.113,0.228,81.582,1,350,joshua radin,joshua radin / id rather be with you,350,train
shriekback,the strongest wind that blows,0,0.714,0.458,10,-11.975,0,0.178,0.138,0.0687,0.16,0.716,170.033,0,351,shriekback,shriekback / the strongest wind that blows,351,train
the badlees,angeline is coming home,0,0.498,0.93,9,-5.977,1,0.0371,0.000204,2.69e-05,0.145,0.757,80.575,1,352,the badlees,the badlees / angeline is coming home,352,train
vangelis,preparation,0,0.568,0.347,5,-19.855,1,0.0323,0.624,0.911,0.111,0.79,62.539,0,353,vangelis,vangelis / preparation,113,test
kaija koo,viimeinen lento,0,0.645,0.544,6,-6.151,1,0.0324,0.673,0.0,0.175,0.474,83.992,0,354,kaija koo,kaija koo / viimeinen lento,354,train
johnny horton,the woman i need (honky tonk mind),0,0.632,0.624,7,-11.894,1,0.128,0.265,1.35e-05,0.0376,0.892,178.774,0,355,johnny horton,johnny horton / the woman i need (honky tonk mind),355,train
mary j. blige,all that i can say,1,0.665,0.727,9,-7.324,0,0.0559,0.0102,0.00126,0.241,0.515,95.926,1,356,mary j. blige,mary j. blige / all that i can say,107,test
dangelo,brown sugar,0,0.718,0.486,9,-8.342,1,0.168,0.53,0.0342,0.102,0.589,83.077,1,357,dangelo,dangelo / brown sugar,357,test
spiral stairs,stolen pills,0,0.201,0.962,3,-5.622,0,0.059,3.73e-06,0.439,0.292,0.907,152.474,0,358,spiral stairs,spiral stairs / stolen pills,358,validation
depeche mode,i feel you,1,0.454,0.933,2,-6.539,1,0.0912,0.024,0.0421,0.493,0.141,122.909,1,359,depeche mode,depeche mode / i feel you,359,train
all-4-one,"someday (from the hunchback of notre dame"")""",1,0.22,0.174,6,-20.329,0,0.0307,0.378,0.0,0.0944,0.106,167.178,1,360,all-4-one,"all-4-one / someday (from the hunchback of notre dame"")""",360,validation
monty are i,o brother,0,0.359,0.903,2,-3.413,1,0.148,0.00338,0.0,0.637,0.468,169.842,0,361,monty are i,monty are i / o brother,361,train
elliot goldenthal,bullet frenzy,0,0.174,0.532,2,-13.42,1,0.0583,0.118,0.899,0.156,0.0991,90.862,0,362,elliot goldenthal,elliot goldenthal / bullet frenzy,362,train
tim wilson,i think my wife is running around on me (taco hell),0,0.624,0.88,5,-3.152,1,0.0476,0.566,0.0,0.327,0.709,135.019,0,363,tim wilson,tim wilson / i think my wife is running around on me (taco hell),363,train
sneaky sound system,lost in the future,0,0.628,0.882,7,-3.633,1,0.0546,0.00505,5.19e-06,0.111,0.696,129.967,0,364,sneaky sound system,sneaky sound system / lost in the future,364,test
desree,you gotta be,0,0.627,0.669,0,-9.985,1,0.0412,0.211,2.72e-06,0.111,0.498,94.029,1,365,desree,desree / you gotta be,365,train
kalimba,nunca sabras,0,0.573,0.434,11,-6.014,0,0.0315,0.464,0.0,0.0689,0.394,84.987,0,366,kalimba,kalimba / nunca sabras,366,train
badmarsh & shri,dancing drums,0,0.669,0.821,5,-9.595,1,0.0584,0.0385,0.808,0.347,0.618,144.078,0,367,badmarsh & shri,badmarsh & shri / dancing drums,367,validation
dropkick murphys,bloody pig pile (live),0,0.351,0.942,10,-4.653,1,0.111,0.00217,8.06e-05,0.971,0.21,92.04,0,368,dropkick murphys,dropkick murphys / bloody pig pile (live),368,train
sick of it all,death or jail,0,0.268,0.997,10,-2.274,1,0.156,2.6e-05,0.0997,0.0772,0.131,112.602,0,369,sick of it all,sick of it all / death or jail,369,train
chaka khan,love you all my lifetime,0,0.693,0.827,10,-6.437,0,0.0483,0.0114,0.189,0.32,0.906,103.087,1,370,chaka khan,chaka khan / love you all my lifetime,370,train
blackstreet,tonights the night,1,0.585,0.573,6,-5.561,0,0.0759,0.133,1.12e-05,0.173,0.591,76.06,1,371,blackstreet,blackstreet / tonights the night,371,test
lenny kravitz,ill be waiting,1,0.677,0.452,10,-6.468,1,0.0332,0.0736,0.0065,0.0969,0.595,72.78,1,372,lenny kravitz,lenny kravitz / ill be waiting,372,train
donna the buffalo,tides of time,0,0.54,0.925,9,-6.316,1,0.0396,0.284,5.01e-05,0.483,0.789,151.878,0,373,donna the buffalo,donna the buffalo / tides of time,373,validation
the distillers,ask the angels,0,0.306,0.928,8,-3.134,1,0.0546,0.119,2.2e-05,0.37,0.468,141.283,0,374,the distillers,the distillers / ask the angels,374,train
t.o.k.,hotta,0,0.711,0.719,1,-5.118,1,0.327,0.072,0.0,0.336,0.53,128.967,0,375,t.o.k.,t.o.k. / hotta,375,train
george lopez,church hangover,0,0.421,0.803,7,-16.247,1,0.899,0.885,1.76e-05,0.69,0.0872,127.137,0,376,george lopez,george lopez / church hangover,289,test
plain white ts,rhythm of love,0,0.531,0.542,8,-7.721,1,0.0432,0.356,0.0,0.119,0.726,171.878,1,377,plain white ts,plain white ts / rhythm of love,377,train
glen washington,strangers in the night,0,0.752,0.48,9,-8.466,1,0.0514,0.168,0.0,0.0416,0.841,76.81,0,378,glen washington,glen washington / strangers in the night,378,validation
showbread,the pig,0,0.391,0.586,4,-6.7,1,0.035,0.00191,0.124,0.175,0.153,120.417,0,379,showbread,showbread / the pig,379,train
babyface,and our feelings,0,0.741,0.592,4,-7.819,1,0.0298,0.138,0.0,0.224,0.27,128.137,1,380,babyface,babyface / and our feelings,380,train
luther vandross,dance with my father,1,0.739,0.341,10,-9.971,1,0.0378,0.525,1.1e-06,0.072,0.231,80.958,1,381,luther vandross,luther vandross / dance with my father,112,train
goose,bring it on,0,0.66,0.919,6,-4.53,1,0.0521,0.00755,0.00621,0.299,0.66,119.953,0,382,goose,goose / bring it on,382,train
warrant,uncle toms cabin,0,0.633,0.732,8,-6.785,1,0.0707,0.186,1.37e-05,0.13,0.273,126.567,1,383,warrant,warrant / uncle toms cabin,383,train
information society,hack 1/charlie x,0,0.91,0.524,7,-12.427,1,0.0936,0.0186,0.0911,0.0734,0.564,120.6,0,384,information society,information society / hack 1/charlie x,384,train
tim mcgraw,my old friend,1,0.463,0.819,4,-7.662,1,0.0357,0.212,0.000268,0.0599,0.591,183.998,1,385,tim mcgraw,tim mcgraw / my old friend,205,validation
dave weckl,just an illusion,0,0.613,0.825,0,-12.064,1,0.0336,0.11,0.245,0.101,0.932,93.5,0,386,dave weckl,dave weckl / just an illusion,386,train
blessid union of souls,light in your eyes,1,0.471,0.454,11,-9.118,1,0.0309,0.546,0.0,0.114,0.36,170.995,1,387,blessid union of souls,blessid union of souls / light in your eyes,387,train
swallow the sun,doomed to walk the earth,0,0.367,0.439,3,-7.933,1,0.0319,0.0529,0.941,0.087,0.0338,82.986,0,388,swallow the sun,swallow the sun / doomed to walk the earth,388,test
papa wemba,zero,0,0.653,0.64,1,-13.638,1,0.0303,0.13,0.0,0.185,0.969,147.041,0,389,papa wemba,papa wemba / zero,389,train
john mellencamp,again tonight,0,0.661,0.858,7,-4.355,1,0.0313,0.00195,0.000744,0.109,0.858,119.306,1,390,john mellencamp,john mellencamp / again tonight,390,train
bell biv devoe,gangsta,0,0.724,0.778,1,-8.924,1,0.0618,0.00151,0.112,0.387,0.768,112.518,1,391,bell biv devoe,bell biv devoe / gangsta,391,train
darius rucker,dont think i dont think about it,1,0.578,0.752,9,-5.264,1,0.033,0.0275,0.0,0.125,0.405,149.689,1,392,darius rucker,darius rucker / dont think i dont think about it,392,test
bad boys da band,bad boy this bad boy that,0,0.854,0.705,1,-8.314,1,0.298,0.0262,0.0,0.0336,0.701,99.989,1,393,bad boys da band,bad boys da band / bad boy this bad boy that,393,train
lil band o gold,shirley,0,0.7,0.75,4,-9.988,1,0.23,0.393,1.46e-06,0.104,0.883,146.887,0,394,lil band o gold,lil band o gold / shirley,394,train
eric church,love your love the most,0,0.333,0.524,10,-6.788,1,0.0301,0.194,0.0,0.124,0.438,73.393,1,395,eric church,eric church / love your love the most,395,validation
adam richman,from the pain,0,0.597,0.949,3,-3.28,1,0.0404,0.00114,0.000703,0.123,0.783,131.98,0,396,adam richman,adam richman / from the pain,396,train
diesel boy,cooler than you,0,0.437,0.966,11,-4.788,1,0.0653,0.00053,0.000249,0.138,0.743,111.907,0,397,diesel boy,diesel boy / cooler than you,338,train
grayson capps,mermaid,0,0.528,0.167,9,-10.544,0,0.0437,0.908,0.000244,0.121,0.319,121.459,0,398,grayson capps,grayson capps / mermaid,398,train
tito puente,mambo tipico,0,0.552,0.927,7,-4.268,1,0.0342,0.835,0.727,0.109,0.805,146.285,0,399,tito puente,tito puente / mambo tipico,399,train
tranzas,mientras me quieras,0,0.761,0.719,1,-7.548,1,0.0313,0.149,7.74e-05,0.0399,0.561,111.99,0,400,tranzas,tranzas / mientras me quieras,400,train
ll cool j,around the way girl,1,0.614,0.445,1,-17.091,0,0.424,0.00268,0.0194,0.335,0.626,202.191,1,401,ll cool j,ll cool j / around the way girl,401,test
quad city djs,"space jam (from space jam"")""",0,0.798,0.952,11,-4.78,0,0.0401,0.064,0.000513,0.287,0.843,132.031,1,402,quad city djs,"quad city djs / space jam (from space jam"")""",402,test
patrick lamb,i remember,0,0.666,0.846,9,-5.739,0,0.0513,0.187,0.139,0.178,0.952,92.992,0,403,patrick lamb,patrick lamb / i remember,403,test
finger eleven,paralyzer,1,0.645,0.941,4,-3.425,0,0.0448,0.169,0.0,0.251,0.881,106.015,1,404,finger eleven,finger eleven / paralyzer,404,test
charlie peacock,after lovin you (love life album version),0,0.642,0.836,5,-8.504,0,0.0508,0.161,0.00552,0.879,0.786,100.919,0,405,charlie peacock,charlie peacock / after lovin you (love life album version),405,train
wade hayes,the day that she left tulsa (in a chevy),0,0.473,0.431,8,-9.399,1,0.0288,0.0203,6.62e-05,0.311,0.106,68.28,1,406,wade hayes,wade hayes / the day that she left tulsa (in a chevy),406,test
soundgarden,slaves & bulldozers,0,0.473,0.742,0,-6.056,1,0.0342,3.36e-05,0.00248,0.183,0.244,130.977,0,407,soundgarden,soundgarden / slaves & bulldozers,407,test
gina thompson,the things that you do,0,0.658,0.912,4,-5.581,1,0.0937,0.351,5.11e-05,0.102,0.579,91.99,1,408,gina thompson,gina thompson / the things that you do,408,train
lara & reyes,away in a manger,0,0.594,0.234,7,-13.752,1,0.0431,0.972,0.82,0.104,0.453,111.927,0,409,lara & reyes,lara & reyes / away in a manger,409,train
alice in chains,would?,0,0.305,0.832,6,-7.981,1,0.0398,0.000332,2.4e-05,0.091,0.585,100.677,0,410,alice in chains,alice in chains / would?,43,train
negura bunget,cunoasterea tacuta,0,0.292,0.83,11,-3.617,0,0.0436,0.00116,0.752,0.245,0.126,130.46,0,411,negura bunget,negura bunget / cunoasterea tacuta,411,train
beastie boys,get it together,0,0.854,0.649,11,-7.997,1,0.326,0.281,0.0,0.106,0.734,101.02,0,412,beastie boys,beastie boys / get it together,412,train
rascal flatts,unstoppable,1,0.447,0.819,3,-4.803,1,0.0621,0.0972,0.0,0.121,0.428,156.003,1,413,rascal flatts,rascal flatts / unstoppable,252,train
dc talk,between you and me,0,0.548,0.909,9,-4.302,0,0.0376,0.166,0.0191,0.0642,0.51,99.713,1,414,dc talk,dc talk / between you and me,414,train
shakedown,at night,0,0.809,0.881,5,-4.591,0,0.0717,0.0138,0.646,0.045,0.965,126.996,0,415,shakedown,shakedown / at night,415,validation
alanis morissette,thank u,0,0.672,0.616,0,-5.764,1,0.0258,0.379,2.73e-05,0.0887,0.566,92.094,1,416,alanis morissette,alanis morissette / thank u,416,train
hem,redwing,0,0.534,0.459,3,-10.288,1,0.027,0.395,0.0585,0.443,0.435,123.759,0,417,hem,hem / redwing,417,train
rodney o & joe cooley,supercuts,0,0.894,0.723,6,-7.889,0,0.224,0.000163,0.000269,0.092,0.578,118.876,0,418,rodney o & joe cooley,rodney o & joe cooley / supercuts,418,train
novaspace,guardian angel,0,0.607,0.551,2,-7.146,1,0.0319,0.389,2.95e-05,0.0909,0.383,92.982,0,419,novaspace,novaspace / guardian angel,419,train
superchumbo,revolution,0,0.714,0.96,2,-5.243,1,0.0956,0.0603,0.0453,0.0606,0.386,128.0,0,420,superchumbo,superchumbo / revolution,420,train
safire,made up my mind,0,0.708,0.811,3,-10.299,0,0.0659,0.171,0.00812,0.652,0.763,118.703,1,421,safire,safire / made up my mind,421,train
louisa mark,keep it like it is,0,0.777,0.227,3,-14.302,1,0.0629,0.108,0.119,0.0904,0.839,128.332,0,422,louisa mark,louisa mark / keep it like it is,422,validation
glee cast,true colors,1,0.611,0.387,2,-7.949,1,0.0242,0.118,0.0,0.213,0.335,85.978,1,423,glee cast,glee cast / true colors,57,train
dax riggs,radiation blues,0,0.191,0.977,11,-2.946,1,0.148,0.0578,1.03e-05,0.0939,0.225,182.346,0,424,dax riggs,dax riggs / radiation blues,336,validation
p.o.d.,youth of the nation,0,0.563,0.86,8,-7.533,1,0.0621,0.00834,0.0106,0.39,0.517,97.867,1,425,p.o.d.,p.o.d. / youth of the nation,425,train
simply red,something got me started,0,0.698,0.91,2,-6.563,1,0.0459,0.019,7.73e-05,0.11,0.715,112.112,1,426,simply red,simply red / something got me started,426,train
tsar,conqueror worm,0,0.374,0.946,2,-2.276,1,0.0499,0.00154,3.82e-06,0.211,0.307,150.312,0,427,tsar,tsar / conqueror worm,427,validation
perrey and kingsley,gossippo perpetuo,0,0.605,0.86,7,-12.4,1,0.0407,0.616,0.914,0.144,0.964,136.032,0,428,perrey and kingsley,perrey and kingsley / gossippo perpetuo,428,train
marc anthony,ive got you,0,0.648,0.883,10,-5.745,0,0.06,0.00336,0.0,0.116,0.636,101.989,1,429,marc anthony,marc anthony / ive got you,429,train
nine inch nails,metal,0,0.653,0.363,5,-13.414,1,0.0383,0.153,0.821,0.105,0.0375,125.978,0,430,nine inch nails,nine inch nails / metal,430,train
carlos ponce,decir adios,0,0.593,0.517,1,-8.567,0,0.0278,0.311,0.0,0.124,0.227,126.954,0,431,carlos ponce,carlos ponce / decir adios,431,train
citizen kaned,president johnson,0,0.756,0.804,11,-8.371,1,0.131,0.00608,0.761,0.526,0.332,108.056,0,432,citizen kaned,citizen kaned / president johnson,432,train
pepper,musical 69,0,0.769,0.587,9,-5.754,1,0.0502,0.124,0.0,0.411,0.864,97.138,0,433,pepper,pepper / musical 69,433,validation
cher,save up all your tears,0,0.605,0.737,9,-9.054,0,0.0407,0.0846,0.0,0.179,0.372,113.456,1,434,cher,cher / save up all your tears,434,train
isabel pantoja,porque me gusta a morir,0,0.593,0.413,2,-12.309,1,0.0358,0.645,7.84e-05,0.0848,0.243,82.005,0,435,isabel pantoja,isabel pantoja / porque me gusta a morir,435,train
k-ci & jojo,you bring me up,1,0.76,0.7,11,-4.133,0,0.158,0.0765,0.0,0.163,0.754,90.839,1,436,k-ci & jojo,k-ci & jojo / you bring me up,436,train
redman,i got a seecret,0,0.633,0.82,1,-8.281,1,0.378,0.00686,0.0,0.124,0.21,113.282,0,437,redman,redman / i got a seecret,437,train
ginny owens,long way home,0,0.563,0.337,0,-11.69,1,0.0305,0.519,1.37e-06,0.118,0.216,119.899,0,438,ginny owens,ginny owens / long way home,438,train
alicia keys,a womans worth,1,0.667,0.41,4,-8.323,0,0.138,0.331,0.0,0.064,0.493,75.069,1,439,alicia keys,alicia keys / a womans worth,439,train
olivia,bizounce,0,0.785,0.539,7,-8.23,1,0.0505,0.0134,8.61e-06,0.0528,0.721,137.999,1,440,olivia,olivia / bizounce,440,validation
andrew w.k.,can you dance with me?,0,0.464,0.978,2,-1.474,1,0.0524,0.0166,0.0,0.33,0.721,80.959,0,441,andrew w.k.,andrew w.k. / can you dance with me?,441,train
bad boys blue,save your love,0,0.552,0.87,7,-10.393,0,0.0348,0.00264,0.0284,0.153,0.905,122.017,1,442,bad boys blue,bad boys blue / save your love,442,test
degrees of motion,do you want it right now,0,0.725,0.747,7,-8.658,1,0.0342,0.000968,0.00312,0.0492,0.638,116.129,1,443,degrees of motion,degrees of motion / do you want it right now,443,validation
eminem,we made you,1,0.922,0.859,2,-1.152,1,0.079,0.101,1.12e-06,0.139,0.616,114.001,1,444,eminem,eminem / we made you,94,validation
mario vazquez,gallery,0,0.593,0.651,9,-6.904,0,0.135,0.0169,0.0,0.141,0.323,86.535,1,445,mario vazquez,mario vazquez / gallery,445,test
george strait,it just comes natural,1,0.669,0.651,5,-5.79,1,0.0275,0.472,0.000109,0.272,0.605,148.091,1,446,george strait,george strait / it just comes natural,154,train
leona lewis,bleeding love,1,0.638,0.656,5,-5.886,1,0.0357,0.188,0.0,0.146,0.225,104.036,1,447,leona lewis,leona lewis / bleeding love,321,test
atomic rooster,living underground,0,0.411,0.7,9,-11.993,1,0.0907,0.00323,0.000608,0.11,0.486,146.517,0,448,atomic rooster,atomic rooster / living underground,448,train
speech,have fun prelude,0,0.757,0.127,1,-19.685,1,0.895,0.742,0.0,0.613,0.212,119.32,0,449,speech,speech / have fun prelude,449,train
shelby lynne,pretend,0,0.59,0.13,11,-16.726,0,0.0323,0.941,0.000413,0.1,0.287,146.01,0,450,shelby lynne,shelby lynne / pretend,450,train
tyrese,how you gonna act like that,1,0.733,0.521,3,-3.657,0,0.0457,0.107,0.0,0.0692,0.525,112.913,1,451,tyrese,tyrese / how you gonna act like that,451,train
strata,part one from triomusic,0,0.495,0.0619,2,-20.571,1,0.0745,0.965,0.445,0.0984,0.0911,124.213,0,452,strata,strata / part one from triomusic,452,train
stargarden,trybal,0,0.548,0.291,9,-18.197,1,0.0793,0.835,0.921,0.117,0.467,98.932,0,453,stargarden,stargarden / trybal,453,train
hi-fi companions,amoria,0,0.605,0.776,4,-8.085,0,0.0404,0.000511,0.119,0.108,0.504,130.0,0,454,hi-fi companions,hi-fi companions / amoria,454,train
the cure,lost,1,0.507,0.838,7,-5.689,1,0.0429,0.247,0.027,0.343,0.39,85.064,0,455,the cure,the cure / lost,455,train
jim chappell,in the hills,0,0.716,0.372,0,-13.4,1,0.0356,0.626,0.733,0.113,0.348,126.135,0,456,jim chappell,jim chappell / in the hills,456,train
christina aguilera,come on over baby (all i want is you),0,0.829,0.915,8,-3.205,1,0.106,0.226,1.25e-05,0.246,0.779,118.903,1,457,christina aguilera,christina aguilera / come on over baby (all i want is you),36,train
marques houston,naked,0,0.75,0.511,9,-6.73,1,0.209,0.0863,6.76e-06,0.0938,0.395,60.009,1,458,marques houston,marques houston / naked,458,train
zuma,juno,0,0.434,0.624,4,-8.494,0,0.0438,0.0904,0.00761,0.335,0.328,156.015,0,459,zuma,zuma / juno,459,validation
jars of clay,flood,0,0.626,0.632,0,-8.692,0,0.0287,0.181,0.0,0.146,0.7,114.593,1,460,jars of clay,jars of clay / flood,460,validation
rita chiarelli,doggin around,0,0.395,0.336,5,-8.031,1,0.0422,0.804,0.000715,0.243,0.36,178.993,0,461,rita chiarelli,rita chiarelli / doggin around,461,validation
juana molina,quiero,0,0.591,0.258,11,-13.229,1,0.0323,0.579,0.0118,0.0677,0.63,174.879,0,462,juana molina,juana molina / quiero,462,train
keep of kalessin,as mist lay silent beneath,0,0.165,0.995,0,-4.535,1,0.117,0.0371,0.802,0.0663,0.0287,127.889,0,463,keep of kalessin,keep of kalessin / as mist lay silent beneath,463,train
rupee,tempted to touch,0,0.819,0.825,2,-7.012,0,0.0549,0.061,0.0,0.0904,0.939,105.988,1,464,rupee,rupee / tempted to touch,464,train
captain hollywood project,the way love is,0,0.537,0.828,7,-8.58,1,0.0339,0.00411,0.031,0.139,0.391,150.016,0,465,captain hollywood project,captain hollywood project / the way love is,465,validation
goo goo dolls,big machine,1,0.414,0.925,3,-2.534,1,0.061,0.000722,3.77e-05,0.358,0.599,108.848,1,466,goo goo dolls,goo goo dolls / big machine,466,test
orianthi,according to you,0,0.619,0.917,5,-2.582,1,0.0507,0.0233,1.21e-05,0.0986,0.552,131.002,1,467,orianthi,orianthi / according to you,467,test
ashlee simpson,pieces of me,1,0.5,0.802,2,-4.205,1,0.104,0.0535,0.0,0.103,0.739,174.039,1,468,ashlee simpson,ashlee simpson / pieces of me,468,train
bruno mars,the lazy song,0,0.738,0.804,11,-3.851,1,0.0621,0.332,0.0,0.279,0.949,174.943,1,469,bruno mars,bruno mars / the lazy song,469,validation
lasgo,something,0,0.643,0.981,7,-6.644,0,0.0439,0.0271,8.93e-05,0.11,0.38,140.01,1,470,lasgo,lasgo / something,470,train
big & rich,save a horse (ride a cowboy),1,0.7,0.896,2,-2.276,1,0.191,0.108,0.0,0.453,0.817,102.065,1,471,big & rich,big & rich / save a horse (ride a cowboy),471,test
zebra,the ocean (live version),0,0.199,0.802,7,-9.467,1,0.0542,0.00314,0.0752,0.952,0.46,177.666,0,472,zebra,zebra / the ocean (live version),472,train
halfway to gone,black night,0,0.297,0.97,5,-4.971,0,0.188,6.01e-06,0.361,0.0655,0.486,141.988,0,473,halfway to gone,halfway to gone / black night,473,train
butthole surfers,ulcer breakout,0,0.275,0.992,2,-3.283,1,0.135,0.00535,0.00342,0.0835,0.468,121.52,0,474,butthole surfers,butthole surfers / ulcer breakout,474,train
dala,alive,0,0.647,0.535,9,-7.545,1,0.0326,0.0421,2.59e-05,0.191,0.322,121.911,0,475,dala,dala / alive,475,validation
john debney,dad apologizes,0,0.303,0.0635,0,-25.041,1,0.0396,0.918,0.872,0.0708,0.187,114.523,0,476,john debney,john debney / dad apologizes,476,train
margaret becker,sweet suffering christ,0,0.612,0.199,7,-16.578,1,0.0309,0.842,0.0509,0.0946,0.143,110.862,0,477,margaret becker,margaret becker / sweet suffering christ,477,train
leigh jones,have it your way,0,0.522,0.428,8,-7.663,0,0.0444,0.751,0.0,0.108,0.219,135.695,0,478,leigh jones,leigh jones / have it your way,478,train
kym sims,too blind to see it,1,0.776,0.585,0,-11.551,1,0.0361,0.000403,0.227,0.0737,0.698,118.996,1,479,kym sims,kym sims / too blind to see it,479,train
themselves,oversleeping,0,0.629,0.938,6,-6.808,1,0.198,0.0293,0.0,0.369,0.693,116.708,0,480,themselves,themselves / oversleeping,480,test
debbie gibson,losin myself,0,0.715,0.623,5,-10.709,0,0.0377,0.0415,0.000266,0.0692,0.58,94.915,1,481,debbie gibson,debbie gibson / losin myself,481,train
norther,fuck you,0,0.265,0.984,6,-3.508,0,0.283,0.000196,0.721,0.334,0.197,200.025,0,482,norther,norther / fuck you,482,train
ashtrax,future traffic song,0,0.757,0.403,11,-13.393,0,0.11,0.00333,0.355,0.186,0.762,123.016,0,483,ashtrax,ashtrax / future traffic song,483,validation
dimmu borgir,sympozium,0,0.188,0.926,5,-2.523,0,0.0598,3.03e-06,0.946,0.118,0.267,135.186,0,484,dimmu borgir,dimmu borgir / sympozium,484,test
jonas brothers,love is on its way,1,0.204,0.642,9,-6.116,1,0.0525,0.241,0.0,0.306,0.132,175.337,1,485,jonas brothers,jonas brothers / love is on its way,485,validation
sizzla,care,0,0.827,0.584,1,-8.786,0,0.112,0.432,1.64e-06,0.155,0.56,94.629,0,486,sizzla,sizzla / care,486,train
a perfect circle,weak and powerless,0,0.483,0.841,1,-7.494,0,0.0523,0.000172,0.861,0.108,0.129,159.747,1,487,a perfect circle,a perfect circle / weak and powerless,487,train
john legend,used to love u,0,0.661,0.796,7,-4.776,1,0.0833,0.0347,0.0,0.396,0.657,87.982,1,488,john legend,john legend / used to love u,488,train
dead prez,assassination,0,0.522,0.609,3,-7.151,0,0.368,0.134,0.0,0.166,0.775,177.262,0,489,dead prez,dead prez / assassination,83,test
aerosmith,jaded,1,0.517,0.89,9,-4.033,1,0.0539,0.005,1.47e-05,0.0824,0.632,118.009,1,490,aerosmith,aerosmith / jaded,490,train
lionel richie,do it to me,0,0.683,0.525,0,-9.868,1,0.029,0.154,3.71e-05,0.0646,0.56,91.507,1,491,lionel richie,lionel richie / do it to me,240,test
blink-182,all of this,0,0.689,0.579,9,-7.294,1,0.0315,0.00573,0.0276,0.089,0.671,117.641,0,492,blink-182,blink-182 / all of this,492,train
richard marx,chains around my heart,0,0.481,0.467,6,-10.442,0,0.0292,0.134,1.94e-05,0.13,0.115,81.054,1,493,richard marx,richard marx / chains around my heart,493,train
the black crowes,thorn in my pride,0,0.566,0.824,4,-5.278,1,0.0378,0.0476,0.000107,0.0929,0.574,143.102,1,494,the black crowes,the black crowes / thorn in my pride,494,test
paul geremia,tootie blues,0,0.624,0.337,0,-13.678,1,0.0601,0.83,0.00063,0.0867,0.783,116.3,0,495,paul geremia,paul geremia / tootie blues,495,test
epmd,jane 5,1,0.721,0.538,10,-8.281,0,0.388,0.0184,0.000317,0.119,0.393,86.927,0,496,epmd,epmd / jane 5,42,test
westside connection,bow down,0,0.897,0.458,9,-11.01,1,0.279,0.0208,0.0,0.419,0.513,92.928,1,497,westside connection,westside connection / bow down,497,train
dj quik,born and raised in compton,1,0.733,0.442,10,-14.498,0,0.37,0.0239,0.0,0.133,0.86,181.634,0,498,dj quik,dj quik / born and raised in compton,308,validation
puff johnson,forever more,0,0.594,0.653,11,-6.397,1,0.0478,0.218,0.00149,0.0982,0.367,152.948,1,499,puff johnson,puff johnson / forever more,499,train
phajja,"so long (well, well, well)",0,0.726,0.454,10,-8.528,1,0.0253,0.432,0.00168,0.0446,0.545,79.913,1,500,phajja,"phajja / so long (well, well, well)",500,test
vitamin c,the itch,1,0.694,0.947,11,-3.91,0,0.0546,0.00621,0.0395,0.133,0.518,105.019,1,501,vitamin c,vitamin c / the itch,501,test
brad paisley,letter to me,1,0.532,0.492,9,-9.255,1,0.0312,0.676,6.12e-05,0.086,0.366,79.242,1,502,brad paisley,brad paisley / letter to me,502,train
stephen marley,mind control,0,0.608,0.73,9,-5.561,0,0.293,0.0528,0.0,0.0817,0.721,84.942,0,503,stephen marley,stephen marley / mind control,503,train
t.g. sheppard,you feel good all over,0,0.531,0.287,5,-14.85,1,0.0304,0.758,0.00473,0.172,0.339,80.659,0,504,t.g. sheppard,t.g. sheppard / you feel good all over,504,validation
ll cool j,phenomenon,1,0.812,0.605,7,-8.342,1,0.289,0.000452,5.48e-06,0.0796,0.441,105.859,1,505,ll cool j,ll cool j / phenomenon,401,test
chante moore,straight up,0,0.868,0.862,1,-3.588,1,0.133,0.248,0.000202,0.0478,0.944,99.999,1,506,chante moore,chante moore / straight up,506,train
non stop djs,hydraulic pimp,0,0.762,0.816,1,-7.724,1,0.0685,0.0594,0.859,0.104,0.785,146.993,0,507,non stop djs,non stop djs / hydraulic pimp,16,train
bon jovi,the distance,1,0.343,0.736,7,-5.395,1,0.0399,0.00243,2.42e-06,0.119,0.532,178.317,0,508,bon jovi,bon jovi / the distance,29,train
norah jones,thinking about you,0,0.65,0.299,8,-10.76,1,0.03,0.605,0.0118,0.219,0.294,123.597,1,509,norah jones,norah jones / thinking about you,509,train
one block radius,all on our own,0,0.727,0.798,4,-2.408,0,0.0714,0.0827,0.0,0.38,0.832,123.985,0,510,one block radius,one block radius / all on our own,510,test
john frizzell,no unexpected guests,0,0.231,0.108,0,-22.97,0,0.0379,0.677,0.821,0.111,0.0362,85.517,0,511,john frizzell,john frizzell / no unexpected guests,511,train
r. kelly,when a womans fed up,0,0.682,0.579,2,-6.526,0,0.101,0.467,2.21e-06,0.0952,0.712,76.915,1,512,r. kelly,r. kelly / when a womans fed up,512,validation
britney spears,circus,1,0.791,0.733,6,-5.215,0,0.052,0.147,0.000381,0.0713,0.761,114.98,1,513,britney spears,britney spears / circus,513,test
caspian,the dropsonde,0,0.217,0.362,7,-19.148,1,0.0521,0.161,0.85,0.087,0.0342,67.184,0,514,caspian,caspian / the dropsonde,514,test
tesla,caught in a dream,0,0.558,0.686,7,-5.122,1,0.0257,0.000296,0.000652,0.0653,0.364,150.095,0,515,tesla,tesla / caught in a dream,515,train
brandy,i wanna be down,0,0.703,0.469,11,-6.515,0,0.0415,0.177,0.0,0.726,0.661,86.038,1,516,brandy,brandy / i wanna be down,516,train
charlie peacock,forgiveness (love life album version),0,0.336,0.456,10,-11.104,1,0.045,0.306,1.58e-06,0.0856,0.228,155.291,0,517,charlie peacock,charlie peacock / forgiveness (love life album version),405,train
marc dorsey,love you again,0,0.671,0.471,7,-6.943,1,0.0285,0.461,0.0,0.179,0.524,138.021,0,518,marc dorsey,marc dorsey / love you again,518,validation
nas,nastradamus,0,0.823,0.62,8,-8.002,1,0.329,0.000484,0.0,0.494,0.628,90.57,1,519,nas,nas / nastradamus,519,train
richie rich,do gs get to go to heaven?,0,0.673,0.427,2,-10.131,1,0.248,0.602,0.000663,0.096,0.444,84.127,1,520,richie rich,richie rich / do gs get to go to heaven?,520,train
the high strung,the luck you got,0,0.31,0.972,7,-3.663,1,0.197,0.000831,6.38e-06,0.154,0.311,139.039,0,521,the high strung,the high strung / the luck you got,521,train
the stooges,t.v. eye (take 3),0,0.418,0.916,9,-6.679,1,0.0526,0.00268,0.706,0.346,0.662,132.384,0,522,the stooges,the stooges / t.v. eye (take 3),522,train
shawn colvin,sunny came home,0,0.554,0.58,11,-8.05,0,0.0322,0.344,0.00842,0.0989,0.402,167.83,1,523,shawn colvin,shawn colvin / sunny came home,523,train
mae west,little bar butterfly,0,0.66,0.407,7,-7.583,1,0.557,0.979,0.00367,0.368,0.871,107.501,0,524,mae west,mae west / little bar butterfly,524,train
amy grant,i will remember you,0,0.473,0.173,10,-9.853,1,0.0264,0.937,7.7e-05,0.118,0.286,83.372,1,525,amy grant,amy grant / i will remember you,525,train
cake,arco arena,0,0.701,0.552,9,-9.546,0,0.0429,0.401,0.648,0.118,0.799,78.949,0,526,cake,cake / arco arena,526,train
aaliyah,at your best (you are love),0,0.626,0.441,9,-10.637,0,0.0308,0.761,0.0138,0.0685,0.563,78.094,1,527,aaliyah,aaliyah / at your best (you are love),109,train
en vogue,love dont love you,1,0.832,0.643,5,-6.754,0,0.0302,0.138,7.68e-05,0.246,0.779,107.964,1,528,en vogue,en vogue / love dont love you,164,train
jonny lang,one person at a time,0,0.736,0.624,2,-6.899,0,0.164,0.0482,0.0,0.0892,0.819,111.126,0,529,jonny lang,jonny lang / one person at a time,529,train
arctic monkeys,dancing shoes,0,0.522,0.889,1,-4.137,1,0.0461,0.00328,0.0,0.345,0.852,144.499,0,530,arctic monkeys,arctic monkeys / dancing shoes,530,train
pearl jam,you are,0,0.427,0.884,4,-8.631,1,0.0905,0.0301,0.211,0.109,0.623,176.563,0,531,pearl jam,pearl jam / you are,531,test
richard galliano,honey fingers,0,0.46,0.455,0,-15.176,1,0.0923,0.505,0.0132,0.279,0.513,93.361,0,532,richard galliano,richard galliano / honey fingers,532,train
usher,burn,1,0.796,0.477,1,-7.161,1,0.108,0.314,0.0,0.12,0.685,119.928,1,533,usher,usher / burn,257,train
dj quik,tonite,0,0.965,0.449,0,-15.225,1,0.237,0.0502,1.17e-06,0.267,0.722,105.392,1,534,dj quik,dj quik / tonite,308,validation
alana davis,32 flavors,0,0.659,0.702,2,-9.255,1,0.0308,0.11,0.000136,0.365,0.402,94.28,1,535,alana davis,alana davis / 32 flavors,535,test
the crystal method,keep hope alive,0,0.42,0.968,7,-9.047,1,0.07,0.00121,0.891,0.0921,0.37,124.837,0,536,the crystal method,the crystal method / keep hope alive,536,train
devanic,i am,0,0.352,0.919,4,-6.712,1,0.2,0.00114,5.27e-05,0.0763,0.179,97.49,0,537,devanic,devanic / i am,537,validation
everything but the girl,wrong,0,0.797,0.544,10,-11.154,0,0.0476,0.00157,0.121,0.117,0.555,123.224,1,538,everything but the girl,everything but the girl / wrong,538,train
rick astley,cry for help,1,0.563,0.522,0,-10.226,1,0.0222,0.551,0.0,0.285,0.457,89.969,1,539,rick astley,rick astley / cry for help,77,train
jim reeves,mexican joe,0,0.753,0.334,9,-12.435,1,0.0528,0.795,0.0,0.0768,0.949,126.081,0,540,jim reeves,jim reeves / mexican joe,302,train
vertical horizon,everything you want,0,0.637,0.759,3,-6.389,0,0.0305,0.0504,0.0,0.0642,0.741,93.898,1,541,vertical horizon,vertical horizon / everything you want,541,train
2pac,i get around,0,0.849,0.422,10,-13.95,0,0.122,0.157,1.19e-05,0.255,0.624,96.216,1,542,2pac,2pac / i get around,306,test
stacie orrico,stuck,0,0.377,0.904,4,-3.634,0,0.307,0.0747,0.0,0.334,0.595,200.566,1,543,stacie orrico,stacie orrico / stuck,543,train
tommy castro,sho enough,0,0.826,0.783,7,-6.366,0,0.0306,0.515,0.000361,0.297,0.973,122.135,0,544,tommy castro,tommy castro / sho enough,544,validation
fall out boy,thnks fr th mmrs,0,0.459,0.884,10,-5.005,0,0.0644,0.00539,0.0,0.107,0.615,154.868,1,545,fall out boy,fall out boy / thnks fr th mmrs,545,train
sandi thom,when horsepower meant what it said,0,0.715,0.689,4,-6.131,1,0.0612,0.0148,7.13e-06,0.119,0.89,105.014,0,546,sandi thom,sandi thom / when horsepower meant what it said,546,validation
mariano yanani,why should i cry for you,0,0.269,0.169,8,-15.746,1,0.0368,0.965,0.876,0.112,0.28,158.971,0,547,mariano yanani,mariano yanani / why should i cry for you,547,train
showbread,dinosaur bones,0,0.684,0.97,7,-4.699,1,0.123,0.00821,4.26e-05,0.0569,0.507,112.713,0,548,showbread,showbread / dinosaur bones,379,train
madonna,what it feels like for a girl,1,0.67,0.627,8,-9.497,1,0.0478,0.201,0.00161,0.154,0.582,104.988,1,549,madonna,madonna / what it feels like for a girl,248,validation
k-ci & jojo,life,0,0.634,0.528,1,-8.834,1,0.0309,0.117,2.26e-06,0.0565,0.18,128.0,1,550,k-ci & jojo,k-ci & jojo / life,436,train
seven mary three,hammer & a stone,1,0.322,0.287,0,-12.994,1,0.0302,0.927,0.574,0.69,0.216,138.012,0,551,seven mary three,seven mary three / hammer & a stone,551,validation
glee cast,only the good die young,1,0.572,0.885,0,-5.6,1,0.0866,0.288,0.0,0.0936,0.535,150.072,1,552,glee cast,glee cast / only the good die young,57,train
pilar montenegro,quitame ese hombre,0,0.683,0.657,0,-4.367,0,0.0473,0.224,0.0,0.251,0.963,155.988,1,553,pilar montenegro,pilar montenegro / quitame ese hombre,553,train
michael bolton,said i loved you...but i lied,1,0.547,0.569,10,-8.644,1,0.0271,0.189,7.05e-06,0.156,0.432,159.713,1,554,michael bolton,michael bolton / said i loved you...but i lied,554,train
mastodon,deep sea creature,0,0.269,0.993,5,-3.219,1,0.171,6.53e-06,0.134,0.195,0.218,87.795,0,555,mastodon,mastodon / deep sea creature,46,test
bob carlisle,man of no reputation,0,0.649,0.404,7,-15.067,1,0.0408,0.523,2.42e-05,0.0764,0.362,155.442,0,556,bob carlisle,bob carlisle / man of no reputation,556,train
boyz ii men,water runs dry,1,0.573,0.377,0,-12.9,1,0.0278,0.419,0.0,0.142,0.565,89.599,1,557,boyz ii men,boyz ii men / water runs dry,557,validation
atomship,whitfield,0,0.537,0.9,10,-5.292,1,0.0625,0.000384,0.0283,0.119,0.364,135.817,0,558,atomship,atomship / whitfield,558,train
jodeci,im still waiting,0,0.695,0.593,0,-13.593,0,0.0383,0.0937,0.0,0.0701,0.77,127.01,1,559,jodeci,jodeci / im still waiting,559,train
guaco,venite pa maracaibo,0,0.779,0.784,0,-10.316,1,0.0533,0.367,0.0,0.292,0.973,112.871,0,560,guaco,guaco / venite pa maracaibo,560,validation
vangelis,twilight,0,0.212,0.0932,7,-25.532,0,0.0434,0.893,0.843,0.652,0.194,143.232,0,561,vangelis,vangelis / twilight,113,test
janet jackson,again,1,0.873,0.591,7,-8.942,1,0.102,0.0788,0.0071,0.104,0.496,123.091,0,562,janet jackson,janet jackson / again,275,train
snow patrol,shut your eyes,0,0.692,0.738,1,-6.43,1,0.0283,0.149,0.00013,0.0836,0.841,124.992,0,563,snow patrol,snow patrol / shut your eyes,563,test
lexie mountain boys,lullaby for the dead in our life,0,0.116,0.123,6,-14.0,1,0.0387,0.95,0.000476,0.238,0.0386,69.762,0,564,lexie mountain boys,lexie mountain boys / lullaby for the dead in our life,564,train
blackalicious,ego trip by nikki giovanni,0,0.683,0.671,1,-5.601,0,0.31,0.223,0.0,0.103,0.962,75.338,0,565,blackalicious,blackalicious / ego trip by nikki giovanni,565,train
pepper,point and shoot (demo),0,0.465,0.752,9,-7.436,1,0.0505,0.161,0.0,0.0675,0.41,82.346,0,566,pepper,pepper / point and shoot (demo),433,validation
james newton howard,u north,0,0.158,0.135,11,-32.174,0,0.0746,0.752,0.929,0.101,0.0216,180.067,0,567,james newton howard,james newton howard / u north,567,train
liz phair,why cant i?,0,0.487,0.759,11,-4.849,1,0.0405,0.0273,0.0,0.165,0.227,80.958,1,568,liz phair,liz phair / why cant i?,568,validation
bow wow wow,c30 c60 c90 go,0,0.641,0.692,10,-8.46,0,0.0562,0.178,0.418,0.0535,0.583,115.048,0,569,bow wow wow,bow wow wow / c30 c60 c90 go,569,test
gonzalo rubalcaba,improv #1,0,0.291,0.167,10,-23.477,1,0.0577,0.966,0.931,0.106,0.186,68.724,0,570,gonzalo rubalcaba,gonzalo rubalcaba / improv #1,570,train
creedence clearwater revisited,proud mary,0,0.656,0.883,2,-6.074,1,0.0411,0.00761,0.0,0.911,0.69,123.356,0,571,creedence clearwater revisited,creedence clearwater revisited / proud mary,571,test
blessid union of souls,i wanna be there,1,0.506,0.657,7,-7.291,1,0.0278,0.0373,0.0,0.0432,0.496,140.481,1,572,blessid union of souls,blessid union of souls / i wanna be there,387,train
the smashing pumpkins,rotten apples,1,0.219,0.302,3,-13.381,0,0.0357,0.275,9.28e-06,0.0951,0.295,184.965,0,573,the smashing pumpkins,the smashing pumpkins / rotten apples,318,train
simon & garfunkel,citizen of the planet,0,0.419,0.466,7,-13.067,1,0.0365,0.637,0.0,0.302,0.521,74.887,0,574,simon & garfunkel,simon & garfunkel / citizen of the planet,574,test
gwar,slap u around,0,0.556,0.762,1,-8.929,1,0.0456,0.0026,0.000538,0.169,0.829,136.161,0,575,gwar,gwar / slap u around,101,train
bone thugs-n-harmony,murder one,1,0.734,0.672,9,-4.732,1,0.0908,0.32,0.0,0.302,0.447,75.986,0,576,bone thugs-n-harmony,bone thugs-n-harmony / murder one,576,train
gertrudis,quitxalla,0,0.728,0.89,4,-7.888,0,0.0403,0.549,0.00506,0.899,0.818,109.915,0,577,gertrudis,gertrudis / quitxalla,249,train
limp bizkit,rollin,1,0.599,0.932,9,-3.328,1,0.18,0.00506,0.0,0.269,0.692,96.234,1,578,limp bizkit,limp bizkit / rollin,578,train
charlie haden,american dreams,0,0.245,0.0433,2,-25.102,1,0.0336,0.787,0.918,0.105,0.0379,85.967,0,579,charlie haden,charlie haden / american dreams,579,validation
themselves,directions to my special place,0,0.629,0.486,2,-12.909,0,0.39,0.309,0.0,0.419,0.798,95.011,0,580,themselves,themselves / directions to my special place,480,test
cama,walk with you,0,0.857,0.691,4,-4.323,1,0.0324,0.165,0.000177,0.0936,0.964,93.048,0,581,cama,cama / walk with you,581,train
digital mystikz,molten,0,0.659,0.473,1,-6.52,1,0.0455,0.000888,0.849,0.357,0.0767,142.992,0,582,digital mystikz,digital mystikz / molten,582,train
lifer,boring,0,0.593,0.934,5,-4.385,1,0.0667,0.000316,5.4e-06,0.222,0.374,104.563,0,583,lifer,lifer / boring,583,validation
bongzilla,stone a pig,0,0.299,0.775,0,-7.745,1,0.0529,0.00293,0.702,0.381,0.149,115.819,0,584,bongzilla,bongzilla / stone a pig,584,train
toots & the maytals,she will never let me down,0,0.737,0.465,10,-10.666,1,0.041,0.518,0.0,0.0644,0.905,120.847,0,585,toots & the maytals,toots & the maytals / she will never let me down,585,train
clipse,grindin,0,0.592,0.77,1,-3.402,1,0.318,0.122,1.22e-06,0.103,0.361,191.692,1,586,clipse,clipse / grindin,586,validation
blind boy fuller,precious lord,0,0.558,0.18,7,-13.769,1,0.0692,0.994,0.838,0.165,0.669,142.055,0,587,blind boy fuller,blind boy fuller / precious lord,587,test
papa wemba,excuse me,0,0.66,0.229,0,-15.603,1,0.862,0.926,0.0,0.261,0.313,87.94,0,588,papa wemba,papa wemba / excuse me,389,train
coldplay,a rush of blood to the head (live in sydney),0,0.213,0.526,5,-8.018,1,0.0319,0.227,0.00218,0.36,0.0621,137.834,0,589,coldplay,coldplay / a rush of blood to the head (live in sydney),181,test
orthrelm,scelxenak,0,0.272,0.85,0,-7.785,0,0.106,0.0168,0.944,0.073,0.177,105.855,0,590,orthrelm,orthrelm / scelxenak,590,train
ten madison,elementro,0,0.663,0.954,8,-7.929,0,0.0493,0.00125,0.878,0.123,0.424,138.998,0,591,ten madison,ten madison / elementro,591,test
karen peck and new river,my god will always be enough,0,0.42,0.126,11,-12.026,1,0.0355,0.878,0.0,0.118,0.233,110.951,0,592,karen peck and new river,karen peck and new river / my god will always be enough,592,validation
unk,2 step,1,0.721,0.72,9,-6.145,0,0.192,0.0564,0.0,0.173,0.643,76.976,1,593,unk,unk / 2 step,593,train
alan jackson,where were you (when the world stopped turning),1,0.623,0.387,0,-9.537,1,0.0316,0.549,0.0,0.0764,0.189,115.362,1,594,alan jackson,alan jackson / where were you (when the world stopped turning),594,validation
jennifer hanson,beautiful goodbye,0,0.623,0.878,2,-3.662,1,0.0372,0.146,0.00191,0.137,0.608,113.225,1,595,jennifer hanson,jennifer hanson / beautiful goodbye,595,train
stevie ray vaughan and double trouble,tin pan alley (aka roughest place in town),0,0.576,0.0968,6,-19.439,0,0.036,0.546,0.286,0.226,0.168,113.232,0,596,stevie ray vaughan and double trouble,stevie ray vaughan and double trouble / tin pan alley (aka roughest place in town),596,train
buju banton,destiny,0,0.82,0.683,4,-7.686,1,0.0613,0.0231,0.0,0.217,0.795,134.916,0,597,buju banton,buju banton / destiny,597,validation
nolwenn leroy,etre une femme,0,0.637,0.528,1,-5.953,0,0.025,0.257,1.62e-05,0.111,0.289,89.755,0,598,nolwenn leroy,nolwenn leroy / etre une femme,598,train
ice-t,"new jack hustler (ninos theme) (from new jack city"")""",0,0.83,0.859,7,-9.213,1,0.124,0.000971,0.0,0.214,0.654,109.321,1,599,ice-t,"ice-t / new jack hustler (ninos theme) (from new jack city"")""",599,train
nando lauria,o come all ye faithful,0,0.143,0.204,10,-14.753,1,0.0318,0.917,0.664,0.148,0.0755,49.564,0,600,nando lauria,nando lauria / o come all ye faithful,600,train
the all-american rejects,it ends tonight,1,0.335,0.676,0,-4.68,1,0.0301,0.00275,0.0,0.141,0.341,175.845,1,601,the all-american rejects,the all-american rejects / it ends tonight,601,train
judas iscariot,babylon,0,0.135,0.998,2,-7.455,1,0.0754,0.149,0.428,0.379,0.0246,79.678,0,602,judas iscariot,judas iscariot / babylon,602,train
justin bieber,that should be me,1,0.533,0.627,8,-5.584,1,0.0333,0.198,0.0,0.182,0.263,139.919,1,603,justin bieber,justin bieber / that should be me,56,train
la portuaria,down on the corner,0,0.886,0.367,4,-6.485,1,0.0592,0.064,0.0,0.111,0.649,99.936,0,604,la portuaria,la portuaria / down on the corner,604,train
intonation featuring joee,died in your arms,0,0.809,0.696,7,-10.352,0,0.0473,0.0784,1.62e-05,0.19,0.668,126.622,1,605,intonation featuring joee,intonation featuring joee / died in your arms,605,train
the strokes,between love & hate,0,0.453,0.61,9,-4.935,1,0.0254,5.35e-05,0.545,0.101,0.525,104.188,0,606,the strokes,the strokes / between love & hate,606,train
set your goals,the fallen...,0,0.268,0.998,8,-1.522,1,0.388,0.0062,1.71e-05,0.108,0.227,194.655,0,607,set your goals,set your goals / the fallen...,607,test
paul cantelon,the other boleyn girl - opening titles,0,0.27,0.145,0,-17.892,0,0.0335,0.807,0.219,0.0761,0.0351,86.745,0,608,paul cantelon,paul cantelon / the other boleyn girl - opening titles,608,train
taint,hex breaker,0,0.3,0.851,1,-4.113,0,0.0719,3.84e-05,1.43e-05,0.306,0.309,92.2,0,609,taint,taint / hex breaker,609,test
madonna,nothing really matters,1,0.707,0.692,0,-6.937,1,0.0409,0.0534,0.00796,0.0649,0.248,116.868,1,610,madonna,madonna / nothing really matters,248,validation
amoral,the last round,0,0.252,0.917,7,-5.599,1,0.107,6.16e-06,0.826,0.142,0.296,106.476,0,611,amoral,amoral / the last round,611,train
50 cent,piggy bank,1,0.48,0.845,10,-4.127,0,0.303,0.012,0.0,0.331,0.872,79.374,1,612,50 cent,50 cent / piggy bank,241,validation
shaggy,alimony,0,0.796,0.898,10,-7.375,0,0.163,0.068,0.0,0.0814,0.939,89.969,0,613,shaggy,shaggy / alimony,613,train
eastmountainsouth,hard times,0,0.604,0.434,6,-8.873,1,0.0283,0.719,1.56e-05,0.0896,0.354,126.052,0,614,eastmountainsouth,eastmountainsouth / hard times,614,test
zeromancer,the death of romance,0,0.544,0.877,5,-6.556,1,0.0362,0.0212,0.000418,0.213,0.416,128.039,0,615,zeromancer,zeromancer / the death of romance,615,train
david banner,syrup sipping (banner beat break),1,0.836,0.34,3,-11.618,0,0.221,0.0394,0.0,0.14,0.37,83.53,0,616,david banner,david banner / syrup sipping (banner beat break),616,validation
billy ray cyrus,couldve been me,0,0.624,0.603,7,-10.627,1,0.0339,0.0799,0.0,0.104,0.504,120.549,1,617,billy ray cyrus,billy ray cyrus / couldve been me,617,train
nerf herder,nervous breakdown,0,0.453,0.972,7,-2.649,1,0.06,0.011,0.00161,0.285,0.38,94.942,0,618,nerf herder,nerf herder / nervous breakdown,618,train
swami,tonight,0,0.709,0.832,6,-6.151,1,0.0391,0.0317,0.0,0.0758,0.766,137.922,0,619,swami,swami / tonight,619,train
shades,serenade,0,0.534,0.464,0,-11.987,1,0.0268,0.797,0.54,0.0744,0.347,156.001,1,620,shades,shades / serenade,620,test
adam ant,mohair locker room pin-up boys,0,0.499,0.964,10,-6.331,1,0.0447,0.105,8.93e-06,0.347,0.847,165.318,0,621,adam ant,adam ant / mohair locker room pin-up boys,621,test
captain hollywood project,all i want,0,0.717,0.677,4,-12.76,0,0.0662,0.102,0.0794,0.0912,0.267,109.877,0,622,captain hollywood project,captain hollywood project / all i want,465,validation
whitney houston,all the man that i need,0,0.485,0.577,5,-9.98,0,0.0323,0.462,0.0,0.0486,0.286,150.888,1,623,whitney houston,whitney houston / all the man that i need,623,test
clay crosse,i surrender all,0,0.523,0.486,2,-8.165,1,0.0295,0.00744,0.0,0.15,0.176,67.378,0,624,clay crosse,clay crosse / i surrender all,624,train
tha liks,40 oz quartet part i,0,0.699,0.684,5,-6.605,0,0.637,0.275,0.0,0.946,0.812,80.015,0,625,tha liks,tha liks / 40 oz quartet part i,625,test
michael gettel,river run,0,0.2,0.39,11,-17.799,1,0.0374,0.203,0.923,0.0891,0.158,72.607,0,626,michael gettel,michael gettel / river run,626,test
redman,muh- f***a,0,0.755,0.97,7,-6.093,1,0.334,0.249,0.00233,0.19,0.469,93.193,0,627,redman,redman / muh- f***a,437,train
jesse malin,wendy,0,0.305,0.953,10,-4.979,1,0.0636,0.0301,1.35e-06,0.344,0.463,161.637,0,628,jesse malin,jesse malin / wendy,628,test
la portuaria,explorador,0,0.612,0.843,7,-9.219,1,0.037,0.00316,0.0018,0.0907,0.24,120.021,0,629,la portuaria,la portuaria / explorador,604,train
janet jackson,greatest x,1,0.678,0.686,1,-7.327,1,0.0363,0.135,0.0,0.187,0.561,114.032,0,630,janet jackson,janet jackson / greatest x,275,train
nicolas bacchus,josy,0,0.619,0.569,0,-5.966,0,0.305,0.76,0.0,0.733,0.697,133.663,0,631,nicolas bacchus,nicolas bacchus / josy,631,train
john wesley,cuttin the tree,0,0.61,0.556,7,-11.527,1,0.0725,0.185,0.0,0.964,0.55,87.742,0,632,john wesley,john wesley / cuttin the tree,632,train
cross country,tastes so good to me,0,0.357,0.825,3,-7.885,1,0.0915,0.198,5.46e-06,0.208,0.779,186.314,0,633,cross country,cross country / tastes so good to me,633,test
the ataris,make it last,0,0.259,0.944,7,-5.16,1,0.0677,0.00042,0.0,0.253,0.624,118.437,0,634,the ataris,the ataris / make it last,213,train
the irish tenors,the croppy boy,0,0.26,0.035,10,-21.021,1,0.0367,0.951,2.48e-06,0.109,0.0978,94.532,0,635,the irish tenors,the irish tenors / the croppy boy,635,test
goodie mob,dirty south,1,0.918,0.36,5,-9.952,0,0.275,0.029,0.0,0.0799,0.243,91.959,1,636,goodie mob,goodie mob / dirty south,636,train
kut klose,i like,0,0.705,0.439,6,-10.246,1,0.0263,0.378,1.75e-05,0.0654,0.65,112.397,1,637,kut klose,kut klose / i like,637,train
lil suzy,cant get you out of my mind,0,0.863,0.68,6,-6.018,0,0.0642,0.0457,0.000476,0.0853,0.875,130.092,1,638,lil suzy,lil suzy / cant get you out of my mind,638,train
bongzilla,cutdown,0,0.24,0.811,11,-6.347,1,0.0725,0.0374,0.933,0.242,0.473,91.178,0,639,bongzilla,bongzilla / cutdown,584,train
x-ecutioners featuring tom tom club & biz markie,genius of love 2002 (featuring tom tom club & biz markie),0,0.931,0.772,7,-5.583,1,0.187,0.0343,0.000172,0.37,0.73,102.634,0,640,x-ecutioners featuring tom tom club & biz markie,x-ecutioners featuring tom tom club & biz markie / genius of love 2002 (featuring tom tom club & biz markie),640,train
behemoth,here and beyond,0,0.312,0.948,1,-5.451,1,0.196,0.000591,8.63e-05,0.2,0.195,109.297,0,641,behemoth,behemoth / here and beyond,641,test
big & rich,lost in this moment,0,0.599,0.574,11,-7.363,1,0.0434,0.32,0.0,0.226,0.677,147.751,1,642,big & rich,big & rich / lost in this moment,471,test
flora purim,tomara (i wish),0,0.349,0.111,11,-18.005,0,0.0355,0.916,4.51e-05,0.277,0.135,120.358,0,643,flora purim,flora purim / tomara (i wish),148,test
leona lewis,i will be,0,0.406,0.6,7,-4.157,1,0.0298,0.132,0.0,0.15,0.205,149.987,1,644,leona lewis,leona lewis / i will be,321,test
mark wills,how bad do you want it,1,0.591,0.742,2,-5.42,1,0.0309,0.0236,0.0,0.127,0.696,96.108,0,645,mark wills,mark wills / how bad do you want it,212,test
alexis hk,juste une fois,0,0.563,0.228,9,-14.17,1,0.0852,0.853,0.0,0.382,0.508,92.928,0,646,alexis hk,alexis hk / juste une fois,646,train
robyn,do you know (what it takes),0,0.635,0.74,3,-4.439,0,0.0355,0.00465,0.0152,0.129,0.857,200.102,1,647,robyn,robyn / do you know (what it takes),647,train
jim chappell,almost us,0,0.322,0.121,7,-22.633,1,0.0594,0.943,0.917,0.123,0.0512,81.86,0,648,jim chappell,jim chappell / almost us,456,train
max-a-million,take your time (do it right),0,0.842,0.961,5,-6.134,1,0.0421,0.0193,0.0087,0.425,0.939,122.979,1,649,max-a-million,max-a-million / take your time (do it right),649,test
jinny,keep warm,0,0.674,0.884,0,-7.921,1,0.042,0.00243,0.0287,0.116,0.796,123.99,1,650,jinny,jinny / keep warm,650,test
sade,kiss of life,1,0.724,0.472,6,-11.298,0,0.0279,0.631,0.0374,0.0968,0.779,97.11,1,651,sade,sade / kiss of life,651,test
good charlotte,lifestyles of the rich and famous,0,0.62,0.93,1,-3.685,1,0.0374,0.00043,0.0,0.0686,0.609,106.22,1,652,good charlotte,good charlotte / lifestyles of the rich and famous,652,train
coldplay,talk,0,0.413,0.557,7,-10.841,0,0.0335,0.00548,0.00227,0.155,0.158,120.318,1,653,coldplay,coldplay / talk,181,test
blind lemon jefferson,long distance moan,0,0.691,0.0331,10,-14.197,1,0.0906,0.995,0.0587,0.112,0.608,106.387,0,654,blind lemon jefferson,blind lemon jefferson / long distance moan,654,train
the roches,we three kings,0,0.49,0.426,2,-13.129,0,0.0284,0.346,0.000784,0.0621,0.409,134.951,0,655,the roches,the roches / we three kings,655,train
christina aguilera,beautiful,1,0.457,0.573,5,-3.866,0,0.0275,0.578,3.05e-06,0.114,0.0992,76.193,0,656,christina aguilera,christina aguilera / beautiful,36,train
john mellencamp,peaceful world,1,0.578,0.841,1,-3.925,0,0.0345,0.0417,0.0,0.0638,0.458,88.123,0,657,john mellencamp,john mellencamp / peaceful world,390,train
ffh,here i am,0,0.388,0.615,3,-6.186,1,0.0294,0.126,0.0,0.0905,0.129,138.518,0,658,ffh,ffh / here i am,658,train
sandy posey,when will i be loved,0,0.685,0.585,4,-13.315,1,0.0343,0.153,0.0,0.116,0.836,121.06,0,659,sandy posey,sandy posey / when will i be loved,659,test
saliva,always,0,0.363,0.916,1,-4.344,1,0.0634,0.00944,0.0,0.174,0.38,182.131,1,660,saliva,saliva / always,660,validation
bill douglas,highland,0,0.596,0.271,7,-16.007,1,0.0392,0.927,0.947,0.109,0.472,103.677,0,661,bill douglas,bill douglas / highland,661,train
ludacris,number one spot,1,0.478,0.951,6,-4.159,1,0.409,0.0318,0.0,0.273,0.534,146.096,1,662,ludacris,ludacris / number one spot,188,train
easy star all-stars,with a little dub from my friends (feat. luciano and u roy),0,0.63,0.605,6,-8.386,0,0.0473,0.167,0.0,0.355,0.55,91.805,0,663,easy star all-stars,easy star all-stars / with a little dub from my friends (feat. luciano and u roy),663,train
helmet,your head,0,0.424,0.803,7,-11.777,1,0.0474,0.00719,0.547,0.0754,0.25,100.459,0,664,helmet,helmet / your head,664,test
grayson capps,i see you,0,0.426,0.285,7,-12.164,1,0.0511,0.637,1.65e-05,0.477,0.211,168.562,0,665,grayson capps,grayson capps / i see you,398,train
tamia,officially missing you,1,0.476,0.407,4,-9.239,0,0.0368,0.247,0.0,0.144,0.226,178.258,1,666,tamia,tamia / officially missing you,666,validation
heavenly,smile,0,0.544,0.499,2,-8.458,1,0.0327,0.0435,0.00354,0.252,0.711,139.694,0,667,heavenly,heavenly / smile,667,train
bt,knowledge of self (evol intent remix),0,0.416,0.991,10,-6.592,0,0.341,8.86e-05,0.929,0.955,0.113,178.258,0,668,bt,bt / knowledge of self (evol intent remix),335,train
aerosmith,crazy,0,0.37,0.866,6,-3.879,0,0.0384,0.0868,0.0,0.137,0.427,162.086,0,669,aerosmith,aerosmith / crazy,490,train
trick trick / eminem,welcome 2 detroit,0,0.583,0.779,11,-4.59,1,0.299,0.14,0.0,0.656,0.63,91.168,0,670,trick trick / eminem,trick trick / eminem / welcome 2 detroit,670,train
tim mcgraw,for a little while,1,0.554,0.815,7,-7.954,1,0.0256,0.133,0.0,0.0778,0.618,99.333,1,671,tim mcgraw,tim mcgraw / for a little while,205,validation
the offspring,why dont you get a job?,0,0.766,0.874,5,-4.486,1,0.0737,0.0746,1.59e-06,0.333,0.641,107.939,1,672,the offspring,the offspring / why dont you get a job?,672,train
lionel richie,in my dreams,1,0.568,0.639,4,-9.267,1,0.0426,0.458,0.0,0.149,0.864,84.805,0,673,lionel richie,lionel richie / in my dreams,240,test
garbage,vow,0,0.487,0.922,0,-4.551,1,0.0454,0.000398,0.00759,0.589,0.435,126.337,1,674,garbage,garbage / vow,110,train
uncle kracker,follow me,0,0.817,0.585,5,-4.688,1,0.0301,0.439,0.0,0.147,0.916,105.014,1,675,uncle kracker,uncle kracker / follow me,115,validation
shadows fall,what drives the weak,0,0.499,0.923,8,-4.043,1,0.0595,3.57e-05,0.000218,0.118,0.777,85.011,0,676,shadows fall,shadows fall / what drives the weak,676,validation
ludacris,southern hospitality,0,0.628,0.9,0,-4.877,1,0.258,0.043,0.0,0.0884,0.625,94.992,1,677,ludacris,ludacris / southern hospitality,188,train
destinys child,bug a boo,1,0.76,0.718,6,-3.087,1,0.147,0.00413,7.63e-06,0.18,0.927,104.42,1,678,destinys child,destinys child / bug a boo,678,test
steve vai,fever dream,0,0.51,0.924,4,-6.381,1,0.0446,0.0142,0.709,0.141,0.519,111.962,0,679,steve vai,steve vai / fever dream,679,train
oasis,wonderwall,0,0.372,0.865,2,-4.918,1,0.0381,0.000453,0.0,0.234,0.478,174.53,1,680,oasis,oasis / wonderwall,680,train
galactic,[hidden track],0,0.802,0.426,3,-7.124,1,0.0449,0.79,0.861,0.077,0.574,121.548,0,681,galactic,galactic / [hidden track],681,train
metallica,cyanide,1,0.313,0.993,11,-0.463,0,0.0751,0.000119,0.000335,0.303,0.497,129.255,1,682,metallica,metallica / cyanide,87,test
britney spears,someday (i will understand),0,0.523,0.561,0,-9.444,0,0.0275,0.732,2.55e-05,0.126,0.176,135.972,0,683,britney spears,britney spears / someday (i will understand),513,test
tim wilson,the michael vick song,0,0.72,0.751,5,-3.284,0,0.0396,0.354,0.0,0.154,0.738,122.271,0,684,tim wilson,tim wilson / the michael vick song,363,train
tre,take your time,0,0.511,0.811,7,-5.835,1,0.0567,0.00876,0.0,0.0868,0.583,89.678,1,685,tre,tre / take your time,685,train
vhs or beta,new day rising,0,0.658,0.597,7,-10.064,1,0.0367,8.55e-05,0.552,0.124,0.403,131.833,0,686,vhs or beta,vhs or beta / new day rising,686,train
bmx bandits,after i made love to you,0,0.448,0.388,1,-10.3,1,0.0281,0.696,0.0674,0.131,0.335,127.908,0,687,bmx bandits,bmx bandits / after i made love to you,687,train
jason michael carroll,no good in goodbye,0,0.391,0.796,2,-3.074,1,0.0338,0.352,0.0,0.278,0.334,175.37,0,688,jason michael carroll,jason michael carroll / no good in goodbye,64,validation
vanessa daou,evening,0,0.686,0.519,1,-12.253,1,0.0405,0.212,0.00534,0.112,0.355,144.91,0,689,vanessa daou,vanessa daou / evening,689,train
becky baeling,if you love me,0,0.618,0.779,7,-4.356,1,0.0522,0.0319,0.0,0.178,0.628,130.023,0,690,becky baeling,becky baeling / if you love me,690,validation
casa bulga,afraid of change (tribal vocal mix),0,0.751,0.922,0,-7.695,1,0.0441,0.000102,0.704,0.0399,0.399,125.006,0,691,casa bulga,casa bulga / afraid of change (tribal vocal mix),691,train
glee cast,me against the music,1,0.829,0.909,11,-5.836,0,0.0686,0.0878,0.0,0.193,0.791,120.011,1,692,glee cast,glee cast / me against the music,57,train
janet,all for you,1,0.776,0.88,2,-4.67,1,0.121,0.0118,0.0295,0.301,0.725,113.503,1,693,janet,janet / all for you,59,train
barenaked ladies,the old apartment,0,0.467,0.664,10,-10.189,1,0.0479,0.0448,0.0,0.365,0.642,159.858,1,694,barenaked ladies,barenaked ladies / the old apartment,694,train
neviss,spain,0,0.454,0.708,3,-5.601,1,0.0276,0.00527,0.705,0.112,0.126,93.961,0,695,neviss,neviss / spain,695,validation
turisas,sahti waari,0,0.42,0.885,0,-6.611,1,0.0466,0.00243,0.921,0.31,0.68,159.853,0,696,turisas,turisas / sahti waari,696,train
los fabulosos cadillacs,matador,0,0.543,0.962,4,-5.337,0,0.106,0.0274,0.027,0.09,0.639,193.66,0,697,los fabulosos cadillacs,los fabulosos cadillacs / matador,697,train
bob wills,south,0,0.737,0.717,3,-10.418,1,0.107,0.804,0.0114,0.159,0.845,125.952,0,698,bob wills,bob wills / south,698,train
thrice,the earth will shake,0,0.447,0.898,9,-4.575,0,0.0726,0.0125,0.104,0.155,0.136,125.099,0,699,thrice,thrice / the earth will shake,699,test
lady gaga,paparazzi,0,0.755,0.688,8,-3.97,1,0.0535,0.0947,0.0,0.0852,0.429,114.928,1,700,lady gaga,lady gaga / paparazzi,700,test
group home,supa star,0,0.707,0.776,4,-7.378,0,0.278,0.0195,2.05e-06,0.216,0.379,91.283,1,701,group home,group home / supa star,701,train
tracy chapman,give me one reason,0,0.608,0.419,11,-10.016,1,0.0331,0.602,7.58e-06,0.108,0.602,100.22,1,702,tracy chapman,tracy chapman / give me one reason,702,train
ben sidran,blowin in the wind,0,0.488,0.189,5,-16.688,1,0.0322,0.865,0.193,0.111,0.201,134.923,0,703,ben sidran,ben sidran / blowin in the wind,703,train
solo,where do u want me to put it,0,0.778,0.762,8,-5.85,1,0.0527,0.245,0.0,0.0901,0.811,87.005,1,704,solo,solo / where do u want me to put it,704,train
since the flood,guardian angel,0,0.177,0.981,1,-2.099,1,0.0981,9.91e-05,6.25e-05,0.098,0.442,177.136,0,705,since the flood,since the flood / guardian angel,105,train
luke vibert,gwithian,0,0.745,0.371,0,-14.18,0,0.032,0.332,0.687,0.11,0.454,101.92,0,706,luke vibert,luke vibert / gwithian,706,test
dcx,hold me,0,0.549,0.945,8,-5.833,1,0.0457,0.000381,0.112,0.245,0.667,134.993,0,707,dcx,dcx / hold me,707,train
nelly furtado,say it right,1,0.871,0.873,1,-6.234,1,0.13,0.0488,0.000747,0.0532,0.813,116.945,1,708,nelly furtado,nelly furtado / say it right,708,train
nas,i can,1,0.837,0.885,6,-3.914,0,0.182,0.103,0.0,0.0666,0.694,95.313,1,709,nas,nas / i can,519,train
scott matthews,underlying lies,0,0.504,0.653,10,-8.308,1,0.0381,0.0149,0.0109,0.0814,0.235,99.993,0,710,scott matthews,scott matthews / underlying lies,710,test
radiohead,2 + 2 = 5,0,0.443,0.717,5,-5.498,0,0.0504,0.182,5.1e-05,0.345,0.386,149.582,0,711,radiohead,radiohead / 2 + 2 = 5,294,validation
behemoth,no sympathy for fools,0,0.431,0.903,1,-6.405,1,0.0891,2.61e-05,0.0362,0.273,0.386,92.379,0,712,behemoth,behemoth / no sympathy for fools,641,test
atman,dancing with the goddess (ttt rmx),0,0.684,0.991,5,-8.629,0,0.0374,0.6,0.906,0.0803,0.249,127.01,0,713,atman,atman / dancing with the goddess (ttt rmx),713,train
charley patton,circle round the moon,0,0.303,0.43,5,-14.724,1,0.0365,0.9,0.742,0.419,0.599,131.226,0,714,charley patton,charley patton / circle round the moon,714,train
adam lambert,mad world,1,0.533,0.83,7,-5.416,1,0.038,0.379,0.0,0.953,0.156,114.126,1,715,adam lambert,adam lambert / mad world,715,validation
spose,im awesome,0,0.609,0.778,0,-5.492,1,0.366,0.149,1.21e-06,0.631,0.802,91.858,1,716,spose,spose / im awesome,716,train
cadacross,bring out your dead,0,0.5,0.974,4,-4.321,0,0.0672,0.000876,0.572,0.0939,0.365,92.492,0,717,cadacross,cadacross / bring out your dead,717,validation
bongzilla,champagne & reefer,0,0.28,0.819,4,-4.095,1,0.0391,0.00154,0.828,0.112,0.734,97.085,0,718,bongzilla,bongzilla / champagne & reefer,584,train
lil wayne,3 peat,1,0.616,0.632,6,-7.562,0,0.386,0.00114,0.0,0.0844,0.47,79.811,1,719,lil wayne,lil wayne / 3 peat,719,test
suicide,night time,0,0.361,0.709,0,-5.115,1,0.0322,0.559,0.849,0.873,0.209,101.613,0,720,suicide,suicide / night time,122,train
cockney rejects,easy life (live),0,0.24,0.913,7,-8.372,1,0.0915,0.43,0.000714,0.452,0.733,137.244,0,721,cockney rejects,cockney rejects / easy life (live),721,train
shedaisy,passenger seat,1,0.465,0.85,9,-3.224,1,0.0403,0.0304,1.12e-06,0.0268,0.785,156.111,1,722,shedaisy,shedaisy / passenger seat,218,train
moss,silent hill,0,0.266,0.699,9,-7.491,0,0.0369,0.00384,0.631,0.511,0.133,111.115,0,723,moss,moss / silent hill,723,train
deborah cox,the sound of my tears,0,0.704,0.564,4,-8.191,1,0.0686,0.444,0.00384,0.111,0.338,145.996,1,724,deborah cox,deborah cox / the sound of my tears,724,train
nofx,my heart is yearning,0,0.637,0.503,11,-11.619,0,0.0354,0.00176,0.627,0.0988,0.908,156.119,0,725,nofx,nofx / my heart is yearning,206,validation
devo,be stiff (live),0,0.525,0.983,9,-6.909,1,0.0885,0.0781,0.588,0.843,0.646,153.004,0,726,devo,devo / be stiff (live),726,test
v v brown,leave!,0,0.533,0.774,0,-6.444,1,0.0539,0.00033,1.52e-06,0.184,0.802,150.047,0,727,v v brown,v v brown / leave!,727,test
lenny kravitz,dig in,1,0.671,0.921,9,-3.878,1,0.0291,0.0129,0.0235,0.0579,0.825,118.424,1,728,lenny kravitz,lenny kravitz / dig in,372,train
toby keith,love me if you can,0,0.581,0.645,5,-6.274,1,0.0279,0.263,0.000926,0.0805,0.369,147.947,1,729,toby keith,toby keith / love me if you can,270,train
amorphis,crimson wave,0,0.521,0.859,9,-5.805,0,0.0306,3.29e-05,0.021,0.37,0.615,108.019,0,730,amorphis,amorphis / crimson wave,730,train
black tambourine,dream baby dream,0,0.393,0.803,5,-10.078,0,0.044,0.0116,0.725,0.106,0.169,131.455,0,731,black tambourine,black tambourine / dream baby dream,731,train
pierre perret,le poulet,0,0.667,0.399,0,-9.303,1,0.322,0.92,0.0,0.142,0.932,153.246,0,732,pierre perret,pierre perret / le poulet,732,train
porter wagoner,angel band,0,0.648,0.31,7,-9.576,1,0.0264,0.62,0.0,0.12,0.268,97.958,0,733,porter wagoner,porter wagoner / angel band,733,train
sophie b. hawkins,the ballad of sleeping beauty,0,0.664,0.76,9,-6.121,1,0.0311,0.473,0.0,0.0682,0.443,105.003,0,734,sophie b. hawkins,sophie b. hawkins / the ballad of sleeping beauty,734,train
nelly,(hot s**t) country grammar,0,0.889,0.643,2,-6.695,1,0.149,0.0171,0.0,0.236,0.641,81.371,1,735,nelly,nelly / (hot s**t) country grammar,735,train
p!nk,family portrait,1,0.761,0.687,0,-5.346,0,0.0487,0.0217,2.99e-06,0.562,0.779,91.808,1,736,p!nk,p!nk / family portrait,736,train
maroon 5,she will be loved,1,0.706,0.713,0,-5.512,0,0.0301,0.0596,0.0,0.132,0.544,102.037,1,737,maroon 5,maroon 5 / she will be loved,737,train
keith washington,bring it on,0,0.791,0.312,0,-8.735,1,0.0431,0.22,0.0,0.188,0.389,117.578,1,738,keith washington,keith washington / bring it on,738,train
arc angels,sent by angels,0,0.519,0.516,7,-10.819,1,0.0265,0.0403,0.00165,0.0536,0.362,83.879,0,739,arc angels,arc angels / sent by angels,739,train
loudermilk,mai,0,0.457,0.626,6,-6.285,1,0.0406,0.000381,0.319,0.252,0.24,112.517,0,740,loudermilk,loudermilk / mai,740,train
danny williams,the wonderful world of the young,0,0.194,0.251,8,-12.959,1,0.0371,0.944,0.0,0.0997,0.31,179.31,0,741,danny williams,danny williams / the wonderful world of the young,741,train
matisyahu,one day,0,0.346,0.61,0,-5.818,1,0.15,0.198,0.0,0.117,0.235,68.552,1,742,matisyahu,matisyahu / one day,742,validation
nerf herder,pantera fans in love,0,0.219,0.862,7,-6.25,1,0.0411,0.00159,0.0,0.182,0.761,199.583,0,743,nerf herder,nerf herder / pantera fans in love,618,train
phil collins,please come out tonight,1,0.39,0.243,3,-13.074,1,0.0296,0.853,0.00023,0.111,0.145,179.642,0,744,phil collins,phil collins / please come out tonight,61,train
porcupine tree,music for the head,0,0.257,0.0243,8,-29.005,0,0.0424,0.675,0.91,0.099,0.0325,126.631,0,745,porcupine tree,porcupine tree / music for the head,745,validation
tracy byrd,im from the country,0,0.678,0.893,2,-3.95,1,0.0452,0.246,0.0,0.268,0.959,129.579,1,746,tracy byrd,tracy byrd / im from the country,0,validation
los amigos invisibles,ultra-funk,0,0.667,0.903,0,-6.451,1,0.0398,0.0141,0.00915,0.309,0.823,109.463,0,747,los amigos invisibles,los amigos invisibles / ultra-funk,747,train
gertrudis,la nit de reis,0,0.737,0.804,2,-6.366,1,0.0436,0.0616,0.0084,0.13,0.673,112.065,0,748,gertrudis,gertrudis / la nit de reis,249,train
brandy,almost doesnt count,1,0.682,0.543,0,-7.063,0,0.0454,0.494,0.0,0.158,0.478,71.582,1,749,brandy,brandy / almost doesnt count,516,train
carl cox vs yousef,i want you (forever),0,0.671,0.969,4,-5.683,0,0.0475,0.000475,0.822,0.0471,0.288,130.0,0,750,carl cox vs yousef,carl cox vs yousef / i want you (forever),750,train
jordin sparks,battlefield,1,0.613,0.634,2,-3.472,1,0.0339,0.0178,0.0,0.0719,0.37,144.953,1,751,jordin sparks,jordin sparks / battlefield,751,validation
stephan micus,contessa entellina,0,0.119,0.00888,8,-26.802,1,0.044,0.962,0.0134,0.223,0.0397,61.924,0,752,stephan micus,stephan micus / contessa entellina,752,train
kardinal offishall / keri hilson,numba 1 (tide is high),0,0.521,0.921,7,-5.458,1,0.293,0.0288,0.0888,0.359,0.569,106.367,0,753,kardinal offishall / keri hilson,kardinal offishall / keri hilson / numba 1 (tide is high),753,train
lady gaga,poker face,1,0.846,0.815,4,-4.512,1,0.0761,0.139,2.19e-06,0.131,0.831,118.999,0,754,lady gaga,lady gaga / poker face,700,test
counting crows,hanginaround,0,0.499,0.783,0,-6.517,1,0.0837,0.303,0.0,0.744,0.707,91.396,1,755,counting crows,counting crows / hanginaround,755,train
desree,feel so high,1,0.606,0.532,5,-10.426,1,0.0657,0.632,0.0,0.164,0.433,161.085,1,756,desree,desree / feel so high,365,train
las ketchup,doble bombo,0,0.525,0.859,0,-3.686,1,0.0726,0.0159,0.0,0.117,0.676,168.007,0,757,las ketchup,las ketchup / doble bombo,757,train
the smashing pumpkins,thirty-three,1,0.606,0.332,6,-12.715,1,0.0324,0.000913,0.397,0.151,0.0796,126.625,1,758,the smashing pumpkins,the smashing pumpkins / thirty-three,318,train
talvin singh,traveller,0,0.309,0.501,10,-12.711,0,0.0405,0.0556,0.854,0.107,0.121,148.055,0,759,talvin singh,talvin singh / traveller,759,validation
taylor swift,innocent,1,0.552,0.608,1,-5.29,0,0.0259,0.186,0.0,0.125,0.17,134.05,1,760,taylor swift,taylor swift / innocent,250,train
photek,junk,0,0.714,0.872,1,-6.62,1,0.0693,0.000174,0.168,0.098,0.31,115.0,0,761,photek,photek / junk,66,train
george harrison,my sweet lord,0,0.538,0.704,1,-8.904,0,0.0332,0.0794,0.0,0.0867,0.583,120.963,1,762,george harrison,george harrison / my sweet lord,762,train
terry callier,satin doll,0,0.314,0.0661,7,-18.627,1,0.0337,0.676,5.89e-06,0.126,0.0951,179.739,0,763,terry callier,terry callier / satin doll,763,train
kt tunstall,boo hoo,0,0.664,0.531,7,-6.838,1,0.0278,0.487,0.000178,0.123,0.488,127.847,0,764,kt tunstall,kt tunstall / boo hoo,764,train
george lopez,only for the young,0,0.432,0.984,9,-8.041,1,0.894,0.817,2.16e-05,0.867,0.0325,112.036,0,765,george lopez,george lopez / only for the young,289,test
mance lipscomb,going down slow,0,0.606,0.0731,4,-21.566,1,0.0555,0.975,0.00579,0.108,0.674,100.368,0,766,mance lipscomb,mance lipscomb / going down slow,766,validation
nickelback,feelin way too damn good,0,0.51,0.818,5,-5.626,1,0.0415,0.000722,0.000659,0.151,0.395,156.05,1,767,nickelback,nickelback / feelin way too damn good,767,train
snow patrol,spitting games,0,0.498,0.89,7,-3.935,1,0.0292,0.000683,0.0476,0.562,0.518,145.168,0,768,snow patrol,snow patrol / spitting games,563,test
kanye west,street lights,0,0.641,0.488,1,-9.604,1,0.0349,0.0321,0.0293,0.233,0.441,125.497,0,769,kanye west,kanye west / street lights,53,validation
tigertailz,thrill pistol,0,0.525,0.865,2,-6.527,1,0.0459,4.71e-05,0.000474,0.123,0.503,133.962,0,770,tigertailz,tigertailz / thrill pistol,770,train
silversun pickups,panic switch,0,0.163,0.885,5,-4.623,0,0.0725,0.000202,0.0121,0.228,0.549,198.556,1,771,silversun pickups,silversun pickups / panic switch,771,validation
dj icey,a little louder,0,0.745,0.655,1,-6.643,0,0.0416,0.00636,0.265,0.138,0.568,133.015,0,772,dj icey,dj icey / a little louder,772,train
toby keith,country comes to town,1,0.698,0.921,9,-4.091,1,0.0387,0.0914,0.0,0.0602,0.685,123.766,1,773,toby keith,toby keith / country comes to town,270,train
tech n9ne,caribou lou,0,0.784,0.815,1,-2.703,1,0.298,0.127,0.0,0.0758,0.559,178.119,0,774,tech n9ne,tech n9ne / caribou lou,774,validation
bon jovi,i love this town,1,0.471,0.868,2,-4.564,1,0.0476,5.1e-05,1.08e-05,0.426,0.768,134.008,0,775,bon jovi,bon jovi / i love this town,29,train
color me badd,time and chance,1,0.697,0.451,2,-7.657,1,0.0776,0.027,6.26e-06,0.13,0.249,180.53,1,776,color me badd,color me badd / time and chance,776,test
francis dunnery,the ava song,0,0.642,0.739,4,-6.764,0,0.0383,0.469,0.00012,0.0909,0.725,101.644,0,777,francis dunnery,francis dunnery / the ava song,777,test
alicia keys,wait til you see my smile,1,0.622,0.506,7,-9.469,1,0.0269,0.364,0.0395,0.103,0.069,119.942,0,778,alicia keys,alicia keys / wait til you see my smile,439,train
bobby pulido,alma de metal,0,0.367,0.6,9,-8.828,1,0.0343,0.248,0.0,0.113,0.746,200.115,0,779,bobby pulido,bobby pulido / alma de metal,779,train
george nooks,better way of life,0,0.786,0.546,7,-6.019,0,0.0462,0.0183,0.0,0.381,0.798,149.884,0,780,george nooks,george nooks / better way of life,780,train
puddle of mudd,psycho,1,0.58,0.911,1,-3.467,1,0.0634,0.00838,0.0,0.241,0.433,126.046,1,781,puddle of mudd,puddle of mudd / psycho,121,train
tlc,diggin on you,1,0.719,0.631,6,-7.411,1,0.0451,0.0235,0.702,0.0686,0.456,80.126,1,782,tlc,tlc / diggin on you,782,train
depeche mode,walking in my shoes,0,0.535,0.702,2,-9.804,0,0.0294,0.0888,8.54e-06,0.302,0.483,93.083,1,783,depeche mode,depeche mode / walking in my shoes,359,train
yaki-da,i saw you dancing,0,0.474,0.634,2,-8.471,0,0.0514,0.185,0.000118,0.067,0.353,184.208,1,785,yaki-da,yaki-da / i saw you dancing,784,test
donna fargo,superman,0,0.611,0.676,11,-11.581,1,0.0457,0.52,3.85e-06,0.283,0.954,99.769,0,786,donna fargo,donna fargo / superman,785,validation
agnostic front,no one hears you,0,0.32,0.927,1,-4.668,1,0.0555,2.51e-06,0.0385,0.0782,0.705,99.837,0,787,agnostic front,agnostic front / no one hears you,786,test
walter trout,earrings on the table,0,0.461,0.0894,7,-18.445,1,0.041,0.932,0.0,0.0876,0.547,79.939,0,788,walter trout,walter trout / earrings on the table,787,train
50 cent / mobb deep,outta control,0,0.761,0.537,8,-8.139,0,0.272,0.0241,0.0,0.119,0.555,92.02,0,789,50 cent / mobb deep,50 cent / mobb deep / outta control,788,train
mu330,cursed again,0,0.696,0.565,0,-7.933,0,0.0506,0.327,0.555,0.116,0.307,126.416,0,790,mu330,mu330 / cursed again,789,test
sunscreem,perfect motion,0,0.793,0.585,7,-13.105,1,0.0579,0.0138,0.829,0.138,0.551,124.999,0,791,sunscreem,sunscreem / perfect motion,790,test
the mars volta,take the veil cerpin taxt,0,0.24,0.933,9,-3.397,0,0.14,0.00059,0.0211,0.112,0.387,91.56,0,792,the mars volta,the mars volta / take the veil cerpin taxt,791,train
christophe beck,why jack called,0,0.184,0.0192,5,-25.251,1,0.0422,0.949,0.705,0.0811,0.0375,74.252,0,793,christophe beck,christophe beck / why jack called,792,train
ann lee,so deep,0,0.612,0.925,11,-5.71,0,0.0292,0.000754,0.000101,0.116,0.602,131.986,0,794,ann lee,ann lee / so deep,793,test
bebo norman,britney,0,0.623,0.567,5,-6.317,1,0.0266,0.0786,0.00427,0.109,0.514,95.943,0,795,bebo norman,bebo norman / britney,268,train
taylor swift,mine,1,0.624,0.757,7,-2.94,1,0.0296,0.00265,1.87e-06,0.189,0.658,121.07,1,796,taylor swift,taylor swift / mine,250,train
fergie,big girls dont cry,1,0.712,0.647,7,-4.277,1,0.0336,0.239,0.0,0.0955,0.292,113.116,1,797,fergie,fergie / big girls dont cry,796,validation
john mayall,the witching hour,0,0.5,0.827,5,-5.086,0,0.0589,0.00374,0.000135,0.15,0.715,173.38,0,798,john mayall,john mayall / the witching hour,797,test
wilson phillips,impulsive,0,0.657,0.76,4,-8.613,1,0.0298,0.171,0.00551,0.224,0.71,107.872,1,799,wilson phillips,wilson phillips / impulsive,798,train
bersuit vergarabat,se viene,0,0.588,0.886,9,-4.997,0,0.0641,0.00569,0.0,0.105,0.962,147.962,0,800,bersuit vergarabat,bersuit vergarabat / se viene,799,test
warrior king,empress so divine,0,0.632,0.63,10,-4.851,1,0.0704,0.162,0.0,0.0385,0.728,80.66,0,801,warrior king,warrior king / empress so divine,800,train
naughty by nature,swing swang,1,0.894,0.745,5,-3.485,0,0.0869,0.0923,0.000245,0.0756,0.935,93.958,0,802,naughty by nature,naughty by nature / swing swang,801,test
amorphis,the lost name of god,0,0.166,0.771,8,-6.862,1,0.0548,0.000349,0.824,0.0646,0.162,128.071,0,803,amorphis,amorphis / the lost name of god,730,train
david bowie,im afraid of americans,0,0.62,0.755,10,-7.896,1,0.0762,0.00184,0.244,0.225,0.75,160.027,1,804,david bowie,david bowie / im afraid of americans,803,train
death ss,the healer,0,0.508,0.728,3,-7.088,0,0.0315,0.000653,0.000916,0.221,0.249,101.988,0,805,death ss,death ss / the healer,804,train
patty griffin,all creatures of our god and king,0,0.315,0.0749,9,-14.356,1,0.0394,0.957,1.86e-06,0.0966,0.224,93.522,0,806,patty griffin,patty griffin / all creatures of our god and king,805,validation
rise against,1000 good intentions,0,0.483,0.888,9,-4.925,1,0.124,0.000451,0.151,0.193,0.272,77.8,0,807,rise against,rise against / 1000 good intentions,806,test
lara,damit du dich in mich verliebst,0,0.667,0.593,2,-5.559,1,0.0251,0.792,0.0,0.281,0.495,82.023,0,808,lara,lara / damit du dich in mich verliebst,807,train
cauterize,shooting stars,0,0.491,0.916,1,-4.002,1,0.0417,0.000129,0.0246,0.0664,0.329,97.171,0,809,cauterize,cauterize / shooting stars,808,validation
love jones,i like young girls,0,0.558,0.797,9,-7.323,0,0.111,0.324,0.00189,0.103,0.599,175.5,0,810,love jones,love jones / i like young girls,809,test
daft punk,da funk,0,0.806,0.7,0,-5.269,0,0.0752,0.00196,0.891,0.267,0.892,111.215,0,811,daft punk,daft punk / da funk,810,test
pressha,splackavellie,0,0.733,0.674,8,-8.455,0,0.0594,0.0948,0.0,0.556,0.722,130.107,1,812,pressha,pressha / splackavellie,811,test
kings of leon,ragoo,0,0.741,0.764,2,-5.94,1,0.0301,0.0377,2.59e-06,0.0927,0.771,102.008,0,813,kings of leon,kings of leon / ragoo,812,train
the ting tings,thats not my name,0,0.755,0.901,9,-3.152,1,0.0893,0.0451,0.0373,0.363,0.959,145.042,1,814,the ting tings,the ting tings / thats not my name,813,test
extreme,stop the world,0,0.453,0.689,8,-8.261,1,0.0404,0.00428,0.00124,0.81,0.303,174.758,1,815,extreme,extreme / stop the world,814,train
whitney cummings,romance,0,0.392,0.991,2,-2.268,1,0.544,0.908,0.0,0.928,0.707,83.99,0,816,whitney cummings,whitney cummings / romance,815,train
britt nicole,good day,0,0.72,0.961,1,-3.052,1,0.185,0.0351,0.0,0.107,0.933,131.968,0,817,britt nicole,britt nicole / good day,816,train
christina aguilera,walk away,1,0.432,0.421,4,-6.053,0,0.102,0.523,1.8e-06,0.608,0.116,152.358,0,818,christina aguilera,christina aguilera / walk away,36,train
la portuaria,hasta el final,0,0.865,0.487,7,-7.409,1,0.0459,0.173,0.0055,0.106,0.513,122.01,0,819,la portuaria,la portuaria / hasta el final,604,train
aynsley lister,crazy,0,0.886,0.461,2,-8.684,1,0.0521,0.622,0.00317,0.325,0.718,96.42,0,820,aynsley lister,aynsley lister / crazy,819,train
unkle bob,what do i know,0,0.545,0.536,6,-6.704,0,0.026,0.102,0.0997,0.115,0.179,124.022,0,821,unkle bob,unkle bob / what do i know,820,train
glee cast featuring jonathan groff,bohemian rhapsody,1,0.389,0.419,0,-7.111,0,0.0286,0.417,0.0,0.171,0.381,142.975,1,822,glee cast featuring jonathan groff,glee cast featuring jonathan groff / bohemian rhapsody,821,train
ll cool j,mama said knock you out,1,0.791,0.759,10,-7.378,0,0.129,0.0314,0.674,0.255,0.619,102.382,1,823,ll cool j,ll cool j / mama said knock you out,401,test
sara bareilles,king of anything,0,0.676,0.762,1,-4.172,1,0.0351,0.461,0.0,0.0574,0.81,119.003,1,824,sara bareilles,sara bareilles / king of anything,823,train
snow patrol,chocolate,0,0.579,0.807,2,-4.351,1,0.0326,0.000542,0.00276,0.121,0.433,118.174,0,825,snow patrol,snow patrol / chocolate,563,test
jimmy mccracklin,gotta cut out,0,0.657,0.538,2,-9.244,0,0.036,0.827,0.000534,0.061,0.925,101.404,0,826,jimmy mccracklin,jimmy mccracklin / gotta cut out,825,train
wolfmother,white feather,0,0.572,0.886,9,-4.478,1,0.0534,0.000185,3.95e-05,0.245,0.702,111.606,0,827,wolfmother,wolfmother / white feather,826,train
rachel portman,bridget,0,0.0868,0.0277,4,-21.023,0,0.0419,0.966,0.74,0.123,0.037,66.352,0,828,rachel portman,rachel portman / bridget,827,train
keith murray,get lifted,0,0.849,0.549,2,-10.698,1,0.348,0.53,0.0,0.0552,0.696,92.585,1,829,keith murray,keith murray / get lifted,828,train
roger clyne & the peacemakers,mile high and risin,0,0.635,0.861,11,-4.593,1,0.0412,0.19,1.74e-06,0.17,0.857,148.918,0,830,roger clyne & the peacemakers,roger clyne & the peacemakers / mile high and risin,829,train
lifehouse,spin,0,0.467,0.897,1,-3.495,1,0.0601,0.000462,0.00022,0.0549,0.339,134.759,1,831,lifehouse,lifehouse / spin,158,validation
sierra maestra,abandonada / blancas azucenas,0,0.588,0.501,7,-13.437,1,0.0409,0.294,1.46e-06,0.0656,0.666,141.085,0,832,sierra maestra,sierra maestra / abandonada / blancas azucenas,831,test
naughty by nature,craziest,1,0.868,0.867,4,-5.976,0,0.28,0.267,1.08e-05,0.228,0.595,99.469,1,833,naughty by nature,naughty by nature / craziest,801,test
the chieftains,the raggle taggle gypsy,0,0.581,0.673,2,-6.206,0,0.0345,0.53,4.98e-05,0.23,0.823,104.825,0,834,the chieftains,the chieftains / the raggle taggle gypsy,833,train
guns n roses,catcher in the rye,1,0.332,0.924,4,-6.722,1,0.0511,0.0393,0.00529,0.348,0.388,170.424,0,835,guns n roses,guns n roses / catcher in the rye,834,train
the pharcyde,the climb/paranoia,0,0.739,0.856,9,-5.708,0,0.283,0.119,1.03e-05,0.237,0.467,80.935,0,836,the pharcyde,the pharcyde / the climb/paranoia,246,train
john williams,old man rocking chair,0,0.552,0.14,4,-10.704,1,0.0648,0.72,0.832,0.13,0.579,91.456,0,837,john williams,john williams / old man rocking chair,836,train
all-4-one,(shes got) skillz,0,0.942,0.595,8,-9.781,0,0.0458,0.152,0.000142,0.0861,0.958,100.41,1,838,all-4-one,all-4-one / (shes got) skillz,360,validation
matt redman,facedown,0,0.364,0.421,6,-7.716,1,0.0269,0.378,0.0,0.108,0.173,156.027,0,839,matt redman,matt redman / facedown,838,train
jan wayne,hello,0,0.821,0.606,6,-8.918,1,0.0707,0.0409,7.51e-05,0.0698,0.7,128.024,0,840,jan wayne,jan wayne / hello,839,train
clay davidson,unconditional,0,0.562,0.451,7,-7.799,1,0.0266,0.419,0.0,0.104,0.277,132.949,1,841,clay davidson,clay davidson / unconditional,840,test
tq,westside,0,0.685,0.62,4,-6.665,0,0.0406,0.19,0.0,0.158,0.372,82.52,1,842,tq,tq / westside,841,train
daughtry,over you,0,0.423,0.922,3,-2.602,1,0.0411,0.017,0.0,0.102,0.567,156.063,1,843,daughtry,daughtry / over you,842,train
n2deep,toss-up,0,0.928,0.71,8,-11.834,1,0.0603,0.00242,2.9e-06,0.08,0.771,106.03,1,844,n2deep,n2deep / toss-up,843,test
harry gregson-williams,the ball,0,0.313,0.401,8,-8.821,1,0.0349,0.021,0.0503,0.383,0.628,151.156,0,845,harry gregson-williams,harry gregson-williams / the ball,844,train
humanzi,fix the cracks,0,0.384,0.858,10,-3.807,1,0.0373,0.000184,0.318,0.0781,0.349,158.905,0,846,humanzi,humanzi / fix the cracks,845,train
lollipop lust kill,no answer (outro),0,0.284,0.454,1,-15.335,0,0.124,0.987,0.399,0.486,0.0354,119.944,0,847,lollipop lust kill,lollipop lust kill / no answer (outro),846,train
sheryl crow,steve mcqueen,1,0.557,0.876,0,-4.165,1,0.102,0.0518,0.0,0.0789,0.762,170.001,1,848,sheryl crow,sheryl crow / steve mcqueen,40,validation
deborah coleman,nobody to blame,0,0.564,0.797,9,-4.853,0,0.0285,0.0826,0.00212,0.715,0.379,140.449,0,849,deborah coleman,deborah coleman / nobody to blame,848,train
audioslave,i am the highway,1,0.341,0.662,9,-5.023,0,0.0335,0.105,0.0,0.113,0.2,174.875,1,850,audioslave,audioslave / i am the highway,849,train
no mercy,where do you go,0,0.734,0.828,10,-11.018,0,0.0318,0.0346,0.118,0.071,0.964,127.06,1,851,no mercy,no mercy / where do you go,850,train
george lopez,kids in the store,0,0.386,0.736,10,-14.317,1,0.946,0.851,0.0,0.914,0.354,75.839,0,852,george lopez,george lopez / kids in the store,289,test
fruit de la passion,tic tic tac,0,0.799,0.963,7,-7.446,0,0.0496,0.0542,0.000304,0.345,0.895,104.95,1,853,fruit de la passion,fruit de la passion / tic tic tac,852,test
toni braxton,let me show you the way (out),1,0.62,0.755,6,-4.782,0,0.169,0.0362,0.000777,0.341,0.658,181.972,0,854,toni braxton,toni braxton / let me show you the way (out),4,train
finest dearest,tunnel vision,0,0.39,0.8,0,-6.685,0,0.033,0.0351,0.492,0.115,0.279,127.593,0,855,finest dearest,finest dearest / tunnel vision,75,validation
super cat,them no care,0,0.812,0.824,11,-7.702,1,0.0791,0.104,0.0,0.0603,0.97,157.459,0,856,super cat,super cat / them no care,855,validation
third eye blind,deep inside of you,1,0.502,0.591,7,-4.522,1,0.0242,0.00585,1.9e-05,0.0725,0.169,81.782,1,857,third eye blind,third eye blind / deep inside of you,856,train
michael jackson,history,1,0.43,0.594,1,-7.74,1,0.12,0.474,0.0,0.592,0.456,93.906,0,858,michael jackson,michael jackson / history,254,test
avant,when it hurts,1,0.682,0.646,11,-5.509,1,0.0839,0.376,0.0,0.0705,0.253,128.279,1,859,avant,avant / when it hurts,858,train
prince,the greatest romance ever sold,1,0.844,0.457,8,-6.859,1,0.0422,0.37,4.88e-06,0.0768,0.594,90.022,1,860,prince,prince / the greatest romance ever sold,859,test
glee cast featuring gwyneth paltrow,forget you,1,0.674,0.736,2,-5.446,1,0.0385,0.0704,1.89e-06,0.15,0.85,127.427,1,861,glee cast featuring gwyneth paltrow,glee cast featuring gwyneth paltrow / forget you,860,validation
spiral stairs,ladies and gentlemen,0,0.589,0.128,1,-22.509,1,0.542,0.387,0.0,0.382,0.159,95.29,0,862,spiral stairs,spiral stairs / ladies and gentlemen,358,validation
steve riley & the mamou playboys,katherine,0,0.527,0.68,7,-7.659,1,0.0391,0.48,1.67e-05,0.164,0.785,125.145,0,863,steve riley & the mamou playboys,steve riley & the mamou playboys / katherine,862,train
b.g. the prince of rap,this beat is hot,0,0.771,0.936,2,-7.741,1,0.0556,0.0411,0.00312,0.0554,0.476,112.0,1,864,b.g. the prince of rap,b.g. the prince of rap / this beat is hot,863,test
williamson,breathe easy,0,0.312,0.431,4,-9.36,1,0.0477,0.84,0.00084,0.092,0.213,77.433,0,865,williamson,williamson / breathe easy,864,train
dakota moon,a promise i make,0,0.711,0.481,0,-8.135,0,0.0242,0.273,0.0,0.0952,0.392,90.118,1,866,dakota moon,dakota moon / a promise i make,865,test
diamond d,intro,0,0.462,0.658,5,-9.271,0,0.424,0.26,0.0,0.119,0.525,184.838,0,867,diamond d,diamond d / intro,866,train
sister hazel,concede,0,0.481,0.82,2,-6.167,1,0.038,0.0152,0.000336,0.108,0.317,142.842,0,868,sister hazel,sister hazel / concede,867,train
rick astley,the bottom line,0,0.502,0.487,0,-15.474,1,0.0508,0.464,0.000159,0.0911,0.711,174.637,0,869,rick astley,rick astley / the bottom line,77,train
isabel pantoja,adelante,0,0.513,0.493,0,-6.395,1,0.0485,0.739,0.0,0.197,0.245,90.624,0,870,isabel pantoja,isabel pantoja / adelante,435,train
iggy pop,5 foot 1,0,0.438,0.772,2,-9.166,1,0.158,0.00231,0.000301,0.326,0.641,166.933,0,871,iggy pop,iggy pop / 5 foot 1,870,validation
gorillaz,feel good inc,0,0.818,0.705,6,-6.679,1,0.177,0.00836,0.00233,0.613,0.772,138.559,1,872,gorillaz,gorillaz / feel good inc,297,train
john van tongeren,salvation,0,0.485,0.675,0,-8.837,1,0.0309,0.0533,0.95,0.157,0.912,150.181,0,873,john van tongeren,john van tongeren / salvation,872,validation
mike vax,trumpet blues and cantabile,0,0.429,0.369,7,-10.118,1,0.032,0.501,0.774,0.169,0.524,108.147,0,874,mike vax,mike vax / trumpet blues and cantabile,873,validation
melissa etheridge,im the only one,0,0.613,0.476,0,-9.648,1,0.0321,0.0448,0.0,0.0608,0.644,84.938,1,875,melissa etheridge,melissa etheridge / im the only one,874,validation
alabama,keepin up,0,0.677,0.756,4,-7.063,1,0.0245,0.0272,0.0,0.0981,0.805,133.921,1,876,alabama,alabama / keepin up,875,train
jerry goldsmith,the keys,0,0.219,0.166,5,-28.018,0,0.0501,0.607,0.935,0.1,0.12,129.287,0,877,jerry goldsmith,jerry goldsmith / the keys,876,train
bel canto,rumour (abstract hip hop mix),0,0.272,0.267,7,-17.844,1,0.0345,0.85,0.000146,0.482,0.475,105.058,0,878,bel canto,bel canto / rumour (abstract hip hop mix),877,train
glee cast,time warp,1,0.395,0.817,11,-5.757,0,0.125,0.0442,7.23e-05,0.243,0.635,176.196,1,879,glee cast,glee cast / time warp,57,train
snowgoons,planetary takeover,0,0.481,0.939,1,-4.359,1,0.369,0.0287,0.0,0.17,0.293,93.837,0,880,snowgoons,snowgoons / planetary takeover,879,test
alicia keys,no one,1,0.649,0.552,1,-5.419,0,0.0292,0.03,6.47e-06,0.111,0.158,89.969,1,881,alicia keys,alicia keys / no one,439,train
darius rucker,this,0,0.584,0.524,4,-6.001,1,0.0287,0.335,0.0,0.11,0.389,143.863,1,882,darius rucker,darius rucker / this,392,test
gene autry,frankie and johnny,0,0.634,0.128,2,-12.714,1,0.0597,0.993,0.000114,0.126,0.724,164.774,0,883,gene autry,gene autry / frankie and johnny,882,train
ms. dynamite,all i ever,0,0.774,0.424,9,-11.878,1,0.218,0.139,0.185,0.0985,0.919,150.496,0,884,ms. dynamite,ms. dynamite / all i ever,883,train
thrice,betrayal is a symptom,0,0.377,0.965,8,-5.54,1,0.0879,0.000252,8.26e-06,0.0797,0.404,110.163,0,885,thrice,thrice / betrayal is a symptom,699,test
bob neuwirth,biding her time,0,0.538,0.0592,4,-17.066,1,0.042,0.8,0.000103,0.0859,0.326,151.503,0,886,bob neuwirth,bob neuwirth / biding her time,885,train
tim mcgraw,nothin to die for,1,0.487,0.821,10,-4.301,1,0.0283,0.0719,0.0,0.06,0.409,153.259,1,887,tim mcgraw,tim mcgraw / nothin to die for,205,validation
2 in a room,el trago (the drink),0,0.814,0.938,6,-5.557,0,0.0847,0.000703,0.415,0.801,0.576,125.008,1,888,2 in a room,2 in a room / el trago (the drink),887,train
kool savas,warum rappst du?,0,0.685,0.922,11,-2.036,0,0.689,0.671,0.0,0.254,0.88,92.57,0,889,kool savas,kool savas / warum rappst du?,888,train
shaggy / brian & tony gold,hey sexy lady,0,0.95,0.564,3,-6.515,0,0.0653,0.0052,0.00544,0.311,0.655,101.771,0,890,shaggy / brian & tony gold,shaggy / brian & tony gold / hey sexy lady,889,train
sandra mihanovich,cuatro estrofas,0,0.274,0.379,9,-15.143,1,0.0651,0.94,0.00144,0.932,0.38,86.441,0,891,sandra mihanovich,sandra mihanovich / cuatro estrofas,890,validation
michael bolton,when a man loves a woman,0,0.476,0.363,1,-10.706,1,0.0296,0.2,0.0,0.055,0.243,164.555,1,892,michael bolton,michael bolton / when a man loves a woman,554,train
lonestar,my front porch looking in,0,0.529,0.811,5,-5.62,1,0.0511,0.0317,0.0,0.311,0.454,102.703,1,893,lonestar,lonestar / my front porch looking in,892,validation
kid cudi,day n nite,0,0.878,0.446,11,-6.362,0,0.0635,0.503,6.32e-06,0.117,0.805,138.035,1,894,kid cudi,kid cudi / day n nite,893,test
taylor swift,forever & always,1,0.608,0.821,10,-4.985,1,0.0576,0.0752,0.0,0.11,0.544,128.042,1,895,taylor swift,taylor swift / forever & always,250,train
incubus,warning,0,0.504,0.522,4,-8.297,1,0.0259,0.00143,0.000236,0.0958,0.222,81.047,0,896,incubus,incubus / warning,895,validation
wynonna,when love starts talkin,0,0.696,0.883,6,-5.986,1,0.0417,0.0865,1.01e-05,0.229,0.917,152.088,1,897,wynonna,wynonna / when love starts talkin,896,test
the berzerker,pure hatred,0,0.415,0.996,9,-2.999,0,0.121,0.000178,0.93,0.44,0.0337,120.896,0,898,the berzerker,the berzerker / pure hatred,897,train
fyah blaze,lion paw,0,0.826,0.889,1,-5.076,0,0.12,0.0489,0.0,0.237,0.734,104.008,0,899,fyah blaze,fyah blaze / lion paw,898,test
charice,note to god,0,0.52,0.586,9,-5.383,1,0.0384,0.519,1.03e-06,0.0783,0.0637,120.119,1,900,charice,charice / note to god,899,train
photo atlas,red orange yellow,0,0.259,0.852,9,-5.258,1,0.0829,0.000157,0.000164,0.134,0.441,167.684,0,901,photo atlas,photo atlas / red orange yellow,900,test
justin timberlake,sexyback,1,0.967,0.583,7,-5.562,0,0.0789,0.0584,0.0,0.0519,0.964,117.0,1,902,justin timberlake,justin timberlake / sexyback,901,train
nick cave & the bad seeds,stagger lee,0,0.499,0.564,7,-9.184,1,0.0423,0.0514,0.000355,0.0828,0.659,154.093,0,903,nick cave & the bad seeds,nick cave & the bad seeds / stagger lee,902,train
bobby pulido,la bruja chafa,0,0.586,0.624,2,-8.724,1,0.0741,0.0595,2.24e-05,0.0621,0.964,180.757,0,904,bobby pulido,bobby pulido / la bruja chafa,779,train
the all-american rejects,"swing, swing",0,0.54,0.691,7,-5.888,1,0.0306,7.78e-05,0.331,0.0413,0.367,127.946,1,905,the all-american rejects,"the all-american rejects / swing, swing",601,train
chris brown,crawl,1,0.41,0.743,5,-6.356,0,0.0591,0.0416,0.0,0.113,0.417,176.048,1,906,chris brown,chris brown / crawl,905,train
eddie turner,resurrection,0,0.178,0.549,2,-4.408,0,0.0327,0.024,0.914,0.109,0.367,178.878,0,907,eddie turner,eddie turner / resurrection,906,test
sister hazel,think about me,0,0.544,0.766,7,-4.652,1,0.0459,0.00843,0.00159,0.0341,0.839,139.174,0,908,sister hazel,sister hazel / think about me,867,train
simple minds,see the lights,0,0.606,0.802,2,-8.294,1,0.0402,0.0358,9.88e-05,0.302,0.519,126.081,1,909,simple minds,simple minds / see the lights,908,train
eminem,cold wind blows,1,0.619,0.972,11,-0.517,1,0.416,0.13,0.0,0.782,0.584,169.04,1,910,eminem,eminem / cold wind blows,94,validation
josh groban,february song [live],0,0.439,0.377,8,-8.771,1,0.0298,0.68,0.000239,0.963,0.154,139.933,0,911,josh groban,josh groban / february song [live],910,test
linkin park,in the end,0,0.542,0.853,3,-6.407,0,0.0498,0.0103,0.0,0.108,0.37,105.256,1,912,linkin park,linkin park / in the end,911,validation
shinedown,the crow & the butterfly,1,0.319,0.781,5,-3.496,1,0.0329,0.0013,0.0,0.0944,0.238,149.002,1,913,shinedown,shinedown / the crow & the butterfly,912,test
goldfish,watch out for the birdsongs,0,0.497,0.782,0,-5.2,1,0.042,0.00316,0.00691,0.731,0.332,139.857,0,914,goldfish,goldfish / watch out for the birdsongs,913,train
bebe winans,love thing,0,0.465,0.576,1,-9.587,1,0.307,0.615,0.0,0.917,0.452,79.333,0,915,bebe winans,bebe winans / love thing,914,validation
buddy johnson,did you see jackie robinson hit that ball?,0,0.664,0.377,7,-9.459,0,0.0518,0.393,0.0,0.0775,0.78,73.057,0,916,buddy johnson,buddy johnson / did you see jackie robinson hit that ball?,915,train
philip bailey,silent night,0,0.0982,0.283,7,-13.664,1,0.0343,0.926,0.000859,0.0941,0.147,77.606,0,917,philip bailey,philip bailey / silent night,916,test
natasha bedingfield,love like this,1,0.781,0.791,7,-3.903,0,0.0468,0.145,0.0,0.127,0.902,76.998,0,918,natasha bedingfield,natasha bedingfield / love like this,917,test
memphis minnie,my butcher man,0,0.693,0.068,8,-19.838,1,0.123,0.987,9.83e-06,0.123,0.587,124.403,0,919,memphis minnie,memphis minnie / my butcher man,918,train
ace of base,beautiful life,1,0.749,0.988,0,-5.266,0,0.0387,0.202,0.00631,0.17,0.749,135.015,1,920,ace of base,ace of base / beautiful life,919,train
queens of the stone age,i never came,0,0.578,0.519,2,-7.79,1,0.027,0.0582,0.178,0.0777,0.557,115.431,0,921,queens of the stone age,queens of the stone age / i never came,920,validation
jennifer lopez,play,1,0.775,0.729,1,-4.229,0,0.162,0.0303,0.00247,0.0361,0.895,104.719,0,922,jennifer lopez,jennifer lopez / play,348,validation
gustavo santaolalla,the blinding sun,0,0.787,0.591,8,-14.08,0,0.041,0.225,0.802,0.073,0.607,90.551,0,923,gustavo santaolalla,gustavo santaolalla / the blinding sun,922,train
nickelback,never gonna be alone,1,0.544,0.802,4,-4.152,1,0.0282,0.00155,7.34e-05,0.122,0.59,130.022,1,924,nickelback,nickelback / never gonna be alone,767,train
line renaud,mambo bacan,0,0.62,0.493,5,-9.766,1,0.0449,0.786,1.73e-06,0.18,0.875,122.657,0,925,line renaud,line renaud / mambo bacan,340,validation
the black eyed peas,i gotta feeling,0,0.741,0.748,0,-6.299,1,0.0264,0.0823,0.0,0.34,0.6,127.965,1,926,the black eyed peas,the black eyed peas / i gotta feeling,925,train
tilman sillescu,escape from the underrealm,0,0.312,0.633,11,-10.386,1,0.0479,0.498,0.78,0.182,0.225,120.35,0,927,tilman sillescu,tilman sillescu / escape from the underrealm,926,train
bette midler,every road leads back to you,0,0.574,0.251,11,-14.57,1,0.0293,0.388,0.0,0.166,0.128,126.139,1,928,bette midler,bette midler / every road leads back to you,927,validation
hootie & the blowfish,old man & me (when i get to heaven),0,0.562,0.423,4,-16.572,1,0.0283,8.12e-05,0.818,0.316,0.662,99.97,1,929,hootie & the blowfish,hootie & the blowfish / old man & me (when i get to heaven),928,train
the pineapple thief,snowdrops,0,0.271,0.421,6,-10.466,0,0.0286,0.338,0.0121,0.152,0.085,97.005,0,930,the pineapple thief,the pineapple thief / snowdrops,929,train
jason aldean,my kinda party,1,0.41,0.9,0,-4.249,0,0.0656,0.0167,1.09e-05,0.339,0.558,176.962,1,931,jason aldean,jason aldean / my kinda party,930,train
gene autry,blueberry hill,0,0.413,0.185,0,-16.142,1,0.0313,0.952,0.00124,0.454,0.429,105.974,0,932,gene autry,gene autry / blueberry hill,882,train
ffh,great big problem,0,0.477,0.762,2,-5.516,1,0.0297,0.108,0.0,0.334,0.505,81.035,0,933,ffh,ffh / great big problem,658,train
the gone jackals,not buried deep enough,0,0.395,0.886,4,-13.165,1,0.0615,0.000387,1.48e-05,0.0938,0.224,101.562,0,934,the gone jackals,the gone jackals / not buried deep enough,933,test
mariano yanani,when we dance,0,0.467,0.222,11,-14.058,1,0.0328,0.884,0.923,0.0814,0.078,169.955,0,935,mariano yanani,mariano yanani / when we dance,547,train
new order,jetstream - arthur baker remix,1,0.808,0.698,0,-6.396,1,0.0326,0.271,0.000192,0.123,0.529,122.522,0,936,new order,new order / jetstream - arthur baker remix,935,validation
avril lavigne,how does it feel,1,0.646,0.583,0,-4.532,1,0.026,0.0209,2.4e-06,0.119,0.339,118.055,0,937,avril lavigne,avril lavigne / how does it feel,936,train
the mars volta,inertiatic esp,0,0.227,0.853,6,-3.424,0,0.0949,0.00364,0.000106,0.665,0.419,169.51,0,938,the mars volta,the mars volta / inertiatic esp,791,train
ub40,the way you do the things you do,1,0.865,0.414,5,-13.256,0,0.168,0.225,0.00159,0.0425,0.937,80.852,1,939,ub40,ub40 / the way you do the things you do,938,train
raheem devaughn,customer,0,0.635,0.518,1,-7.131,1,0.0439,0.463,0.0,0.169,0.513,124.044,1,940,raheem devaughn,raheem devaughn / customer,939,test
trixter,surrender,1,0.574,0.395,3,-14.021,1,0.0378,0.0291,1.69e-05,0.317,0.191,125.83,1,941,trixter,trixter / surrender,940,train
atman,govinda,0,0.491,0.599,3,-13.069,0,0.044,0.0707,0.866,0.0669,0.506,188.141,0,942,atman,atman / govinda,713,train
mudhoney,it is us,0,0.152,0.882,0,-3.035,1,0.0477,5.14e-06,0.864,0.488,0.446,150.977,0,943,mudhoney,mudhoney / it is us,942,train
giggles,what goes around comes around,0,0.744,0.819,7,-10.303,1,0.0546,0.0259,0.00229,0.178,0.87,120.355,1,944,giggles,giggles / what goes around comes around,943,train
rick astley,nature boy,1,0.68,0.367,0,-9.883,0,0.025,0.427,0.00218,0.112,0.348,100.078,0,945,rick astley,rick astley / nature boy,77,train
matisyahu,exaltation,0,0.662,0.625,5,-8.104,1,0.0512,0.075,2.66e-05,0.613,0.586,90.534,0,946,matisyahu,matisyahu / exaltation,742,validation
mika,love today,0,0.671,0.908,11,-4.855,1,0.0605,0.0252,0.00128,0.12,0.631,124.473,1,947,mika,mika / love today,160,train
dons,best kept secret,0,0.633,0.867,0,-4.943,1,0.0321,0.0221,0.0,0.12,0.758,124.051,0,948,dons,dons / best kept secret,947,train
desert dwellers,pranafestation,0,0.392,0.644,7,-8.73,0,0.0379,0.16,0.735,0.0801,0.141,129.994,0,949,desert dwellers,desert dwellers / pranafestation,948,train
radiohead,15 step,0,0.6,0.853,1,-7.584,1,0.0423,0.0489,0.346,0.0934,0.847,94.457,0,950,radiohead,radiohead / 15 step,294,validation
christina aguilera,cruz,1,0.474,0.641,5,-4.339,1,0.0373,0.321,0.0,0.149,0.332,139.622,0,951,christina aguilera,christina aguilera / cruz,36,train
tyrese,signs of love makin,1,0.687,0.363,8,-10.144,1,0.0857,0.215,3.08e-06,0.305,0.519,137.365,1,952,tyrese,tyrese / signs of love makin,451,train
teenage fanclub,the sun shines from you,0,0.539,0.902,8,-9.214,1,0.0326,0.00102,0.383,0.213,0.886,127.616,0,953,teenage fanclub,teenage fanclub / the sun shines from you,952,train
radiohead,fake plastic trees (acoustic version),0,0.466,0.177,2,-12.224,1,0.0302,0.593,3.92e-05,0.689,0.153,74.877,0,954,radiohead,radiohead / fake plastic trees (acoustic version),294,validation
the blind boys of alabama,new born soul,0,0.657,0.291,9,-10.837,1,0.0399,0.85,0.151,0.107,0.398,86.659,0,955,the blind boys of alabama,the blind boys of alabama / new born soul,954,train
no doubt,running,1,0.708,0.583,0,-7.018,1,0.0262,0.191,1.54e-05,0.0883,0.38,113.12,1,956,no doubt,no doubt / running,955,train
the exies,creeper kamikaze,0,0.471,0.765,10,-4.83,0,0.0335,0.0176,0.0,0.108,0.293,113.034,0,957,the exies,the exies / creeper kamikaze,956,train
total,kissin you,0,0.746,0.493,11,-9.427,0,0.0997,0.302,0.00957,0.109,0.878,82.04,1,958,total,total / kissin you,957,train
dj clue / p. diddy,intro,0,0.679,0.0874,6,-21.821,1,0.924,0.625,0.0,0.405,0.704,129.775,0,959,dj clue / p. diddy,dj clue / p. diddy / intro,958,test
gerardo,rico suave,0,0.803,0.805,2,-11.297,1,0.132,0.00847,5.4e-05,0.0597,0.415,105.931,1,960,gerardo,gerardo / rico suave,959,validation
baroness,wanderlust,0,0.232,0.893,0,-5.954,0,0.0533,5.99e-05,0.512,0.291,0.553,163.002,0,961,baroness,baroness / wanderlust,104,train
bessie smith,chicago bound blues,0,0.547,0.0603,9,-18.523,1,0.0389,0.995,0.0151,0.228,0.356,67.444,0,962,bessie smith,bessie smith / chicago bound blues,961,train
keb mo,still there for me,0,0.71,0.276,2,-10.755,1,0.0247,0.609,2.74e-05,0.159,0.353,89.966,0,963,keb mo,keb mo / still there for me,86,validation
ace frehley,fractured quantum,0,0.554,0.623,7,-10.558,1,0.0305,0.0179,0.895,0.489,0.439,134.972,0,964,ace frehley,ace frehley / fractured quantum,963,train
beastie boys,crawlspace,0,0.907,0.699,10,-6.724,0,0.297,0.256,1.09e-05,0.343,0.68,108.0,0,965,beastie boys,beastie boys / crawlspace,412,train
memphis minnie,nothing in rambling,0,0.826,0.139,11,-12.715,1,0.0554,0.959,2.1e-06,0.113,0.804,113.905,0,966,memphis minnie,memphis minnie / nothing in rambling,918,train
frank stokes,nehi mamma blues,0,0.515,0.14,2,-13.873,1,0.0838,0.976,9.77e-06,0.109,0.479,170.912,0,967,frank stokes,frank stokes / nehi mamma blues,966,train
boyz ii men,let it snow,0,0.697,0.415,0,-11.307,1,0.0379,0.719,2.59e-05,0.115,0.558,124.407,1,968,boyz ii men,boyz ii men / let it snow,557,validation
akon,right now (na na na),1,0.816,0.851,8,-4.166,0,0.19,0.283,0.0,0.543,0.568,137.968,1,969,akon,akon / right now (na na na),968,train
brad paisley,who needs pictures,0,0.544,0.435,4,-9.927,1,0.0265,0.462,0.0,0.106,0.152,72.981,1,970,brad paisley,brad paisley / who needs pictures,502,train
billy lawrence,happiness,0,0.478,0.841,5,-7.685,0,0.282,0.246,0.00036,0.053,0.85,176.504,1,971,billy lawrence,billy lawrence / happiness,970,train
alicia keys,if i was your woman,1,0.75,0.473,10,-7.71,0,0.12,0.13,5.1e-06,0.656,0.627,82.967,0,972,alicia keys,alicia keys / if i was your woman,439,train
vivian,bad creation,0,0.463,0.725,11,-6.326,1,0.0275,0.0165,0.0,0.119,0.327,91.023,0,973,vivian,vivian / bad creation,972,train
k.d. lang,constant craving,1,0.6,0.77,5,-5.559,0,0.0302,0.0603,4.79e-06,0.0967,0.321,128.473,1,974,k.d. lang,k.d. lang / constant craving,973,validation
jack johnson,if i had eyes,1,0.794,0.569,2,-8.057,1,0.0371,0.663,0.00343,0.0898,0.706,92.915,1,975,jack johnson,jack johnson / if i had eyes,974,train
chris rea,josephine (french edit),0,0.724,0.489,3,-12.253,0,0.0311,0.018,0.108,0.101,0.786,110.069,0,976,chris rea,chris rea / josephine (french edit),975,train
the rolling stones,love is strong,0,0.536,0.86,7,-5.024,1,0.0479,0.0199,0.167,0.0619,0.532,110.162,1,977,the rolling stones,the rolling stones / love is strong,976,train
maroon 5,through with you,1,0.69,0.8,10,-5.407,0,0.044,0.0749,0.0,0.0848,0.663,146.147,0,978,maroon 5,maroon 5 / through with you,737,train
andy griggs,shes more,0,0.679,0.528,7,-7.901,1,0.0267,0.0754,0.0,0.12,0.274,99.035,1,979,andy griggs,andy griggs / shes more,978,train
ll cool j,imagine that,1,0.909,0.844,1,-4.743,0,0.221,0.358,3.08e-05,0.274,0.87,97.995,1,980,ll cool j,ll cool j / imagine that,401,test
k.d. lang,hallelujah (vancouver winter 2010 version),0,0.256,0.219,1,-9.617,0,0.0354,0.869,5.09e-05,0.108,0.098,172.686,1,981,k.d. lang,k.d. lang / hallelujah (vancouver winter 2010 version),973,validation
5th ward boyz,undercover gangstas,0,0.808,0.727,7,-7.619,1,0.293,0.287,0.000235,0.11,0.653,179.911,0,982,5th ward boyz,5th ward boyz / undercover gangstas,159,test
drama,"left, right, left",0,0.909,0.517,4,-11.018,1,0.165,0.00834,0.0,0.142,0.539,125.048,1,983,drama,"drama / left, right, left",982,test
kenny chesney,how forever feels,0,0.723,0.674,7,-7.427,1,0.0297,0.0986,1.83e-05,0.279,0.61,124.9,1,984,kenny chesney,kenny chesney / how forever feels,983,train
basic channel,q1.1 edit,0,0.437,0.73,8,-23.314,1,0.0874,0.986,0.9,0.17,0.272,124.388,0,985,basic channel,basic channel / q1.1 edit,984,train
jim jones,we fly high,0,0.685,0.8,1,-6.564,1,0.298,0.0847,0.0,0.092,0.483,120.226,1,986,jim jones,jim jones / we fly high,985,test
the ronettes,born to be together,0,0.309,0.562,7,-8.014,1,0.033,0.229,0.0749,0.294,0.27,133.706,0,987,the ronettes,the ronettes / born to be together,986,train
snow patrol,just say yes,0,0.534,0.883,9,-5.432,1,0.0334,0.0233,1.94e-05,0.0266,0.222,108.013,0,988,snow patrol,snow patrol / just say yes,563,test
emf,lies,0,0.543,0.864,8,-9.874,1,0.0381,0.000611,0.00223,0.207,0.759,113.952,1,989,emf,emf / lies,988,train
terry riley,peace dance,0,0.418,0.305,6,-14.79,0,0.0432,0.981,0.926,0.0794,0.123,134.707,0,990,terry riley,terry riley / peace dance,989,train
jk,you make me feel good,0,0.739,0.613,9,-13.728,1,0.037,0.112,0.00413,0.0565,0.947,125.975,0,991,jk,jk / you make me feel good,990,test
mississippi fred mcdowell,you gotta move,0,0.623,0.151,9,-16.275,1,0.0626,0.697,0.000354,0.102,0.309,75.082,0,992,mississippi fred mcdowell,mississippi fred mcdowell / you gotta move,991,test
stimulator,78 stimulator,0,0.594,0.814,8,-5.443,1,0.0287,0.00344,0.00203,0.278,0.673,123.027,0,993,stimulator,stimulator / 78 stimulator,992,train
lords of the underground,chief rocka,1,0.89,0.716,1,-9.673,1,0.296,0.174,0.000589,0.0657,0.656,99.988,1,994,lords of the underground,lords of the underground / chief rocka,993,validation
the dillinger escape plan,setting fire to sleeping giants,0,0.413,0.992,9,-3.923,0,0.375,0.0093,0.000562,0.232,0.29,166.906,0,995,the dillinger escape plan,the dillinger escape plan / setting fire to sleeping giants,994,train
lady saw,to sir with love,0,0.677,0.481,1,-14.156,0,0.0589,0.0699,1.09e-06,0.0559,0.551,82.013,0,996,lady saw,lady saw / to sir with love,995,train
nofx,stickin in my eye,0,0.299,0.97,9,-7.494,1,0.0799,0.0011,0.00752,0.0994,0.232,153.528,0,997,nofx,nofx / stickin in my eye,206,validation
nightwish,escapist,0,0.512,0.926,7,-3.556,0,0.0371,0.000473,0.843,0.345,0.354,143.954,0,998,nightwish,nightwish / escapist,997,validation
loop guru,the mystery epoch,0,0.121,0.415,9,-12.057,1,0.0494,0.87,0.0462,0.208,0.173,177.239,0,999,loop guru,loop guru / the mystery epoch,998,train
foals,red socks pugie,0,0.538,0.897,5,-6.721,1,0.0453,0.147,0.000516,0.104,0.385,156.977,0,1000,foals,foals / red socks pugie,999,test
craig morgan,i got you,0,0.588,0.702,3,-5.295,1,0.0269,0.316,0.0,0.189,0.597,106.052,1,1001,craig morgan,craig morgan / i got you,1000,train
bad azz,tha stand,0,0.677,0.712,8,-5.554,1,0.112,0.000914,0.0,0.112,0.378,86.992,0,1002,bad azz,bad azz / tha stand,1001,test
musiq,dontchange,0,0.564,0.555,4,-6.611,1,0.0345,0.19,0.0,0.087,0.196,101.884,1,1003,musiq,musiq / dontchange,1002,test
gunther & the sunshine girls,teeny weeny string bikini,0,0.667,0.996,0,-2.625,1,0.0482,0.102,0.000104,0.223,0.858,131.987,0,1004,gunther & the sunshine girls,gunther & the sunshine girls / teeny weeny string bikini,1003,train
aiden,black market hell,0,0.341,2.03e-05,2,-7.468,0,0.0756,0.0227,7.48e-05,0.284,0.245,138.508,0,1005,aiden,aiden / black market hell,1004,train
depeche mode,barrel of a gun,1,0.522,0.949,4,-5.216,1,0.073,0.0221,0.00286,0.0615,0.707,165.872,1,1006,depeche mode,depeche mode / barrel of a gun,359,train
the funeral pyre,here the sun never shines,0,0.198,0.995,8,-5.821,1,0.162,1.58e-06,0.744,0.244,0.0544,112.198,0,1007,the funeral pyre,the funeral pyre / here the sun never shines,1006,train
qt,my baby mama,0,0.688,0.519,2,-8.629,1,0.0421,0.114,0.0,0.0565,0.385,124.125,1,1008,qt,qt / my baby mama,1007,test
michael gettel,safe passage,0,0.276,0.373,2,-14.754,1,0.0296,0.848,0.849,0.103,0.071,101.207,0,1009,michael gettel,michael gettel / safe passage,626,test
deep forest,hunting,1,0.721,0.719,6,-13.07,1,0.0423,0.00352,0.551,0.0534,0.94,130.016,0,1010,deep forest,deep forest / hunting,1009,train
billie jo spears,it makes no difference now,0,0.562,0.409,4,-16.625,1,0.0324,0.264,0.0,0.16,0.929,80.409,0,1011,billie jo spears,billie jo spears / it makes no difference now,1010,validation
zeca baleiro,telegrama,0,0.643,0.501,11,-7.981,0,0.0424,0.117,0.0463,0.239,0.394,94.514,0,1012,zeca baleiro,zeca baleiro / telegrama,1011,validation
behemoth,chant for eschaton 2000,0,0.501,0.988,3,-6.866,1,0.0857,8.65e-05,0.432,0.732,0.0615,90.032,0,1013,behemoth,behemoth / chant for eschaton 2000,641,test
john michael montgomery,friends,1,0.62,0.401,9,-10.279,1,0.0288,0.23,0.0,0.0745,0.238,143.961,1,1014,john michael montgomery,john michael montgomery / friends,1013,train
maurane,juste une petite fille,0,0.491,0.182,10,-14.274,0,0.0346,0.9,1.24e-06,0.105,0.161,78.025,0,1015,maurane,maurane / juste une petite fille,8,train
usher,pianolude,1,0.273,0.282,8,-17.855,1,0.0391,0.648,0.000108,0.915,0.465,104.199,0,1016,usher,usher / pianolude,257,train
del the funky homosapien,corner story,0,0.864,0.788,11,-6.566,0,0.299,0.152,0.000128,0.0799,0.896,87.941,0,1017,del the funky homosapien,del the funky homosapien / corner story,1016,test
beck,where its at,1,0.672,0.662,2,-7.384,1,0.0731,0.24,0.0292,0.126,0.522,96.936,1,1018,beck,beck / where its at,1017,train
michael jackson,will you be there,0,0.349,0.432,8,-9.554,1,0.0384,0.82,0.085,0.191,0.137,82.935,1,1019,michael jackson,michael jackson / will you be there,254,test
run-d.m.c.,down with the king,0,0.786,0.637,1,-12.149,1,0.205,0.07,1.31e-05,0.415,0.762,96.023,1,1020,run-d.m.c.,run-d.m.c. / down with the king,1019,train
aesop rock,flashflood,0,0.505,0.899,9,-5.892,1,0.418,0.0624,3.02e-06,0.387,0.23,168.311,0,1021,aesop rock,aesop rock / flashflood,1020,validation
jah cure,freedom,0,0.47,0.698,5,-5.87,0,0.0432,0.214,0.0,0.102,0.662,127.801,0,1022,jah cure,jah cure / freedom,1021,train
mighty mighty bosstones,they came to boston,0,0.449,0.812,9,-9.506,1,0.067,0.17,0.00766,0.329,0.771,102.848,0,1023,mighty mighty bosstones,mighty mighty bosstones / they came to boston,1022,test
martina mcbride,i just call you mine,1,0.419,0.637,6,-5.552,1,0.0328,0.0409,0.0,0.13,0.212,148.134,1,1024,martina mcbride,martina mcbride / i just call you mine,224,test
moving ninja,lost tribe,0,0.788,0.714,1,-9.249,1,0.0975,0.00348,0.679,0.322,0.476,135.038,0,1025,moving ninja,moving ninja / lost tribe,1024,train
outkast,rosa parks,1,0.792,0.701,6,-7.198,0,0.283,0.104,0.0,0.761,0.251,103.888,1,1026,outkast,outkast / rosa parks,293,test
juelz santana / bezel,violence,0,0.537,0.929,7,-3.334,1,0.407,0.0494,0.0,0.238,0.308,104.55,0,1027,juelz santana / bezel,juelz santana / bezel / violence,1026,train
legacy five,out of my darkness,0,0.705,0.528,1,-8.143,1,0.0472,0.558,0.0,0.104,0.644,180.061,0,1028,legacy five,legacy five / out of my darkness,1027,train
jah cure,to your arms of love,0,0.33,0.366,8,-7.744,1,0.0393,0.828,0.0,0.159,0.359,167.334,0,1029,jah cure,jah cure / to your arms of love,1021,train
george strait,shell leave you with a smile,1,0.628,0.566,4,-7.23,1,0.0224,0.602,0.000216,0.202,0.501,97.998,1,1030,george strait,george strait / shell leave you with a smile,154,train
bonnie raitt,love sneakin up on you,0,0.483,0.673,7,-8.105,1,0.0438,0.0217,6.53e-06,0.209,0.558,189.704,1,1031,bonnie raitt,bonnie raitt / love sneakin up on you,1030,train
sheryl crow,leaving las vegas,1,0.678,0.552,2,-9.912,1,0.0342,0.117,2.38e-05,0.0552,0.838,80.833,1,1032,sheryl crow,sheryl crow / leaving las vegas,40,validation
liars,cycle time,0,0.11,0.801,2,-5.066,1,0.0698,0.154,0.0423,0.102,0.235,153.031,0,1033,liars,liars / cycle time,237,test
broadcast,one hour empire,0,0.465,0.99,9,-7.622,1,0.0528,0.779,0.552,0.314,0.0469,78.35,0,1034,broadcast,broadcast / one hour empire,125,train
a tribe called quest,like it like that,1,0.931,0.409,3,-8.059,0,0.159,0.585,1.11e-06,0.0946,0.715,95.02,0,1035,a tribe called quest,a tribe called quest / like it like that,1034,train
yankee grey,all things considered,0,0.656,0.746,8,-5.379,1,0.0325,0.237,0.0,0.0214,0.96,140.865,1,1036,yankee grey,yankee grey / all things considered,1035,train
helen love,so hot,0,0.738,0.881,10,-6.501,1,0.161,0.159,0.0,0.352,0.673,100.629,0,1037,helen love,helen love / so hot,1036,train
walter jackson,what would you do,0,0.591,0.284,5,-12.261,1,0.0293,0.723,5.71e-05,0.233,0.457,78.565,0,1038,walter jackson,walter jackson / what would you do,1037,validation
cancer bats,sabotage,0,0.38,0.955,1,-4.344,1,0.193,6.03e-05,0.697,0.176,0.399,172.223,0,1039,cancer bats,cancer bats / sabotage,1038,test
simple minds,see the lights (2002 digital remaster),0,0.569,0.559,1,-8.459,1,0.0283,0.0218,0.241,0.215,0.201,125.089,0,1040,simple minds,simple minds / see the lights (2002 digital remaster),908,train
u2,last night on earth,1,0.552,0.696,1,-8.374,1,0.0324,0.00661,0.00104,0.0721,0.52,116.175,1,1041,u2,u2 / last night on earth,144,train
dexys midnight runners,spiritual passion (aka dubious),0,0.502,0.786,4,-8.686,0,0.0303,0.00592,0.871,0.242,0.822,118.886,0,1042,dexys midnight runners,dexys midnight runners / spiritual passion (aka dubious),1041,train
life long tragedy,collecting dust,0,0.22,0.746,7,-6.244,1,0.0501,9.74e-05,0.0328,0.26,0.241,121.528,0,1043,life long tragedy,life long tragedy / collecting dust,1042,train
republica,drop dead gorgeous,0,0.571,0.87,5,-5.747,1,0.0366,0.000417,0.00109,0.13,0.522,135.789,1,1044,republica,republica / drop dead gorgeous,1043,train
k-ci & jojo,tell me its real,1,0.687,0.532,3,-6.763,1,0.0338,0.214,0.0,0.124,0.582,134.283,1,1045,k-ci & jojo,k-ci & jojo / tell me its real,436,train
rome,do you like this,1,0.76,0.284,9,-12.244,0,0.0297,0.00424,7.84e-06,0.0737,0.108,107.963,1,1046,rome,rome / do you like this,1045,test
taal,noises,0,0.479,0.0493,5,-39.716,1,0.742,0.764,5.08e-06,0.17,0.602,112.969,0,1047,taal,taal / noises,1046,validation
no doubt,hella good,1,0.783,0.684,8,-4.076,1,0.0346,0.0188,0.015,0.0851,0.822,115.141,1,1048,no doubt,no doubt / hella good,955,train
funeral for a friend,juneau [live],0,0.322,0.937,8,-4.169,0,0.107,0.000118,0.000226,0.392,0.147,103.175,0,1049,funeral for a friend,funeral for a friend / juneau [live],1048,train
les ogres de barback,de rien,0,0.423,0.48,11,-10.627,0,0.0395,0.867,3.34e-06,0.107,0.511,201.256,0,1050,les ogres de barback,les ogres de barback / de rien,1049,validation
electronic pig,electro nicpig,0,0.719,0.72,5,-7.072,1,0.112,0.00157,0.507,0.0919,0.625,138.029,0,1051,electronic pig,electronic pig / electro nicpig,1050,train
snowgoons,been fighting devilz,0,0.52,0.846,1,-5.138,1,0.327,0.123,0.0,0.297,0.876,125.55,0,1052,snowgoons,snowgoons / been fighting devilz,879,test
basement jaxx,sfm,0,0.816,0.789,10,-4.994,0,0.0681,0.00639,0.261,0.249,0.585,98.099,0,1053,basement jaxx,basement jaxx / sfm,1052,train
eminem,paul,1,0.707,0.314,6,-10.115,0,0.747,0.977,0.0,0.109,0.602,104.014,0,1054,eminem,eminem / paul,94,validation
maurice chevalier,la romance de la pluie,0,0.523,0.135,10,-21.816,1,0.129,0.984,0.523,0.102,0.535,128.313,0,1055,maurice chevalier,maurice chevalier / la romance de la pluie,1054,train
tom petty and the heartbreakers,mary janes last dance,1,0.402,0.814,10,-4.954,1,0.14,0.0383,1.19e-06,0.266,0.516,170.02,1,1056,tom petty and the heartbreakers,tom petty and the heartbreakers / mary janes last dance,1055,test
rtz,until your love comes back around,0,0.55,0.534,8,-10.6,1,0.0331,0.229,0.0,0.0714,0.311,134.662,1,1057,rtz,rtz / until your love comes back around,1056,train
sonia dersion,urgence,0,0.586,0.746,8,-7.92,1,0.0391,0.0726,0.000179,0.106,0.472,174.047,0,1058,sonia dersion,sonia dersion / urgence,1057,test
buju banton,excerpt of a speech by marcus mosiah garvey,0,0.699,0.438,6,-14.346,1,0.915,0.995,0.893,0.174,0.506,71.561,0,1059,buju banton,buju banton / excerpt of a speech by marcus mosiah garvey,597,validation
planetakis,letters to norway,0,0.497,0.99,0,-2.021,1,0.105,0.00682,0.0,0.0971,0.55,138.058,0,1060,planetakis,planetakis / letters to norway,1059,train
r. kelly,in the kitchen,1,0.713,0.469,5,-7.778,0,0.0436,0.415,0.0,0.0999,0.369,127.837,1,1061,r. kelly,r. kelly / in the kitchen,512,validation
nine inch nails,memorabilia,0,0.609,0.989,5,-7.166,1,0.0764,0.222,0.353,0.122,0.332,133.86,0,1062,nine inch nails,nine inch nails / memorabilia,430,train
johnny osbourne,folly ranking,0,0.874,0.346,11,-18.397,0,0.126,0.000865,0.0,0.0697,0.879,133.489,0,1063,johnny osbourne,johnny osbourne / folly ranking,1062,train
38 special,the sound of your voice,0,0.616,0.786,4,-9.973,1,0.0281,0.0148,0.0,0.224,0.79,136.043,1,1064,38 special,38 special / the sound of your voice,1063,train
redman,jam 4 u,0,0.697,0.527,0,-7.488,1,0.339,0.00862,0.0118,0.362,0.657,93.97,0,1065,redman,redman / jam 4 u,437,train
tim wilson,uncle b.s. - 1963,0,0.558,0.815,2,-10.491,1,0.911,0.823,0.0,0.882,0.609,80.167,0,1066,tim wilson,tim wilson / uncle b.s. - 1963,363,train
carrie underwood,before he cheats,0,0.519,0.749,6,-3.318,0,0.0405,0.271,0.0,0.119,0.29,147.905,1,1067,carrie underwood,carrie underwood / before he cheats,1066,train
jennifer lopez,talk about us,1,0.705,0.536,6,-6.707,1,0.0282,0.293,0.0,0.138,0.252,80.988,0,1068,jennifer lopez,jennifer lopez / talk about us,348,validation
the jesus and mary chain,sometimes always,0,0.447,0.725,6,-9.902,1,0.0292,0.00106,0.0157,0.105,0.597,116.286,1,1069,the jesus and mary chain,the jesus and mary chain / sometimes always,1068,train
sirka ragnar,port now!,0,0.41,0.887,5,-5.216,1,0.0743,0.129,0.000127,0.51,0.439,160.037,0,1070,sirka ragnar,sirka ragnar / port now!,1069,train
audioslave,show me how to live,0,0.433,0.854,9,-3.868,1,0.0483,0.000336,0.000177,0.162,0.368,89.4,1,1071,audioslave,audioslave / show me how to live,849,train
the rock heroes,all summer long,0,0.603,0.885,7,-4.379,1,0.0328,0.00681,0.0,0.047,0.838,102.966,1,1072,the rock heroes,the rock heroes / all summer long,1071,train
poncho sanchez,lip smacker,0,0.615,0.467,5,-12.485,0,0.0767,0.262,0.00888,0.945,0.678,111.781,0,1073,poncho sanchez,poncho sanchez / lip smacker,76,test
los fabulosos cadillacs,vos sabes,0,0.707,0.848,9,-6.095,1,0.0665,0.148,0.00694,0.127,0.867,114.669,0,1074,los fabulosos cadillacs,los fabulosos cadillacs / vos sabes,697,train
salt-n-pepa,gitty up,1,0.884,0.553,11,-6.514,1,0.071,0.0284,6.3e-06,0.0859,0.884,104.931,1,1075,salt-n-pepa,salt-n-pepa / gitty up,118,train
lifer,breathless,0,0.64,0.963,11,-6.084,0,0.116,0.000107,0.0792,0.0633,0.487,98.664,0,1076,lifer,lifer / breathless,583,validation
lil wayne,fireman,0,0.682,0.723,1,-4.628,1,0.211,0.0109,0.0,0.406,0.365,80.634,1,1077,lil wayne,lil wayne / fireman,719,test
craig wedren,alone in love,0,0.371,0.2,0,-13.812,1,0.0366,0.622,0.000198,0.0956,0.0848,138.878,0,1078,craig wedren,craig wedren / alone in love,1077,train
seal,kiss from a rose,0,0.583,0.532,10,-7.11,0,0.0309,0.684,0.0,0.306,0.223,131.741,1,1079,seal,seal / kiss from a rose,1078,validation
bruce springsteen,girls in their summer clothes,0,0.439,0.76,0,-4.383,1,0.0316,0.0319,0.0,0.119,0.673,113.102,1,1080,bruce springsteen,bruce springsteen / girls in their summer clothes,1079,train
dinosaur jr,green mind,0,0.398,0.877,1,-10.762,0,0.0495,3.34e-05,0.0,0.354,0.558,134.242,0,1081,dinosaur jr,dinosaur jr / green mind,1080,train
uphill battle,climate control,0,0.219,0.92,2,-6.545,1,0.0904,3.04e-05,0.696,0.341,0.229,106.806,0,1082,uphill battle,uphill battle / climate control,1081,train
crazy horse,e se tu lontana sei,0,0.283,0.562,2,-8.46,0,0.0342,0.128,0.000901,0.104,0.452,106.615,0,1083,crazy horse,crazy horse / e se tu lontana sei,1082,train
christophe beck,main title,0,0.413,0.22,7,-26.142,1,0.0551,0.636,0.893,0.11,0.0346,117.594,0,1084,christophe beck,christophe beck / main title,792,train
miossec,regarde un peu la france,0,0.58,0.804,4,-4.259,0,0.0357,0.0499,0.392,0.205,0.779,87.984,0,1085,miossec,miossec / regarde un peu la france,1084,train
the tokens,la bamba,0,0.558,0.72,0,-10.555,1,0.116,0.591,0.0295,0.635,0.962,169.713,0,1086,the tokens,the tokens / la bamba,1085,test
enthroned,the vitalized shell,0,0.163,0.993,0,-4.765,0,0.111,0.000128,0.0235,0.435,0.0349,136.528,0,1087,enthroned,enthroned / the vitalized shell,1086,train
solas,clothes of sand,0,0.438,0.593,11,-9.006,0,0.0458,0.641,0.00215,0.124,0.299,131.986,0,1088,solas,solas / clothes of sand,1087,train
jermaine dupri,gotta getcha,0,0.762,0.324,4,-7.447,0,0.329,0.0663,2.33e-06,0.095,0.482,209.819,1,1089,jermaine dupri,jermaine dupri / gotta getcha,1088,train
heavy d,chasing windmills,0,0.654,0.622,1,-10.628,1,0.275,0.176,0.0,0.326,0.738,79.998,0,1090,heavy d,heavy d / chasing windmills,1089,train
doug macleod,the sun shine down my way,0,0.518,0.193,2,-9.062,1,0.0515,0.777,0.0141,0.105,0.211,169.181,0,1091,doug macleod,doug macleod / the sun shine down my way,1090,test
katy perry,firework,1,0.638,0.826,8,-4.968,1,0.0479,0.139,0.0,0.0803,0.649,124.072,1,1092,katy perry,katy perry / firework,1091,train
van halen,cant stop lovin you,0,0.609,0.912,9,-3.324,1,0.0338,0.0734,3.1e-06,0.159,0.564,118.035,1,1093,van halen,van halen / cant stop lovin you,1092,train
bad azz,ghetto,0,0.712,0.747,11,-4.376,0,0.266,0.0044,0.0,0.0764,0.373,179.683,0,1094,bad azz,bad azz / ghetto,1001,test
the last days of jesus,death song,0,0.492,0.786,4,-8.332,1,0.0705,0.00104,0.053,0.809,0.365,145.1,0,1095,the last days of jesus,the last days of jesus / death song,1094,test
k-os,heaven only knows,0,0.677,0.404,5,-8.562,0,0.258,0.548,0.0,0.108,0.853,90.075,0,1096,k-os,k-os / heaven only knows,1095,train
bell biv devoe,something in your eyes,1,0.801,0.613,6,-9.295,0,0.0315,0.0302,0.000121,0.041,0.9,128.909,1,1097,bell biv devoe,bell biv devoe / something in your eyes,391,train
julie roberts,unlove me,0,0.687,0.38,1,-9.015,1,0.0337,0.554,0.0,0.105,0.562,121.797,0,1098,julie roberts,julie roberts / unlove me,1097,train
my chemical romance,teenagers,0,0.463,0.857,4,-3.063,1,0.0632,0.0506,0.0,0.184,0.856,111.647,1,1099,my chemical romance,my chemical romance / teenagers,1098,train
uriah heep,wake the sleeper,0,0.204,0.992,10,-6.401,1,0.514,0.00346,0.00121,0.972,0.0368,128.354,0,1100,uriah heep,uriah heep / wake the sleeper,1099,train
elakelaiset,humppa,0,0.741,0.905,9,-3.946,1,0.0416,0.299,0.0,0.071,0.973,123.681,0,1101,elakelaiset,elakelaiset / humppa,1100,train
loudon wainwright iii,how old are you,0,0.568,0.497,9,-14.49,1,0.0404,0.605,0.0,0.126,0.891,96.811,0,1102,loudon wainwright iii,loudon wainwright iii / how old are you,1101,test
orbital,farenheit 303,0,0.796,0.649,11,-15.884,1,0.0515,0.0148,0.904,0.0803,0.49,124.01,0,1103,orbital,orbital / farenheit 303,127,validation
t.i.,asap,1,0.79,0.645,9,-5.426,1,0.317,0.335,0.0,0.405,0.583,158.13,1,1104,t.i.,t.i. / asap,317,train
mavado,real mckoy feat. busy signal,0,0.745,0.623,7,-5.416,1,0.332,0.0113,0.0,0.0756,0.568,100.113,0,1105,mavado,mavado / real mckoy feat. busy signal,1104,train
xscape,who can i run to,0,0.71,0.545,4,-9.599,1,0.0588,0.483,0.0,0.0644,0.632,140.233,1,1106,xscape,xscape / who can i run to,1105,test
amy winehouse,valerie,1,0.739,0.365,5,-5.731,0,0.0415,0.751,1.65e-06,0.161,0.699,96.095,0,1107,amy winehouse,amy winehouse / valerie,1106,train
george michael,too funky,1,0.659,0.893,1,-8.324,1,0.076,0.0211,0.308,0.72,0.756,98.262,1,1108,george michael,george michael / too funky,1107,train
smokie norful,i need you now,0,0.339,0.273,5,-9.945,0,0.0309,0.729,0.0,0.152,0.304,96.804,1,1109,smokie norful,smokie norful / i need you now,1108,validation
andreas dorau,so ist das nun mal,0,0.788,0.933,1,-4.431,1,0.0404,0.105,0.145,0.312,0.928,123.692,0,1110,andreas dorau,andreas dorau / so ist das nun mal,1109,train
shania twain,two hearts one love,1,0.51,0.832,9,-6.407,1,0.0304,0.00278,0.0,0.144,0.519,113.796,0,1111,shania twain,shania twain / two hearts one love,1110,train
faith hill,this kiss,0,0.48,0.832,11,-5.663,1,0.0426,0.137,0.0,0.354,0.648,186.875,1,1112,faith hill,faith hill / this kiss,1111,validation
marco beltrami,1001 robots,0,0.244,0.0409,1,-20.22,1,0.0446,0.575,0.697,0.111,0.0393,116.396,0,1113,marco beltrami,marco beltrami / 1001 robots,80,train
lil kim,no matter what they say,0,0.743,0.774,1,-7.697,1,0.325,0.0262,0.0,0.137,0.646,106.082,1,1114,lil kim,lil kim / no matter what they say,1113,train
eminem,ricky ticky toc,1,0.727,0.611,0,-4.878,1,0.399,0.0309,2.75e-06,0.178,0.51,172.238,0,1115,eminem,eminem / ricky ticky toc,94,validation
the killers,mr. brightside,1,0.33,0.936,1,-3.66,1,0.0917,0.00108,0.0,0.0926,0.234,148.112,1,1116,the killers,the killers / mr. brightside,93,train
george strait,the seashores of old mexico,1,0.496,0.579,6,-7.429,0,0.0336,0.164,0.000679,0.335,0.499,156.953,1,1117,george strait,george strait / the seashores of old mexico,154,train
vanessa williams,the sweetest days,0,0.474,0.313,10,-10.521,1,0.0287,0.749,0.000901,0.145,0.0692,139.734,1,1118,vanessa williams,vanessa williams / the sweetest days,1117,validation
robben ford,the champ,0,0.655,0.599,2,-9.678,0,0.0266,0.0683,0.814,0.215,0.674,114.478,0,1119,robben ford,robben ford / the champ,1118,train
reba mcentire,he gets that from me,0,0.646,0.416,10,-8.813,1,0.0285,0.643,7.47e-06,0.102,0.511,143.822,1,1120,reba mcentire,reba mcentire / he gets that from me,1119,train
dj guy,freak it all night,0,0.757,0.894,1,-7.667,1,0.0477,0.119,0.685,0.0848,0.911,147.005,0,1121,dj guy,dj guy / freak it all night,1120,train
slim whitman,china doll,0,0.551,0.244,4,-8.485,1,0.0268,0.963,0.0,0.371,0.434,107.394,0,1122,slim whitman,slim whitman / china doll,1121,test
brooks & dunn,rock my world (little country girl),1,0.703,0.855,9,-4.822,1,0.0328,0.205,9.84e-05,0.514,0.883,120.307,1,1123,brooks & dunn,brooks & dunn / rock my world (little country girl),54,test
john hammond,come to find out,0,0.503,0.399,4,-7.468,0,0.0343,0.687,6.04e-06,0.101,0.334,89.638,0,1124,john hammond,john hammond / come to find out,1123,train
goddess,sexual,0,0.397,0.214,2,-14.417,0,0.0384,0.845,0.000657,0.28,0.252,101.518,1,1125,goddess,goddess / sexual,1124,test
miley cyrus,the climb,1,0.327,0.588,4,-6.611,1,0.0336,0.0834,0.0,0.104,0.329,161.074,1,1126,miley cyrus,miley cyrus / the climb,1125,test
a tundra,the doug mccomb over,0,0.41,0.652,2,-9.919,1,0.075,0.00804,0.00947,0.0811,0.311,127.406,0,1127,a tundra,a tundra / the doug mccomb over,1126,train
far too jones,use me,0,0.534,0.815,9,-5.914,1,0.0291,0.146,0.0,0.0862,0.779,127.18,0,1128,far too jones,far too jones / use me,1127,train
jaydee,plastic dreams,0,0.769,0.467,0,-13.787,1,0.0503,0.126,0.11,0.0513,0.261,128.852,0,1129,jaydee,jaydee / plastic dreams,1128,train
vanilla ice,cool as ice (everybody get loose),1,0.775,0.951,7,-9.318,1,0.0722,0.0117,0.015,0.285,0.445,113.896,1,1130,vanilla ice,vanilla ice / cool as ice (everybody get loose),1129,validation
darden smith,perfect moment,0,0.643,0.348,6,-12.417,1,0.0283,0.752,0.0099,0.112,0.597,82.501,0,1131,darden smith,darden smith / perfect moment,273,test
marques houston,circle,1,0.673,0.648,1,-6.416,1,0.0432,0.115,0.0,0.126,0.496,127.978,1,1132,marques houston,marques houston / circle,458,train
meat loaf,objects in the rear view mirror may appear closer than...,0,0.396,0.584,5,-5.568,1,0.0339,0.802,2.37e-06,0.133,0.338,120.461,1,1133,meat loaf,meat loaf / objects in the rear view mirror may appear closer than...,1132,validation
p!nk,raise your glass,1,0.7,0.695,7,-4.973,1,0.0897,0.00629,0.0,0.0319,0.633,122.028,1,1134,p!nk,p!nk / raise your glass,736,train
babyface,for the cool in you,1,0.887,0.416,1,-7.346,1,0.0518,0.0295,1.06e-05,0.066,0.761,94.013,1,1135,babyface,babyface / for the cool in you,380,train
white willow,the reach,0,0.325,0.313,2,-13.763,1,0.0425,0.07,0.174,0.353,0.0392,118.58,0,1136,white willow,white willow / the reach,1135,train
shinehead,olivia,0,0.744,0.375,1,-10.518,1,0.0654,0.0216,3.15e-06,0.0647,0.587,83.49,0,1137,shinehead,shinehead / olivia,1136,train
terry callier,java sparrow,0,0.501,0.318,7,-12.655,1,0.0393,0.79,0.000197,0.381,0.119,118.332,0,1138,terry callier,terry callier / java sparrow,763,train
brooks & dunn,proud of the house we built,1,0.618,0.79,6,-4.973,1,0.0445,0.0655,0.00641,0.11,0.545,119.987,1,1139,brooks & dunn,brooks & dunn / proud of the house we built,54,test
hot tuna,parchman farm,0,0.404,0.477,1,-10.246,0,0.0295,0.457,0.769,0.601,0.387,136.315,0,1140,hot tuna,hot tuna / parchman farm,1139,train
rhian sheehan,existing alone,0,0.24,0.488,1,-16.478,1,0.136,0.752,0.634,0.119,0.0879,128.19,0,1141,rhian sheehan,rhian sheehan / existing alone,166,validation
hall & oates,perkiomen,0,0.703,0.481,3,-9.116,0,0.0501,0.577,0.00103,0.0861,0.628,105.124,0,1142,hall & oates,hall & oates / perkiomen,1141,train
willie rosario,un tipo como yo,0,0.659,0.821,7,-5.409,1,0.0418,0.282,7.01e-05,0.239,0.903,97.862,0,1143,willie rosario,willie rosario / un tipo como yo,1142,train
skyforger,in the underworld,0,0.258,0.965,0,-4.237,1,0.137,5.67e-05,0.00926,0.353,0.224,101.703,0,1144,skyforger,skyforger / in the underworld,1143,train
genesis,i cant dance,0,0.914,0.528,3,-9.114,1,0.0508,0.499,4.38e-06,0.0454,0.898,107.557,1,1145,genesis,genesis / i cant dance,200,train
ensiferum,hero in a dream,0,0.505,0.968,7,-3.749,1,0.14,4.69e-06,0.0957,0.222,0.683,99.999,0,1146,ensiferum,ensiferum / hero in a dream,1145,train
gary moore,what are we here for,0,0.542,0.745,2,-6.769,1,0.0344,0.00112,0.0043,0.235,0.444,76.929,0,1147,gary moore,gary moore / what are we here for,1146,train
george lopez,dogs,0,0.491,0.931,9,-13.664,1,0.756,0.816,9.44e-06,0.716,0.037,91.082,0,1148,george lopez,george lopez / dogs,289,test
faithless,take the long way home,0,0.664,0.84,7,-9.401,0,0.032,0.00325,0.842,0.115,0.384,128.261,0,1149,faithless,faithless / take the long way home,1148,train
garth brooks,do what you gotta do,1,0.601,0.485,2,-11.956,1,0.0337,0.298,0.000217,0.297,0.437,132.892,1,1150,garth brooks,garth brooks / do what you gotta do,1149,test
zapp & roger,mega medley,0,0.732,0.788,6,-7.09,1,0.15,0.197,9.09e-05,0.39,0.765,111.738,1,1151,zapp & roger,zapp & roger / mega medley,1150,train
zombie girl,the darkness (komor kommando mix),0,0.659,0.637,11,-8.497,0,0.0314,0.00205,0.0102,0.1,0.0858,120.029,0,1152,zombie girl,zombie girl / the darkness (komor kommando mix),1151,train
placebo,slave to the wage,0,0.513,0.962,10,-5.93,0,0.0752,0.00031,0.686,0.245,0.488,142.211,0,1153,placebo,placebo / slave to the wage,1152,train
paul avgerinos,song without end,0,0.198,0.189,9,-17.325,1,0.0354,0.965,0.764,0.0917,0.032,67.933,0,1154,paul avgerinos,paul avgerinos / song without end,1153,validation
strata,trio (1932)_ movement 3: moderato,0,0.273,0.133,7,-18.714,0,0.0458,0.962,0.013,0.0988,0.105,94.382,0,1155,strata,strata / trio (1932)_ movement 3: moderato,452,train
dart,for the good times,0,0.62,0.503,0,-9.75,1,0.0631,0.00557,0.00383,0.511,0.689,147.959,0,1156,dart,dart / for the good times,1155,train
dntel,termites in the bathtub,0,0.721,0.492,0,-13.891,1,0.0491,0.193,0.887,0.0895,0.152,90.148,0,1157,dntel,dntel / termites in the bathtub,1156,train
elmo & patsy,grandma got run over by a reindeer,0,0.781,0.53,4,-14.848,1,0.0685,0.227,0.0,0.106,0.817,110.157,1,1158,elmo & patsy,elmo & patsy / grandma got run over by a reindeer,1157,train
the gone jackals,drop the hammer,0,0.44,0.547,7,-14.827,1,0.0302,0.00242,0.000588,0.186,0.361,87.137,0,1159,the gone jackals,the gone jackals / drop the hammer,933,test
morgion,basking under a blacksun dawning,0,0.179,0.726,5,-7.467,1,0.0433,8.43e-05,0.715,0.114,0.127,96.295,0,1160,morgion,morgion / basking under a blacksun dawning,1159,test
vanilla ice,play that funky music,0,0.851,0.514,4,-15.279,0,0.165,0.000928,3.58e-06,0.381,0.573,100.425,1,1161,vanilla ice,vanilla ice / play that funky music,1129,validation
outerspace,drive by music,0,0.791,0.821,8,-5.299,0,0.246,0.242,0.0,0.11,0.582,90.98,0,1162,outerspace,outerspace / drive by music,1161,train
weedeater,monkey junction,0,0.145,0.854,7,-6.101,1,0.109,0.0174,7.73e-05,0.112,0.139,66.198,0,1163,weedeater,weedeater / monkey junction,1162,train
danilo perez,native soul,0,0.531,0.373,7,-15.47,1,0.034,0.786,0.853,0.191,0.391,106.113,0,1164,danilo perez,danilo perez / native soul,1163,train
sick on the bus,who r ya,0,0.191,0.985,9,-4.082,0,0.382,0.000222,0.0113,0.0402,0.155,174.422,0,1165,sick on the bus,sick on the bus / who r ya,1164,train
4 the cause,stand by me,0,0.777,0.768,6,-9.845,0,0.0309,0.00324,0.000379,0.326,0.941,94.958,1,1166,4 the cause,4 the cause / stand by me,1165,train
low millions,eleanor,0,0.625,0.772,5,-5.919,1,0.0314,0.115,0.0,0.0899,0.539,113.042,0,1167,low millions,low millions / eleanor,1166,train
the wilkinsons,26 cents,0,0.641,0.462,11,-7.99,1,0.0265,0.65,0.0,0.159,0.317,101.067,1,1168,the wilkinsons,the wilkinsons / 26 cents,1167,train
ricardo lemvo,yiri yiri bon,0,0.574,0.688,5,-8.41,0,0.0378,0.13,0.0,0.0699,0.793,87.823,0,1169,ricardo lemvo,ricardo lemvo / yiri yiri bon,1168,train
rascal flatts,stand,0,0.431,0.765,0,-4.656,1,0.0489,0.0287,0.0,0.178,0.565,187.68,1,1170,rascal flatts,rascal flatts / stand,252,train
bleed the sky,kettle black,0,0.474,0.942,3,-6.14,0,0.0952,0.00133,0.0294,0.217,0.157,116.057,0,1171,bleed the sky,bleed the sky / kettle black,1170,train
l.a. guns,some lie for love,0,0.595,0.856,2,-9.532,1,0.0429,0.0303,0.000298,0.0476,0.519,133.568,0,1172,l.a. guns,l.a. guns / some lie for love,1171,train
billie jo spears,57 chevrolet,0,0.604,0.681,9,-9.889,1,0.0252,0.407,3.08e-06,0.074,0.897,94.298,0,1173,billie jo spears,billie jo spears / 57 chevrolet,1010,validation
dark fortress,ghastly indoctrination,0,0.332,0.813,1,-8.311,1,0.0998,2.2e-05,0.812,0.203,0.0398,115.36,0,1174,dark fortress,dark fortress / ghastly indoctrination,189,train
incubus,dig,0,0.45,0.895,11,-4.739,1,0.0386,0.0293,0.0,0.116,0.463,77.577,1,1175,incubus,incubus / dig,895,validation
mobb deep,where ya heart at,1,0.823,0.62,6,-7.093,0,0.23,0.253,0.0,0.0507,0.479,93.922,0,1176,mobb deep,mobb deep / where ya heart at,1175,train
lonnie gordon,happenin all over again,0,0.687,0.842,7,-7.972,1,0.0769,8.91e-06,0.31,0.0382,0.621,123.608,1,1177,lonnie gordon,lonnie gordon / happenin all over again,1176,validation
the chap,volumatic spacer device,0,0.904,0.368,9,-10.659,1,0.138,0.723,0.314,0.087,0.49,123.01,0,1178,the chap,the chap / volumatic spacer device,18,train
helmet,give it,0,0.299,0.836,7,-8.374,1,0.0618,3.92e-05,0.0476,0.0844,0.548,140.904,0,1179,helmet,helmet / give it,664,test
phil collins,hang in long enough,1,0.762,0.847,10,-4.842,0,0.0356,0.327,0.0248,0.88,0.521,119.976,1,1180,phil collins,phil collins / hang in long enough,61,train
dave eggar,deep blue,0,0.166,0.0371,0,-25.663,1,0.0415,0.741,0.897,0.107,0.0377,129.982,0,1181,dave eggar,dave eggar / deep blue,281,train
goo goo dolls,real,1,0.363,0.618,0,-5.147,1,0.0296,0.00038,2.41e-05,0.0908,0.412,82.939,1,1182,goo goo dolls,goo goo dolls / real,466,test
christina aguilera,genio atrapado,1,0.625,0.855,1,-5.157,1,0.113,0.345,1.35e-05,0.43,0.904,176.179,0,1183,christina aguilera,christina aguilera / genio atrapado,36,train
vanessa hudgens,sneakernight,1,0.807,0.904,1,-4.127,0,0.065,0.37,0.0,0.161,0.809,104.007,1,1184,vanessa hudgens,vanessa hudgens / sneakernight,1183,validation
the lord weird slough feg,the spinward marches,0,0.522,0.697,1,-5.054,1,0.0327,5.89e-06,0.893,0.217,0.648,125.5,0,1185,the lord weird slough feg,the lord weird slough feg / the spinward marches,1184,train
gonzalo rubalcaba,infantil (dedicated to john mclaughlin),0,0.467,0.545,2,-11.89,1,0.0426,0.391,0.588,0.0973,0.371,127.85,0,1186,gonzalo rubalcaba,gonzalo rubalcaba / infantil (dedicated to john mclaughlin),570,train
40 grit,intro,0,0.748,0.265,9,-16.597,1,0.947,0.894,0.0,0.273,0.718,80.911,0,1187,40 grit,40 grit / intro,1186,test
sergio dalma,la marca de tus labios,0,0.562,0.555,0,-5.476,1,0.0282,0.00642,0.0,0.301,0.418,124.021,0,1188,sergio dalma,sergio dalma / la marca de tus labios,1187,train
busdriver,sun shower (single version),0,0.624,0.706,9,-7.098,1,0.0271,0.00521,0.00995,0.0977,0.403,129.995,0,1189,busdriver,busdriver / sun shower (single version),1188,train
the killers,read my mind,1,0.543,0.917,1,-3.391,1,0.0444,0.00572,7.76e-05,0.104,0.329,132.246,1,1190,the killers,the killers / read my mind,93,train
themselves,crayon sharpener,0,0.814,0.573,1,-13.452,1,0.21,0.554,3.19e-05,0.0969,0.546,167.885,0,1191,themselves,themselves / crayon sharpener,480,test
mago de oz,desde mi cielo,0,0.586,0.551,2,-7.297,1,0.0381,0.549,2.28e-05,0.0965,0.292,110.213,0,1192,mago de oz,mago de oz / desde mi cielo,1191,train
bobby pulido,la rosa,0,0.581,0.717,9,-8.38,1,0.145,0.0913,0.000204,0.0768,0.722,196.674,0,1193,bobby pulido,bobby pulido / la rosa,779,train
jake owen,startin with me,0,0.487,0.653,11,-5.393,1,0.0522,0.109,5.15e-06,0.112,0.319,159.42,1,1194,jake owen,jake owen / startin with me,1193,train
madonna,"you must love me (from evita"")""",0,0.357,0.161,10,-14.789,1,0.0436,0.926,3.47e-05,0.146,0.267,88.746,1,1195,madonna,"madonna / you must love me (from evita"")""",248,validation
planet soul,set u free,0,0.636,0.645,6,-11.64,1,0.0873,0.101,1.64e-05,0.0686,0.711,128.43,1,1196,planet soul,planet soul / set u free,1195,train
lost boyz,me and my crazy world,1,0.767,0.538,0,-9.127,1,0.0876,0.00247,0.0,0.061,0.531,92.158,1,1197,lost boyz,lost boyz / me and my crazy world,1196,train
various production,lost (actress remix),0,0.599,0.527,10,-12.49,0,0.0484,0.118,0.868,0.0981,0.189,118.577,0,1198,various production,various production / lost (actress remix),1197,train
scorpions,send me an angel,0,0.349,0.448,1,-11.554,1,0.0304,0.47,0.00257,0.242,0.187,107.833,1,1199,scorpions,scorpions / send me an angel,1198,train
kenny chesney,living in fast forward,1,0.681,0.91,9,-5.22,1,0.0358,0.0233,0.000574,0.136,0.918,116.96,1,1200,kenny chesney,kenny chesney / living in fast forward,983,train
anti-flag,the gre(a)t depression,0,0.248,0.952,11,-4.835,1,0.0815,0.00035,0.0,0.0977,0.372,145.978,0,1201,anti-flag,anti-flag / the gre(a)t depression,1200,train
inspiral carpets,commercial reign,0,0.506,0.902,9,-4.705,1,0.0458,0.000198,0.156,0.251,0.764,113.618,0,1202,inspiral carpets,inspiral carpets / commercial reign,1201,train
orbital,are we here ?,0,0.673,0.609,0,-10.474,1,0.0388,0.00501,0.351,0.358,0.315,142.99,0,1203,orbital,orbital / are we here ?,127,validation
travis tritt,modern day bonnie and clyde,0,0.647,0.874,9,-5.075,0,0.0337,0.101,1.79e-05,0.277,0.918,89.727,1,1204,travis tritt,travis tritt / modern day bonnie and clyde,1203,train
jill scott,the way,0,0.725,0.41,1,-9.849,1,0.0317,0.0244,0.00891,0.11,0.436,140.394,1,1205,jill scott,jill scott / the way,1204,train
jimmy herring,lifeboat serenade,0,0.582,0.534,7,-9.657,1,0.0268,0.28,0.803,0.145,0.261,124.091,0,1206,jimmy herring,jimmy herring / lifeboat serenade,1205,validation
long beach dub allstars,free love,0,0.692,0.77,7,-1.663,0,0.0356,0.0189,0.0,0.124,0.863,150.4,0,1207,long beach dub allstars,long beach dub allstars / free love,1206,train
the jane shermans,ammunition,0,0.531,0.86,9,-6.473,0,0.0407,8.82e-05,0.00891,0.0888,0.688,140.245,0,1208,the jane shermans,the jane shermans / ammunition,1207,train
suzi quatro,kids of tragedy,0,0.564,0.475,4,-10.776,1,0.0294,0.012,9.07e-05,0.351,0.51,124.265,0,1209,suzi quatro,suzi quatro / kids of tragedy,1208,test
dave eggar,wave,0,0.212,0.0209,1,-22.091,1,0.0463,0.986,0.905,0.106,0.11,202.326,0,1210,dave eggar,dave eggar / wave,281,train
city high,what would you do?,0,0.732,0.793,7,-7.053,1,0.24,0.278,0.0,0.418,0.821,95.918,0,1211,city high,city high / what would you do?,1210,train
tinariwen,tenhert,0,0.561,0.626,8,-6.69,1,0.0439,0.142,0.11,0.0879,0.857,140.291,0,1212,tinariwen,tinariwen / tenhert,1211,train
kmd,get-u-now,0,0.788,0.815,1,-8.088,1,0.249,0.0254,0.538,0.164,0.619,104.07,0,1213,kmd,kmd / get-u-now,1212,train
death cab for cutie,i will possess your heart,1,0.605,0.619,9,-8.971,0,0.0261,0.423,0.313,0.0732,0.578,133.074,1,1214,death cab for cutie,death cab for cutie / i will possess your heart,1213,train
deee-lite,power of love,0,0.66,0.669,9,-14.895,0,0.0418,0.0214,0.0117,0.27,0.798,120.989,1,1215,deee-lite,deee-lite / power of love,1214,train
webb wilder,too cool for love,0,0.648,0.605,5,-6.882,1,0.028,0.35,0.0315,0.152,0.65,117.063,0,1216,webb wilder,webb wilder / too cool for love,1215,validation
jimmy wakely,beautiful brown eyes,0,0.545,0.18,2,-14.488,1,0.0313,0.923,0.0,0.145,0.433,109.265,0,1217,jimmy wakely,jimmy wakely / beautiful brown eyes,1216,train
kt tunstall,under the weather,0,0.418,0.449,0,-9.547,1,0.0366,0.874,7.83e-05,0.113,0.29,142.379,0,1218,kt tunstall,kt tunstall / under the weather,764,train
papa roach,scars,0,0.384,0.921,11,-3.334,1,0.055,0.0948,0.0,0.168,0.471,89.922,1,1219,papa roach,papa roach / scars,1218,test
black messiah,gullveig,0,0.558,0.969,9,-5.069,1,0.0649,0.00124,0.0735,0.334,0.541,124.019,0,1220,black messiah,black messiah / gullveig,1219,train
chris standring,through the looking glass (jazz),0,0.775,0.561,8,-9.538,1,0.0324,0.701,0.653,0.124,0.909,109.983,0,1221,chris standring,chris standring / through the looking glass (jazz),1220,test
darryl worley,a good day to run,0,0.59,0.773,6,-5.183,1,0.0286,0.221,5.49e-05,0.102,0.679,147.377,1,1222,darryl worley,darryl worley / a good day to run,1221,train
shakira,poem to a horse,0,0.644,0.878,11,-5.751,0,0.0377,0.027,4.2e-06,0.149,0.695,94.014,0,1223,shakira,shakira / poem to a horse,123,test
jewel,hands,0,0.634,0.571,5,-7.757,0,0.0285,0.501,0.00107,0.0938,0.262,127.222,1,1224,jewel,jewel / hands,1223,validation
snowgoons,real world,0,0.684,0.855,0,-5.372,1,0.034,0.000286,0.923,0.116,0.862,93.999,0,1225,snowgoons,snowgoons / real world,879,test
tori amos,spark,0,0.351,0.738,4,-4.309,0,0.038,0.0797,5.21e-05,0.0829,0.475,138.025,1,1226,tori amos,tori amos / spark,1225,train
moonspell,tired,0,0.564,0.641,2,-7.845,1,0.0367,5.67e-05,0.789,0.187,0.18,121.995,0,1227,moonspell,moonspell / tired,58,train
sizzla,princess black,0,0.566,0.793,6,-6.42,1,0.312,0.0391,0.0,0.143,0.842,82.52,0,1228,sizzla,sizzla / princess black,486,train
the killers,show you how,1,0.247,0.574,2,-5.855,1,0.0961,0.00103,1.68e-05,0.137,0.446,168.291,0,1229,the killers,the killers / show you how,93,train
torcuato mariano,black and blue,0,0.484,0.386,2,-11.991,0,0.0313,0.62,0.145,0.509,0.096,89.953,0,1230,torcuato mariano,torcuato mariano / black and blue,1229,test
avant,separated,0,0.793,0.49,0,-6.241,1,0.0273,0.284,0.0,0.262,0.632,108.238,1,1231,avant,avant / separated,858,train
william orbit,the monkey king,0,0.14,0.0316,10,-34.91,1,0.0401,0.289,0.879,0.11,0.0322,95.891,0,1232,william orbit,william orbit / the monkey king,1231,test
delbert mcclinton,lose your money,0,0.71,0.799,9,-10.57,1,0.0369,0.364,0.000277,0.261,0.967,110.183,0,1233,delbert mcclinton,delbert mcclinton / lose your money,1232,train
amy winehouse,you know im no good,0,0.705,0.806,9,-3.607,1,0.0309,0.0132,0.00428,0.0701,0.734,103.383,1,1234,amy winehouse,amy winehouse / you know im no good,1106,train
cracker,dr. bernice,0,0.685,0.126,2,-19.647,1,0.0486,0.605,2.57e-06,0.3,0.488,113.955,0,1235,cracker,cracker / dr. bernice,1234,test
fugees,nappy heads,0,0.774,0.456,1,-16.027,1,0.326,0.137,6.88e-05,0.109,0.642,97.109,1,1236,fugees,fugees / nappy heads,1235,test
rihanna,we ride,0,0.394,0.744,5,-5.465,0,0.276,0.00175,0.0,0.308,0.772,78.696,0,1237,rihanna,rihanna / we ride,1236,validation
matchbox 20,real world,0,0.504,0.761,10,-5.446,1,0.0437,0.00628,0.0,0.0892,0.884,117.999,1,1238,matchbox 20,matchbox 20 / real world,1237,validation
converge,to the lions,0,0.175,0.862,8,-4.161,1,0.0986,2.15e-06,0.891,0.181,0.074,100.215,0,1239,converge,converge / to the lions,331,test
miranda lambert,the house that built me,1,0.515,0.3,5,-8.005,1,0.0289,0.575,8.46e-06,0.115,0.206,81.12,1,1240,miranda lambert,miranda lambert / the house that built me,1239,train
trace adkins,then they do,1,0.448,0.453,10,-6.563,1,0.0286,0.273,0.000342,0.0751,0.359,149.815,1,1241,trace adkins,trace adkins / then they do,1240,test
toni braxton,breathe again,0,0.689,0.677,0,-6.36,1,0.0326,0.0704,0.0,0.0877,0.259,153.919,1,1242,toni braxton,toni braxton / breathe again,4,train
slick rick,kill niggaz,0,0.775,0.514,6,-7.412,1,0.189,0.0116,0.00662,0.328,0.839,92.532,0,1243,slick rick,slick rick / kill niggaz,1242,test
3 of hearts,is it love,0,0.381,0.465,3,-8.523,1,0.0344,0.544,0.0,0.227,0.267,203.327,0,1244,3 of hearts,3 of hearts / is it love,1243,train
coco montoya,gotta mind to travel,0,0.45,0.883,5,-5.288,1,0.0464,0.00159,0.646,0.202,0.808,155.037,0,1245,coco montoya,coco montoya / gotta mind to travel,1244,train
hanson,this time around,0,0.362,0.818,0,-4.255,1,0.0497,0.624,1.35e-06,0.102,0.56,85.195,1,1246,hanson,hanson / this time around,1245,train
stevie ray vaughan and double trouble,the house is rockin,0,0.336,0.909,4,-11.019,1,0.039,0.204,0.0211,0.333,0.956,172.162,0,1247,stevie ray vaughan and double trouble,stevie ray vaughan and double trouble / the house is rockin,596,train
glee cast,happy days are here again / get happy,1,0.36,0.362,8,-6.624,1,0.0303,0.845,0.0,0.0701,0.219,68.789,1,1248,glee cast,glee cast / happy days are here again / get happy,57,train
nine inch nails,only,0,0.717,0.797,9,-5.678,0,0.0294,0.000743,0.00283,0.106,0.961,112.129,1,1249,nine inch nails,nine inch nails / only,430,train
rhian benson,say how i feel,0,0.755,0.394,3,-10.585,0,0.0509,0.399,0.00225,0.0929,0.589,85.916,0,1250,rhian benson,rhian benson / say how i feel,1249,train
bon jovi,ill sleep when im dead,1,0.656,0.96,5,-2.822,1,0.0388,0.0199,0.000476,0.0921,0.857,124.29,1,1251,bon jovi,bon jovi / ill sleep when im dead,29,train
prince,black sweat,1,0.929,0.593,8,-5.925,1,0.279,0.0325,2.11e-05,0.273,0.67,108.862,1,1252,prince,prince / black sweat,859,test
cookies,believe in what i say,0,0.77,0.623,1,-8.561,1,0.0527,0.000308,0.706,0.081,0.961,125.996,0,1253,cookies,cookies / believe in what i say,1252,train
zbigniew preisner,colin tries standing,0,0.554,0.108,2,-24.099,1,0.0708,0.965,0.903,0.112,0.135,62.845,0,1254,zbigniew preisner,zbigniew preisner / colin tries standing,1253,test
papoose,intro,0,0.7,0.564,1,-6.406,1,0.534,0.887,0.0,0.228,0.6,65.173,0,1255,papoose,papoose / intro,1254,validation
das efx,freakit,1,0.801,0.518,1,-12.054,1,0.314,0.0286,3.65e-06,0.309,0.598,97.302,1,1256,das efx,das efx / freakit,95,train
mariah carey,ill be there,1,0.404,0.511,5,-9.427,1,0.0315,0.716,0.0,0.871,0.279,82.025,1,1257,mariah carey,mariah carey / ill be there,225,train
eluveitie,(do)minion,0,0.268,0.995,11,-4.582,0,0.14,0.00118,0.0359,0.537,0.0393,109.946,0,1258,eluveitie,eluveitie / (do)minion,1257,train
sunscreem,exodus,0,0.637,0.597,7,-16.763,1,0.0381,0.32,0.167,0.0911,0.389,124.957,0,1259,sunscreem,sunscreem / exodus,790,test
maroon 5,sweetest goodbye,0,0.566,0.819,1,-5.951,1,0.104,0.167,0.0,0.187,0.708,164.004,0,1260,maroon 5,maroon 5 / sweetest goodbye,737,train
missy elliott,shake your pom pom,1,0.769,0.895,6,-3.914,0,0.199,0.108,0.0,0.291,0.539,98.466,1,1261,missy elliott,missy elliott / shake your pom pom,1260,train
les sexareenos,ruby d.,0,0.385,0.977,11,-6.345,1,0.056,0.261,6.01e-05,0.397,0.923,96.408,0,1262,les sexareenos,les sexareenos / ruby d.,1261,train
mighty mighty bosstones,guns and the young,0,0.388,0.923,6,-7.779,0,0.341,0.018,0.0,0.163,0.511,141.957,0,1263,mighty mighty bosstones,mighty mighty bosstones / guns and the young,1022,test
madonna,hung up,1,0.649,0.647,9,-7.695,0,0.0452,0.0039,0.161,0.0686,0.405,125.02,1,1264,madonna,madonna / hung up,248,validation
glee cast,welcome christmas,1,0.419,0.254,11,-9.302,1,0.0297,0.911,0.0,0.275,0.0819,110.822,1,1265,glee cast,glee cast / welcome christmas,57,train
soulwax,kill your darlings,0,0.396,0.837,5,-7.683,1,0.0397,0.00118,0.000224,0.312,0.396,111.369,0,1266,soulwax,soulwax / kill your darlings,1265,train
glee cast,telephone,1,0.729,0.805,5,-5.183,0,0.0329,0.00363,3.08e-06,0.11,0.749,122.021,1,1267,glee cast,glee cast / telephone,57,train
2 minutos,tema de adrian,0,0.261,0.935,0,-3.371,1,0.0688,0.00176,0.0,0.535,0.74,166.724,0,1268,2 minutos,2 minutos / tema de adrian,1267,train
angels & airwaves,the adventure,0,0.539,0.857,11,-5.924,1,0.0455,0.0518,0.00119,0.128,0.209,144.129,1,1269,angels & airwaves,angels & airwaves / the adventure,1268,test
soul for real,every little thing i do,0,0.712,0.399,7,-9.297,0,0.0309,0.00484,0.00119,0.0857,0.253,99.06,1,1270,soul for real,soul for real / every little thing i do,1269,train
rappin 4-tay,playaz club,0,0.868,0.372,4,-12.704,0,0.177,0.0103,0.00455,0.076,0.666,99.965,1,1271,rappin 4-tay,rappin 4-tay / playaz club,1270,train
pat metheny,traveling fast,0,0.316,0.57,7,-13.286,1,0.112,0.427,0.888,0.723,0.626,81.01,0,1272,pat metheny,pat metheny / traveling fast,1271,train
jerry lewis,shine on your shoes,0,0.578,0.32,3,-9.634,1,0.04,0.68,0.0,0.0274,0.78,142.578,0,1273,jerry lewis,jerry lewis / shine on your shoes,1272,train
cake,alpha beta parking lot,0,0.624,0.651,7,-8.821,1,0.0463,0.126,3.25e-05,0.0938,0.853,94.422,0,1274,cake,cake / alpha beta parking lot,526,train
jack johnson,inaudible melodies,1,0.811,0.289,6,-13.92,1,0.0759,0.605,0.0288,0.133,0.35,142.97,0,1275,jack johnson,jack johnson / inaudible melodies,974,train
midwest product,motivator,0,0.718,0.691,10,-9.118,1,0.0408,0.00999,0.877,0.1,0.349,140.998,0,1276,midwest product,midwest product / motivator,1275,test
james newton howard,voices,0,0.22,0.128,1,-28.897,0,0.04,0.435,0.753,0.847,0.0379,87.362,0,1277,james newton howard,james newton howard / voices,567,train
deadboy & the elephantmen,no rainbow,0,0.469,0.12,6,-10.161,1,0.0431,0.697,0.231,0.102,0.353,159.556,0,1278,deadboy & the elephantmen,deadboy & the elephantmen / no rainbow,1277,train
json,take a look,0,0.554,0.781,1,-4.501,1,0.304,0.29,0.0,0.3,0.689,79.685,1,1279,json,json / take a look,1278,train
bongzilla,666lb. bongsession,0,0.293,0.779,4,-6.717,1,0.0574,0.00404,0.817,0.134,0.172,132.29,0,1280,bongzilla,bongzilla / 666lb. bongsession,584,train
arctic monkeys,fake tales of san francisco,0,0.454,0.778,9,-4.225,1,0.0449,0.00998,0.0,0.0427,0.704,127.158,0,1281,arctic monkeys,arctic monkeys / fake tales of san francisco,530,train
marcio faraco,sarapatel humano,0,0.828,0.406,0,-13.594,1,0.0598,0.557,0.299,0.0943,0.435,134.76,0,1282,marcio faraco,marcio faraco / sarapatel humano,1281,test
fu-schnickens,true fuschnick,0,0.857,0.663,8,-11.964,0,0.304,0.0508,0.0,0.0681,0.726,101.945,0,1283,fu-schnickens,fu-schnickens / true fuschnick,1282,train
public announcement,body bumpin yippie-yi-yo,0,0.782,0.363,2,-7.744,1,0.0441,0.0472,0.0,0.149,0.27,121.986,1,1284,public announcement,public announcement / body bumpin yippie-yi-yo,1283,validation
color me badd,all 4 love,0,0.807,0.75,2,-8.29,1,0.0315,0.0347,0.00017,0.149,0.797,106.389,1,1285,color me badd,color me badd / all 4 love,776,test
kenny chesney,who youd be today,1,0.646,0.431,2,-9.287,1,0.029,0.149,0.000428,0.108,0.248,145.855,1,1286,kenny chesney,kenny chesney / who youd be today,983,train
no doubt,simple kind of life,0,0.578,0.848,0,-5.113,1,0.0355,0.094,0.0,0.274,0.471,120.008,1,1287,no doubt,no doubt / simple kind of life,955,train
rhian sheehan,degrees of freedom,0,0.702,0.512,11,-10.893,1,0.0397,0.434,0.848,0.132,0.648,107.995,0,1288,rhian sheehan,rhian sheehan / degrees of freedom,166,validation
goose,everybody,0,0.722,0.824,11,-1.926,0,0.223,0.00144,0.011,0.324,0.215,129.99,0,1289,goose,goose / everybody,382,train
pride tiger,56 days,0,0.481,0.943,11,-2.041,1,0.0635,0.002,0.0,0.291,0.53,114.095,0,1290,pride tiger,pride tiger / 56 days,1289,test
the pineapple thief,run a mile,0,0.563,0.825,0,-8.047,1,0.0423,0.00207,0.0748,0.0614,0.0762,140.034,0,1291,the pineapple thief,the pineapple thief / run a mile,929,train
arthur tracy,red sails in the sunset,0,0.267,0.19,7,-15.146,1,0.0355,0.994,0.0268,0.186,0.27,170.86,0,1292,arthur tracy,arthur tracy / red sails in the sunset,1291,test
american idol finalists season 4,when you tell me that you love me,0,0.377,0.513,8,-7.139,0,0.0308,0.421,0.0,0.168,0.122,75.955,1,1293,american idol finalists season 4,american idol finalists season 4 / when you tell me that you love me,1292,train
kathy mattea,sally in the garden,0,0.599,0.199,1,-15.699,0,0.127,0.965,0.924,0.0643,0.667,146.451,0,1295,kathy mattea,kathy mattea / sally in the garden,1293,train
pyranja,nie wieder (live version),0,0.474,0.833,4,-5.789,0,0.206,0.00794,0.0,0.355,0.654,171.737,0,1296,pyranja,pyranja / nie wieder (live version),1294,train
gorillaz,all alone (live),1,0.447,0.779,7,-8.57,1,0.139,0.00102,0.418,0.845,0.328,148.098,0,1297,gorillaz,gorillaz / all alone (live),297,train
gwen stefani,wind it up,1,0.96,0.895,0,-6.899,0,0.0714,0.335,0.000176,0.364,0.92,120.01,1,1298,gwen stefani,gwen stefani / wind it up,1296,validation
agnostic front,sickness,0,0.427,0.968,7,-2.562,1,0.106,0.00694,0.0,0.36,0.711,151.438,0,1299,agnostic front,agnostic front / sickness,786,test
bobby brown,thats the way love is,0,0.706,0.886,10,-6.335,0,0.0463,0.0797,2.07e-05,0.0509,0.914,108.353,1,1300,bobby brown,bobby brown / thats the way love is,1298,train
tracy lawrence,paint me a birmingham,0,0.519,0.52,6,-4.547,1,0.03,0.0757,0.0,0.166,0.281,129.862,1,1301,tracy lawrence,tracy lawrence / paint me a birmingham,1299,test
junior reid,no loafting,0,0.833,0.567,8,-8.631,0,0.16,0.0648,0.0,0.237,0.903,82.741,0,1302,junior reid,junior reid / no loafting,1300,train
jeremy spencer,it hurts me too,0,0.373,0.219,0,-15.557,1,0.0328,0.925,0.582,0.137,0.304,184.716,0,1303,jeremy spencer,jeremy spencer / it hurts me too,1301,train
seal,prayer for the dying (live in paris),1,0.265,0.84,5,-6.57,1,0.0458,0.11,3.28e-05,0.966,0.394,101.506,0,1304,seal,seal / prayer for the dying (live in paris),1078,validation
les malpolis,les amours de nathalie,0,0.528,0.369,7,-6.817,1,0.0905,0.808,0.0,0.119,0.561,172.16,0,1305,les malpolis,les malpolis / les amours de nathalie,114,test
martina mcbride,heart trouble,1,0.516,0.894,9,-6.571,1,0.0419,0.0416,0.000105,0.396,0.84,175.918,0,1306,martina mcbride,martina mcbride / heart trouble,224,test
shadows fall,crushing belial,0,0.291,0.88,2,-7.783,0,0.054,0.000517,0.0169,0.103,0.331,97.103,0,1307,shadows fall,shadows fall / crushing belial,676,validation
the dillinger escape plan,sugar coated sour,0,0.289,0.971,9,-4.889,0,0.147,0.000351,0.0,0.127,0.218,90.589,0,1308,the dillinger escape plan,the dillinger escape plan / sugar coated sour,994,train
don & juan,are you putting me on the shelf,0,0.64,0.594,5,-9.677,1,0.064,0.675,3.36e-06,0.347,0.94,139.917,0,1309,don & juan,don & juan / are you putting me on the shelf,1307,test
jennifer lopez,still,1,0.737,0.674,6,-5.196,1,0.0352,0.0513,0.000947,0.211,0.393,95.691,0,1310,jennifer lopez,jennifer lopez / still,348,validation
skyclad,the one piece puzzle,0,0.259,0.761,2,-8.041,0,0.0367,0.0113,0.0208,0.976,0.299,166.181,0,1311,skyclad,skyclad / the one piece puzzle,1309,test
jellyfish,babys coming back,0,0.649,0.668,1,-10.109,1,0.0383,0.376,0.0,0.0366,0.923,140.598,1,1312,jellyfish,jellyfish / babys coming back,1310,validation
shae jones,talk show shhh!,0,0.884,0.26,10,-7.458,0,0.0558,0.0244,0.0,0.0688,0.516,121.937,1,1313,shae jones,shae jones / talk show shhh!,1311,train
t-pain,reverse cowgirl,0,0.482,0.67,1,-6.373,1,0.0409,0.00829,0.0,0.181,0.367,129.869,1,1314,t-pain,t-pain / reverse cowgirl,1312,test
cece winans,life,0,0.595,0.726,0,-7.679,1,0.0401,0.184,0.0,0.118,0.576,75.98,0,1315,cece winans,cece winans / life,1313,train
bassturk,unutmam,0,0.567,0.475,2,-10.095,0,0.067,0.2,0.0,0.378,0.145,136.075,0,1316,bassturk,bassturk / unutmam,1314,validation
carl crack,sonnenfreunde,0,0.276,0.978,8,-13.309,1,0.0923,0.897,0.76,0.936,0.0209,70.365,0,1317,carl crack,carl crack / sonnenfreunde,1315,train
novembre,triesteitaliana,0,0.169,0.712,1,-6.542,0,0.0727,4.47e-05,0.397,0.0801,0.17,125.91,0,1318,novembre,novembre / triesteitaliana,1316,train
flamin groovies,carol,0,0.464,0.927,9,-1.83,1,0.0397,0.0314,0.062,0.3,0.877,86.247,0,1319,flamin groovies,flamin groovies / carol,1317,train
the black crowes,sting me,1,0.552,0.972,0,-3.744,1,0.0584,0.0068,0.0,0.123,0.639,129.309,0,1320,the black crowes,the black crowes / sting me,494,test
valient thorr,problem solver,0,0.519,0.896,4,-6.343,1,0.092,0.0109,2.66e-06,0.081,0.769,92.004,0,1321,valient thorr,valient thorr / problem solver,1319,test
hey colossus,the book of disquiet,0,0.17,0.311,9,-10.238,0,0.0338,0.308,0.867,0.279,0.0632,72.472,0,1322,hey colossus,hey colossus / the book of disquiet,1320,train
daniel bedingfield,if youre not the one,0,0.682,0.547,10,-7.705,1,0.0318,0.555,0.0,0.105,0.272,120.0,1,1323,daniel bedingfield,daniel bedingfield / if youre not the one,1321,validation
a tribe called quest,get a hold,1,0.927,0.427,10,-8.304,0,0.391,0.0555,0.000692,0.241,0.652,95.23,0,1324,a tribe called quest,a tribe called quest / get a hold,1034,train
samy deluxe,denk,0,0.493,0.893,1,-5.645,0,0.347,0.274,0.000163,0.255,0.636,70.858,0,1325,samy deluxe,samy deluxe / denk,1323,validation
placebo,the never-ending why,0,0.524,0.911,3,-5.738,1,0.0396,1.49e-05,0.00443,0.365,0.6,137.36,0,1326,placebo,placebo / the never-ending why,1152,train
b*witched,cest la vie,1,0.693,0.938,7,-4.854,1,0.0296,0.104,0.000161,0.0685,0.913,108.986,1,1327,b*witched,b*witched / cest la vie,345,train
kris kross,live and die for hip hop,1,0.755,0.536,5,-9.643,0,0.181,0.0133,0.0,0.0794,0.658,87.087,1,1328,kris kross,kris kross / live and die for hip hop,1326,validation
miossec,que devient ton poing quand tu tends les doigts,0,0.782,0.531,9,-8.505,1,0.0495,0.544,0.00809,0.0935,0.781,103.006,0,1329,miossec,miossec / que devient ton poing quand tu tends les doigts,1084,train
statues,the last stand,0,0.327,0.962,9,-5.411,1,0.0801,0.000495,6.66e-06,0.191,0.701,182.71,0,1330,statues,statues / the last stand,1328,train
sade,slave song,1,0.851,0.39,9,-9.586,0,0.0504,0.0825,0.000443,0.0777,0.639,118.006,0,1331,sade,sade / slave song,651,test
taylor swift,mean,1,0.568,0.761,4,-3.987,1,0.0459,0.452,0.0,0.217,0.789,163.974,1,1332,taylor swift,taylor swift / mean,250,train
steve vai,the murder prologue,0,0.152,0.539,10,-8.173,0,0.0387,0.0206,0.372,0.373,0.0906,93.906,0,1333,steve vai,steve vai / the murder prologue,679,train
da brat,thats what im looking for,1,0.929,0.728,1,-5.524,1,0.102,0.344,0.0,0.055,0.961,130.076,1,1334,da brat,da brat / thats what im looking for,1332,test
glee cast,im a slave 4 u,1,0.909,0.779,0,-4.004,0,0.136,0.409,0.000681,0.0398,0.955,110.022,1,1335,glee cast,glee cast / im a slave 4 u,57,train
3 doors down,kryptonite,0,0.545,0.865,11,-5.708,0,0.0286,0.00664,1.12e-05,0.168,0.543,99.01,1,1336,3 doors down,3 doors down / kryptonite,272,train
casiotone for the painfully alone,white jetta,0,0.658,0.868,4,-9.848,0,0.0892,0.0468,0.075,0.0749,0.0389,90.057,0,1337,casiotone for the painfully alone,casiotone for the painfully alone / white jetta,1335,test
big punisher featuring donell jones,its so hard,0,0.9,0.593,10,-6.629,0,0.333,0.0554,0.0,0.0304,0.633,92.946,1,1338,big punisher featuring donell jones,big punisher featuring donell jones / its so hard,1336,train
martina mcbride,pick me up on your way down,1,0.736,0.614,0,-6.185,1,0.0249,0.416,0.0,0.108,0.896,130.967,0,1339,martina mcbride,martina mcbride / pick me up on your way down,224,test
gary go,open arms,0,0.51,0.855,0,-5.73,1,0.0547,0.0917,3.1e-06,0.0791,0.2,131.943,0,1340,gary go,gary go / open arms,1338,train
ec8or,cocain ducks,0,0.46,0.847,6,-9.548,1,0.153,0.0205,0.105,0.385,0.174,95.444,0,1341,ec8or,ec8or / cocain ducks,1339,train
snowgoons,starlight,0,0.411,0.89,3,-2.898,0,0.357,0.0715,0.0,0.479,0.57,176.159,0,1342,snowgoons,snowgoons / starlight,879,test
poncho sanchez / dianne reeves,morning,0,0.491,0.62,5,-11.611,0,0.0503,0.272,0.0,0.216,0.721,108.655,0,1343,poncho sanchez / dianne reeves,poncho sanchez / dianne reeves / morning,1341,train
pedro luis e a parede,soul,0,0.69,0.782,0,-5.593,1,0.131,0.451,0.00208,0.226,0.593,79.51,0,1344,pedro luis e a parede,pedro luis e a parede / soul,1342,train
da brat,fa all yall,0,0.875,0.68,10,-7.594,1,0.0844,0.0675,0.0,0.224,0.687,96.005,1,1345,da brat,da brat / fa all yall,1332,test
the dylans,i hope the weather stays fine (remix),0,0.681,0.424,6,-15.627,0,0.055,0.000342,0.0836,0.115,0.55,106.033,0,1346,the dylans,the dylans / i hope the weather stays fine (remix),1344,train
shinedown,save me,0,0.524,0.816,11,-3.49,0,0.0308,0.00044,0.0,0.0777,0.252,116.026,1,1347,shinedown,shinedown / save me,912,test
year long disaster,stranger in my room,0,0.428,0.909,2,-4.618,1,0.0578,0.000751,4.25e-06,0.16,0.334,166.167,0,1348,year long disaster,year long disaster / stranger in my room,1346,validation
glee cast,(ive had) the time of my life,1,0.459,0.77,9,-5.996,1,0.0472,0.0765,0.0,0.0879,0.168,110.705,1,1349,glee cast,glee cast / (ive had) the time of my life,57,train
lupe fiasco,the show goes on,0,0.591,0.889,7,-3.839,1,0.115,0.0189,0.0,0.155,0.65,143.067,1,1350,lupe fiasco,lupe fiasco / the show goes on,1348,train
atb,marrakech,0,0.537,0.955,10,-6.995,0,0.0474,0.081,0.896,0.67,0.383,132.979,0,1351,atb,atb / marrakech,1349,test
marcie blane,wer einmal a gesagt (what does a girl do?),0,0.684,0.676,11,-8.576,0,0.0428,0.378,0.0,0.358,0.901,86.544,0,1352,marcie blane,marcie blane / wer einmal a gesagt (what does a girl do?),1350,train
lindsay lohan,confessions of a broken heart (daughter to father),0,0.57,0.738,11,-4.093,1,0.0336,0.0308,0.0,0.0885,0.159,120.061,1,1353,lindsay lohan,lindsay lohan / confessions of a broken heart (daughter to father),1351,train
isabel pantoja,limosna de amores,0,0.429,0.701,4,-4.872,0,0.0594,0.865,0.0,0.954,0.409,113.429,0,1354,isabel pantoja,isabel pantoja / limosna de amores,435,train
billy joel,all about soul,0,0.555,0.86,2,-5.965,0,0.038,0.0386,0.0,0.325,0.468,108.594,1,1355,billy joel,billy joel / all about soul,1353,train
rick ross,hustlin,0,0.505,0.657,9,-7.254,1,0.288,0.0898,0.0,0.0606,0.666,135.995,1,1356,rick ross,rick ross / hustlin,1354,train
system of a down,streamline,0,0.395,0.855,0,-3.001,1,0.0356,0.000125,0.0333,0.16,0.472,130.892,0,1357,system of a down,system of a down / streamline,131,train
pacha massive,take the wheel,0,0.74,0.464,2,-8.546,1,0.0439,0.00949,0.0106,0.209,0.762,102.044,0,1358,pacha massive,pacha massive / take the wheel,1356,train
iggy and the stooges,raw power,0,0.35,0.995,5,-2.087,1,0.217,0.0888,8.35e-06,0.104,0.296,154.982,0,1359,iggy and the stooges,iggy and the stooges / raw power,1357,train
james newton howard,the burp heard round the world,0,0.301,0.508,0,-9.654,1,0.0409,0.668,0.44,0.27,0.0546,84.245,0,1360,james newton howard,james newton howard / the burp heard round the world,567,train
baby bash / grimm,changed my life,0,0.917,0.734,11,-5.011,0,0.129,0.291,0.000982,0.292,0.742,89.478,0,1361,baby bash / grimm,baby bash / grimm / changed my life,1359,train
tshala muana,banda yango,0,0.659,0.904,7,-7.007,1,0.0437,0.417,0.293,0.0635,0.967,127.955,0,1362,tshala muana,tshala muana / banda yango,1360,test
bounty killer,gun thirsty,0,0.898,0.778,6,-10.078,1,0.391,0.0775,0.0,0.165,0.901,96.021,0,1363,bounty killer,bounty killer / gun thirsty,328,test
gloria estefan,seal our fate,0,0.752,0.931,1,-7.163,1,0.0527,0.117,0.0,0.364,0.937,132.954,1,1364,gloria estefan,gloria estefan / seal our fate,1362,test
hoobastank,running away,0,0.39,0.803,9,-5.192,0,0.0437,0.000728,2.55e-06,0.2,0.509,103.544,1,1365,hoobastank,hoobastank / running away,1363,train
tlc,girl talk,1,0.882,0.671,2,-5.161,1,0.126,0.171,0.0,0.0988,0.34,95.018,1,1366,tlc,tlc / girl talk,782,train
cross country,in the midnight hour,0,0.434,0.334,9,-12.889,1,0.033,0.792,0.212,0.106,0.326,162.454,0,1367,cross country,cross country / in the midnight hour,633,test
eminem,the way i am,0,0.81,0.871,4,-2.672,0,0.241,0.13,0.0,0.313,0.299,87.328,0,1368,eminem,eminem / the way i am,94,validation
mobb deep,up north trip,0,0.845,0.641,6,-5.102,0,0.275,0.0391,2.4e-06,0.326,0.774,87.86,0,1369,mobb deep,mobb deep / up north trip,1175,train
stereo mcs,elevate my mind,0,0.844,0.593,9,-14.885,1,0.0602,0.145,0.571,0.129,0.75,115.148,1,1370,stereo mcs,stereo mcs / elevate my mind,1368,test
quadro nuevo,swing vagabond,0,0.718,0.373,8,-10.135,1,0.0815,0.929,0.934,0.135,0.743,104.778,0,1371,quadro nuevo,quadro nuevo / swing vagabond,7,train
noah lewis,devil in the wood pile,0,0.585,0.203,7,-17.078,1,0.333,0.984,0.136,0.333,0.806,80.184,0,1372,noah lewis,noah lewis / devil in the wood pile,1370,train
richard marx,take this heart,1,0.612,0.694,0,-8.277,1,0.026,0.00142,0.0012,0.0749,0.551,115.53,1,1373,richard marx,richard marx / take this heart,493,train
alex gopher,song for paul,0,0.58,0.242,4,-12.264,1,0.0283,0.701,1.63e-05,0.0953,0.126,79.924,0,1374,alex gopher,alex gopher / song for paul,1372,train
auf der maur,taste you,0,0.58,0.582,4,-6.333,0,0.0475,0.63,0.188,0.0887,0.447,124.907,0,1375,auf der maur,auf der maur / taste you,1373,train
gisselle,tocame,0,0.8,0.916,9,-2.772,1,0.0646,0.4,0.0,0.181,0.894,136.916,0,1376,gisselle,gisselle / tocame,1374,validation
defari,xtra thump (featuring tash from tha alkaholiks),0,0.762,0.71,10,-4.704,0,0.363,0.113,0.0,0.05,0.88,97.109,0,1377,defari,defari / xtra thump (featuring tash from tha alkaholiks),1375,train
the radio dept,mad about the boy,0,0.352,0.826,6,-8.145,0,0.0319,0.217,0.985,0.375,0.0724,124.997,0,1378,the radio dept,the radio dept / mad about the boy,1376,train
cracker,shake some action,0,0.564,0.763,4,-5.245,1,0.0277,0.00305,0.00229,0.0884,0.632,136.182,0,1379,cracker,cracker / shake some action,1234,test
owsley,class clown/good old days (reprise),0,0.223,0.684,9,-8.151,1,0.0409,0.00756,0.000272,0.262,0.183,191.973,0,1380,owsley,owsley / class clown/good old days (reprise),1378,train
disturbed,stricken,0,0.404,0.969,8,-2.938,1,0.195,8.51e-05,0.0114,0.268,0.29,173.878,1,1381,disturbed,disturbed / stricken,1379,train
alan jackson,it must be love,1,0.816,0.669,6,-7.925,1,0.0295,0.284,0.0,0.0563,0.967,112.132,1,1382,alan jackson,alan jackson / it must be love,594,validation
glee cast,like a virgin,1,0.678,0.845,4,-3.05,0,0.0475,0.0651,0.0,0.0841,0.763,119.999,1,1383,glee cast,glee cast / like a virgin,57,train
dokken,disease,0,0.313,0.985,6,-4.999,1,0.102,0.000376,0.00185,0.323,0.173,178.159,0,1384,dokken,dokken / disease,1382,test
big audio,the globe,0,0.917,0.603,2,-9.541,1,0.13,0.172,0.0,0.0489,0.696,113.951,1,1385,big audio,big audio / the globe,1383,train
natural elements,mayday,0,0.692,0.759,1,-6.551,1,0.272,0.0236,0.0,0.165,0.617,92.984,0,1386,natural elements,natural elements / mayday,1384,train
helen love,bigbigkiss,0,0.324,0.936,0,-9.822,1,0.0688,3e-06,0.0424,0.118,0.41,162.225,0,1387,helen love,helen love / bigbigkiss,1036,train
kalimba,al final,0,0.365,0.689,10,-5.653,1,0.0507,0.495,1.21e-06,0.967,0.496,149.939,0,1388,kalimba,kalimba / al final,366,train
dons,american lovebite,0,0.539,0.812,4,-8.35,1,0.033,0.058,0.0,0.118,0.533,132.044,0,1389,dons,dons / american lovebite,947,train
meat loaf,rock and roll dreams come through,1,0.565,0.884,0,-3.304,1,0.0335,0.186,0.000101,0.211,0.487,112.24,1,1390,meat loaf,meat loaf / rock and roll dreams come through,1132,validation
teena marie,how can you resist it,0,0.468,0.278,9,-10.281,1,0.03,0.388,0.0,0.123,0.14,82.019,0,1391,teena marie,teena marie / how can you resist it,1389,train
bee gees,paying the price of love,0,0.699,0.865,11,-7.367,0,0.0569,0.0626,8.44e-05,0.0327,0.811,105.027,1,1392,bee gees,bee gees / paying the price of love,1390,train
nana mouskouri,only you,0,0.379,0.385,2,-10.482,1,0.0337,0.647,3.26e-06,0.112,0.183,137.885,0,1393,nana mouskouri,nana mouskouri / only you,1391,validation
hem,have yourself a merry little christmas,0,0.508,0.0696,5,-14.554,1,0.0352,0.937,0.0,0.123,0.331,85.617,0,1394,hem,hem / have yourself a merry little christmas,417,train
becoming the archetype,ex nihilo,0,0.241,0.991,8,-3.346,1,0.133,1.03e-05,0.34,0.315,0.0894,94.505,0,1395,becoming the archetype,becoming the archetype / ex nihilo,1393,test
rachel portman,the letters,0,0.219,0.0365,9,-25.514,0,0.0385,0.96,0.186,0.0886,0.0492,113.068,0,1396,rachel portman,rachel portman / the letters,827,train
mystikal,bouncin back (bumpin me against the wall),0,0.883,0.896,0,-3.695,1,0.208,0.268,1.04e-06,0.0564,0.748,93.928,1,1397,mystikal,mystikal / bouncin back (bumpin me against the wall),1395,train
hey colossus,45 pounds,0,0.0914,0.539,5,-9.841,1,0.0391,0.358,0.792,0.14,0.158,205.724,0,1398,hey colossus,hey colossus / 45 pounds,1320,train
black eyed peas,tell your momma come,0,0.863,0.887,2,-5.241,1,0.123,0.164,0.0,0.166,0.865,102.134,0,1399,black eyed peas,black eyed peas / tell your momma come,1397,train
house of lords,rock bottom,0,0.492,0.957,5,-3.952,1,0.0782,4.15e-05,0.0,0.0666,0.399,127.959,0,1400,house of lords,house of lords / rock bottom,1398,train
kings of leon,wicker chair,0,0.645,0.704,0,-5.437,1,0.0309,0.0592,0.0,0.17,0.475,116.818,0,1401,kings of leon,kings of leon / wicker chair,812,train
abijah,the rock,0,0.596,0.661,8,-9.54,1,0.103,0.396,1.19e-05,0.792,0.738,118.678,0,1402,abijah,abijah / the rock,116,train
bare jr.,tobacco spit,0,0.284,0.618,7,-8.003,1,0.0355,0.000727,0.00129,0.204,0.265,95.78,0,1403,bare jr.,bare jr. / tobacco spit,1401,train
dave hollister,i know i can,1,0.595,0.759,5,-6.925,1,0.166,0.199,6.75e-06,0.295,0.725,89.574,0,1404,dave hollister,dave hollister / i know i can,151,train
k.m.c. kru,the devil came up to michigan,0,0.86,0.636,2,-15.511,1,0.145,0.172,4.9e-05,0.368,0.842,128.012,1,1405,k.m.c. kru,k.m.c. kru / the devil came up to michigan,1403,validation
session americana,ice cream man,0,0.577,0.619,7,-8.004,1,0.0581,0.613,0.000151,0.232,0.958,141.207,0,1406,session americana,session americana / ice cream man,1404,train
pascal sangla,assis par terre,0,0.524,0.531,4,-10.911,1,0.0366,0.576,0.000412,0.0625,0.605,90.098,0,1407,pascal sangla,pascal sangla / assis par terre,68,test
the almost,books & books,0,0.413,0.956,11,-4.338,0,0.0746,0.000339,0.0,0.129,0.257,169.975,0,1408,the almost,the almost / books & books,303,train
finntroll,hel vete,0,0.248,0.984,4,-5.87,0,0.169,2.93e-06,0.745,0.412,0.364,112.43,0,1409,finntroll,finntroll / hel vete,283,train
glee cast,gives you hell,1,0.752,0.605,6,-5.569,0,0.032,0.0807,0.0,0.112,0.789,100.007,1,1410,glee cast,glee cast / gives you hell,57,train
tanto metro & devonte,everyone falls in love,0,0.754,0.702,10,-8.033,0,0.0429,0.0275,0.0,0.0619,0.736,95.998,1,1411,tanto metro & devonte,tanto metro & devonte / everyone falls in love,1409,test
suicidal tendencies,monopoly on sorrow,0,0.388,0.888,11,-6.929,1,0.0745,0.00455,7.84e-05,0.0975,0.528,130.102,0,1412,suicidal tendencies,suicidal tendencies / monopoly on sorrow,1410,train
shaggy,oh carolina,0,0.816,0.913,5,-5.042,0,0.0997,0.469,0.0,0.331,0.915,124.578,1,1413,shaggy,shaggy / oh carolina,613,train
enrique iglesias,dicen por ahi,0,0.492,0.658,7,-6.42,1,0.0485,0.493,0.0,0.116,0.571,202.621,0,1414,enrique iglesias,enrique iglesias / dicen por ahi,1412,test
laurie berkner,ice cream cone,0,0.638,0.0922,0,-15.452,1,0.0542,0.906,0.0,0.0716,0.531,135.018,0,1415,laurie berkner,laurie berkner / ice cream cone,207,train
gary allan,right where i need to be,0,0.528,0.692,1,-6.339,1,0.0327,0.307,4.91e-05,0.141,0.635,82.788,1,1416,gary allan,gary allan / right where i need to be,258,validation
heather headley,in my mind,0,0.616,0.457,0,-6.761,1,0.034,0.148,0.0,0.125,0.208,119.646,1,1417,heather headley,heather headley / in my mind,1415,train
dru down,can you feel me,1,0.804,0.731,6,-7.36,0,0.225,0.00379,0.0,0.084,0.451,89.139,1,1418,dru down,dru down / can you feel me,1416,train
grayson capps,give it to me,0,0.406,0.9,4,-6.79,1,0.0926,0.113,2.15e-06,0.5,0.619,202.387,0,1419,grayson capps,grayson capps / give it to me,398,train
africando,lindas africanas,0,0.808,0.718,5,-5.445,1,0.0452,0.481,0.000124,0.0496,0.89,90.835,0,1420,africando,africando / lindas africanas,1418,train
rascal flatts,winner at a losing game,1,0.443,0.599,7,-6.604,1,0.026,0.207,0.0,0.107,0.399,171.879,1,1421,rascal flatts,rascal flatts / winner at a losing game,252,train
phantom planet,after hours,0,0.591,0.798,4,-6.007,1,0.0426,0.00108,5.55e-05,0.174,0.553,113.863,0,1422,phantom planet,phantom planet / after hours,1420,test
chris brown,this christmas,1,0.407,0.647,7,-6.031,0,0.125,0.384,0.0,0.0862,0.398,88.061,1,1423,chris brown,chris brown / this christmas,905,train
ashley tisdale,be good to me,0,0.655,0.857,0,-4.148,1,0.0994,0.141,0.0,0.298,0.719,97.994,1,1424,ashley tisdale,ashley tisdale / be good to me,1422,train
youves,on probation,0,0.558,0.814,7,-6.757,0,0.0739,0.000394,0.0,0.0255,0.855,142.0,0,1425,youves,youves / on probation,1423,test
missy elliott,we run this,1,0.745,0.898,9,-4.544,1,0.234,0.187,0.0,0.712,0.778,109.614,1,1426,missy elliott,missy elliott / we run this,1260,train
jope ruonansuu,aattelepa ite,0,0.91,0.716,7,-7.661,1,0.373,0.0745,0.0,0.0793,0.473,90.025,0,1427,jope ruonansuu,jope ruonansuu / aattelepa ite,1425,validation
gin blossoms,found out about you,0,0.543,0.816,7,-8.052,1,0.0284,0.00269,0.0314,0.122,0.71,134.707,1,1428,gin blossoms,gin blossoms / found out about you,1426,test
bee gees,still waters (run deep),1,0.78,0.492,11,-8.431,0,0.0343,0.304,0.00682,0.419,0.61,98.046,1,1429,bee gees,bee gees / still waters (run deep),1390,train
bobaflex,medicine,0,0.631,0.846,7,-4.359,1,0.034,0.00497,0.0,0.483,0.547,103.959,0,1430,bobaflex,bobaflex / medicine,1428,train
matisyahu,refuge,0,0.484,0.59,4,-8.617,0,0.135,0.117,1.79e-06,0.886,0.499,84.009,0,1431,matisyahu,matisyahu / refuge,742,validation
melissa etheridge,come to my window,1,0.512,0.636,7,-9.602,1,0.0262,0.08,0.000106,0.088,0.499,97.257,1,1432,melissa etheridge,melissa etheridge / come to my window,874,validation
the lemonheads,into your arms,0,0.504,0.782,2,-9.27,1,0.0301,0.0661,1.31e-06,0.115,0.619,123.883,1,1433,the lemonheads,the lemonheads / into your arms,1431,train
bone thugs-n-harmony,1st of tha month,1,0.729,0.581,5,-8.235,0,0.18,0.0777,3.81e-06,0.696,0.508,74.038,1,1434,bone thugs-n-harmony,bone thugs-n-harmony / 1st of tha month,576,train
information society,more to this,0,0.789,0.765,8,-5.319,1,0.0977,0.00367,1.35e-05,0.0964,0.797,110.013,0,1435,information society,information society / more to this,384,train
jennifer lopez featuring fat joe,hold you down,0,0.674,0.485,10,-12.443,1,0.32,0.00717,0.0,0.106,0.527,85.265,1,1436,jennifer lopez featuring fat joe,jennifer lopez featuring fat joe / hold you down,1434,train
danielle bollinger,when the broken hearted love again,0,0.688,0.905,1,-4.114,1,0.0432,0.0107,0.0,0.108,0.459,129.899,0,1437,danielle bollinger,danielle bollinger / when the broken hearted love again,274,train
eric burdon,motorcycle girl,0,0.747,0.675,2,-6.577,0,0.0386,0.45,8.49e-06,0.0715,0.684,146.068,0,1438,eric burdon,eric burdon / motorcycle girl,1436,train
pepe kalle,roger milla,0,0.645,0.833,7,-8.979,1,0.0382,0.125,0.0155,0.105,0.892,140.15,0,1439,pepe kalle,pepe kalle / roger milla,1437,train
emilia,big big world,0,0.567,0.454,0,-10.237,1,0.0318,0.474,5.93e-06,0.185,0.304,87.94,1,1440,emilia,emilia / big big world,1438,validation
faithless,insomnia,0,0.711,0.756,7,-10.637,1,0.0302,0.0352,0.00313,0.138,0.493,127.108,1,1441,faithless,faithless / insomnia,1148,train
natalie merchant,wonder,1,0.719,0.739,1,-5.577,1,0.0419,0.346,0.0102,0.0581,0.603,115.142,1,1442,natalie merchant,natalie merchant / wonder,326,train
staind,price to play,1,0.41,0.922,1,-1.906,0,0.0499,3.1e-05,0.000343,0.189,0.327,109.511,1,1443,staind,staind / price to play,1441,test
ne-yo,miss independent,1,0.673,0.683,1,-5.693,1,0.115,0.522,0.0,0.235,0.713,171.86,1,1444,ne-yo,ne-yo / miss independent,161,test
cypress hill,insane in the brain,0,0.897,0.612,11,-10.489,1,0.211,0.0297,0.186,0.0894,0.767,102.305,1,1445,cypress hill,cypress hill / insane in the brain,192,train
broadcast,where youth and laughter go,0,0.531,0.682,11,-5.815,0,0.0291,0.000336,0.0,0.0794,0.41,119.271,0,1446,broadcast,broadcast / where youth and laughter go,125,train
q-tip,breathe and stop,0,0.881,0.83,7,-4.563,1,0.172,0.0144,0.00771,0.0626,0.765,98.793,1,1447,q-tip,q-tip / breathe and stop,1445,train
kelly clarkson,a moment like this,0,0.414,0.572,8,-3.918,1,0.0311,0.163,0.0,0.115,0.16,145.184,1,1448,kelly clarkson,kelly clarkson / a moment like this,1446,train
junior kimbrough,all night long,0,0.37,0.663,0,-7.684,1,0.0347,0.014,0.0286,0.171,0.411,180.404,0,1449,junior kimbrough,junior kimbrough / all night long,1447,train
the proclaimers,im gonna be (500 miles),0,0.851,0.551,4,-5.177,1,0.0396,0.151,0.0,0.0827,0.807,131.922,1,1450,the proclaimers,the proclaimers / im gonna be (500 miles),1448,validation
miranda lambert,more like her,0,0.556,0.393,11,-6.589,1,0.025,0.238,0.0,0.0979,0.213,132.746,1,1451,miranda lambert,miranda lambert / more like her,1239,train
white willow,the dark road,0,0.515,0.504,2,-6.936,1,0.0277,0.108,0.000127,0.126,0.143,112.959,0,1452,white willow,white willow / the dark road,1135,train
basement jaxx,la photo,0,0.867,0.743,7,-8.345,1,0.286,0.00718,0.012,0.512,0.817,126.854,0,1453,basement jaxx,basement jaxx / la photo,1052,train
kalimba,no volveras a mi,0,0.723,0.567,7,-6.214,1,0.0316,0.206,4.26e-05,0.121,0.831,134.004,0,1454,kalimba,kalimba / no volveras a mi,366,train
walter ego,purple pygmies,0,0.602,0.712,10,-11.089,0,0.0448,0.0527,0.87,0.409,0.33,93.095,0,1455,walter ego,walter ego / purple pygmies,1453,train
michael buble,save the last dance for me,0,0.745,0.45,4,-9.121,1,0.0354,0.288,0.0,0.0538,0.807,133.952,1,1456,michael buble,michael buble / save the last dance for me,1454,train
metallica,hero of the day,1,0.351,0.9,8,-7.146,1,0.0357,0.000107,0.0262,0.11,0.777,116.023,1,1457,metallica,metallica / hero of the day,87,test
arsonists get all the girls,violence in fluid triceratops,0,0.332,0.97,1,-3.611,1,0.0714,3.2e-05,0.0249,0.0601,0.305,129.963,0,1458,arsonists get all the girls,arsonists get all the girls / violence in fluid triceratops,1456,train
the prodigy,firestarter,0,0.534,0.946,11,-5.167,1,0.0793,0.00339,0.442,0.164,0.379,141.517,1,1459,the prodigy,the prodigy / firestarter,1457,test
basic channel,q loop,0,0.715,0.456,9,-22.529,0,0.0912,0.55,0.713,0.0775,0.167,123.076,0,1460,basic channel,basic channel / q loop,984,train
kris kross,tonites tha night,0,0.743,0.523,5,-5.456,0,0.103,0.0231,0.0309,0.0701,0.789,90.974,1,1461,kris kross,kris kross / tonites tha night,1326,validation
ini kamoze,here comes the hotstepper,0,0.889,0.454,4,-8.598,0,0.221,0.0141,0.000186,0.203,0.436,100.36,0,1462,ini kamoze,ini kamoze / here comes the hotstepper,1460,test
m2m,mirror mirror,0,0.696,0.685,1,-5.53,0,0.0246,0.218,0.0,0.0988,0.507,100.088,1,1463,m2m,m2m / mirror mirror,1461,validation
mark morrison,moan & groan,0,0.68,0.394,6,-11.833,0,0.0391,0.114,0.00145,0.0938,0.375,141.504,1,1464,mark morrison,mark morrison / moan & groan,1462,test
hubert kah,raketen,0,0.688,0.859,2,-7.46,1,0.0513,0.0429,0.000327,0.0643,0.459,110.025,0,1465,hubert kah,hubert kah / raketen,1463,train
andru donalds,mishale,0,0.604,0.786,10,-5.643,0,0.0741,0.0187,1.04e-05,0.0704,0.795,176.043,1,1466,andru donalds,andru donalds / mishale,1464,train
j.b. lenoir,the mojo,0,0.854,0.677,11,-6.613,0,0.089,0.474,1.49e-05,0.247,0.962,129.646,0,1467,j.b. lenoir,j.b. lenoir / the mojo,1465,train
mariachi silvestre vargas,cielito lindo,0,0.264,0.295,7,-11.729,1,0.0327,0.907,0.458,0.142,0.328,177.397,0,1468,mariachi silvestre vargas,mariachi silvestre vargas / cielito lindo,1466,train
blind blake,dry bone shuffle,0,0.651,0.611,10,-11.96,1,0.0609,0.751,0.944,0.113,0.965,134.213,0,1469,blind blake,blind blake / dry bone shuffle,1467,train
gillette,mr. personality,0,0.766,0.652,2,-9.018,1,0.0727,0.00165,0.0205,0.111,0.91,147.978,1,1470,gillette,gillette / mr. personality,1468,train
martina mcbride,anyway,1,0.523,0.521,5,-6.756,1,0.026,0.179,1.44e-05,0.102,0.288,137.016,1,1471,martina mcbride,martina mcbride / anyway,224,test
vanessa hudgens,say ok,0,0.472,0.698,7,-6.95,1,0.0484,0.00847,0.00257,0.113,0.512,124.866,1,1472,vanessa hudgens,vanessa hudgens / say ok,1183,validation
dierks bentley,come a little closer,0,0.585,0.577,5,-5.752,1,0.0228,0.0587,0.00369,0.102,0.335,80.02,1,1473,dierks bentley,dierks bentley / come a little closer,1471,validation
jope ruonansuu,aulis gerlander,0,0.741,0.979,7,-4.271,1,0.122,0.0788,0.0,0.249,0.917,125.074,0,1474,jope ruonansuu,jope ruonansuu / aulis gerlander,1425,validation
goo goo dolls,broadway,1,0.504,0.901,11,-3.776,1,0.0491,0.000807,0.0,0.0839,0.755,132.729,1,1475,goo goo dolls,goo goo dolls / broadway,466,test
geier sturzflug,schwarzarbeit,0,0.746,0.939,10,-4.589,1,0.0327,0.0153,0.0,0.401,0.992,116.039,0,1476,geier sturzflug,geier sturzflug / schwarzarbeit,1474,train
lot lorien,byal ravnec,0,0.334,0.599,5,-7.875,0,0.0329,0.534,0.328,0.338,0.398,163.011,0,1477,lot lorien,lot lorien / byal ravnec,1475,train
george strait,meanwhile,1,0.504,0.481,7,-6.305,1,0.0282,0.0349,0.0042,0.134,0.165,123.827,1,1478,george strait,george strait / meanwhile,154,train
be bop deluxe,sister seagull (live),0,0.467,0.661,4,-8.684,0,0.05,0.21,0.000898,0.717,0.532,125.056,0,1479,be bop deluxe,be bop deluxe / sister seagull (live),1477,test
riddlin kids,stop the world,0,0.298,0.936,4,-3.142,1,0.0724,0.000262,4.42e-05,0.21,0.766,144.718,0,1480,riddlin kids,riddlin kids / stop the world,1478,train
iyaz,solo,0,0.73,0.728,11,-3.113,1,0.0291,0.197,0.0,0.197,0.68,130.061,1,1481,iyaz,iyaz / solo,1479,train
rise against,swing life away,0,0.477,0.426,6,-6.961,1,0.043,0.544,0.0,0.0903,0.789,184.866,0,1482,rise against,rise against / swing life away,806,test
stephen pearcy,freak,0,0.517,0.951,6,-3.032,1,0.0768,0.000121,0.842,0.0769,0.546,130.195,0,1483,stephen pearcy,stephen pearcy / freak,1481,train
luther vandross,your secret love,1,0.658,0.688,5,-7.049,0,0.0297,0.191,1.33e-06,0.173,0.424,143.783,1,1484,luther vandross,luther vandross / your secret love,112,train
lost boyz,renee,1,0.78,0.456,4,-10.016,0,0.187,0.0541,0.0,0.14,0.515,91.997,1,1485,lost boyz,lost boyz / renee,1196,train
taylor swift,speak now,1,0.709,0.599,7,-3.734,1,0.0304,0.095,0.0,0.0973,0.735,118.975,1,1486,taylor swift,taylor swift / speak now,250,train
goatwhore,forever consumed oblivion,0,0.287,0.995,10,-3.779,0,0.264,1.4e-05,0.0492,0.162,0.0646,124.685,0,1487,goatwhore,goatwhore / forever consumed oblivion,1485,train
heavy d,private dancer,0,0.54,0.734,2,-5.789,1,0.237,0.108,0.0,0.0503,0.719,76.563,0,1488,heavy d,heavy d / private dancer,1089,train
paul thorn,mood ring,0,0.641,0.409,7,-8.105,1,0.0279,0.258,0.0,0.1,0.491,80.176,0,1489,paul thorn,paul thorn / mood ring,1487,train
horace andy,musical episode,0,0.742,0.718,10,-10.029,0,0.0894,0.0964,0.0119,0.0358,0.964,76.843,0,1490,horace andy,horace andy / musical episode,1488,train
after 7,heat of the moment,0,0.707,0.852,4,-7.364,1,0.0481,0.0655,1.42e-06,0.567,0.86,100.804,1,1491,after 7,after 7 / heat of the moment,1489,validation
amorphis,and i hear you call,0,0.192,0.984,0,-4.579,1,0.115,0.00146,0.341,0.126,0.248,133.916,0,1492,amorphis,amorphis / and i hear you call,730,train
bobby pulido,mi alma esta enamorada,0,0.416,0.795,2,-4.753,1,0.0647,0.159,0.000235,0.191,0.836,199.854,0,1493,bobby pulido,bobby pulido / mi alma esta enamorada,779,train
twila paris,perfect peace,0,0.49,0.2,3,-13.842,1,0.0277,0.927,9.92e-05,0.125,0.209,101.975,0,1494,twila paris,twila paris / perfect peace,1492,train
savage garden,you can still be free,1,0.457,0.357,0,-12.636,1,0.0326,0.241,6.79e-05,0.0625,0.0396,118.029,0,1495,savage garden,savage garden / you can still be free,1493,validation
eluveitie,primordial breath,0,0.387,0.996,11,-3.028,0,0.0853,0.0001,0.00225,0.332,0.0376,95.012,0,1496,eluveitie,eluveitie / primordial breath,1257,train
enrique iglesias,do you know? (the ping pong song),0,0.749,0.766,8,-4.329,1,0.0477,0.0447,0.0,0.0347,0.671,114.998,0,1497,enrique iglesias,enrique iglesias / do you know? (the ping pong song),1412,test
crucial conflict,ride out dip,0,0.906,0.754,8,-5.857,0,0.0978,0.0324,3.21e-05,0.0788,0.962,147.997,0,1498,crucial conflict,crucial conflict / ride out dip,1496,train
dolores keane,telling me lies,0,0.603,0.337,9,-12.708,1,0.0284,0.546,2.32e-05,0.175,0.139,114.18,0,1499,dolores keane,dolores keane / telling me lies,47,train
shawn mullins,lullaby,0,0.509,0.833,7,-5.337,1,0.0597,0.0398,0.00257,0.207,0.569,79.935,1,1500,shawn mullins,shawn mullins / lullaby,1498,validation
darryl worley,those less fortunate than i,1,0.588,0.492,11,-6.537,1,0.0252,0.357,3.73e-06,0.119,0.134,79.47,0,1501,darryl worley,darryl worley / those less fortunate than i,1221,train
avril lavigne,complicated,1,0.585,0.776,5,-5.898,1,0.0459,0.0572,7.74e-06,0.3,0.427,77.987,1,1502,avril lavigne,avril lavigne / complicated,936,train
josh groban,mi morena (revised live version),0,0.563,0.436,8,-9.327,0,0.0297,0.775,0.000218,0.702,0.361,142.948,0,1503,josh groban,josh groban / mi morena (revised live version),910,test
black debbath,ville eyolf,0,0.294,0.677,11,-5.123,0,0.0369,0.00469,0.0,0.263,0.326,168.13,0,1504,black debbath,black debbath / ville eyolf,1502,test
slim whitman,cattle call,0,0.532,0.259,0,-12.939,1,0.0286,0.968,0.463,0.08,0.486,108.087,0,1505,slim whitman,slim whitman / cattle call,1121,test
tracie spencer,still in my heart,1,0.674,0.529,0,-6.188,1,0.025,0.307,2.23e-06,0.0725,0.601,89.913,1,1506,tracie spencer,tracie spencer / still in my heart,1504,train
imani coppola,legend of a cowgirl,0,0.745,0.608,6,-5.525,1,0.0373,0.0171,0.0,0.081,0.541,129.303,1,1507,imani coppola,imani coppola / legend of a cowgirl,1505,test
big punisher,im not a player,0,0.721,0.723,4,-4.429,0,0.239,0.0101,0.00108,0.4,0.542,94.744,1,1508,big punisher,big punisher / im not a player,1506,train
cherish,unappreciated,0,0.735,0.521,7,-6.696,0,0.0876,0.0888,0.0,0.065,0.374,77.01,1,1509,cherish,cherish / unappreciated,1507,validation
open hand,never alone,0,0.243,0.8,9,-7.798,0,0.148,0.0596,0.117,0.377,0.177,86.235,0,1510,open hand,open hand / never alone,1508,validation
eyes set to kill,liar in the glass,0,0.255,0.919,2,-3.769,1,0.143,3.65e-05,0.0118,0.197,0.411,91.978,0,1511,eyes set to kill,eyes set to kill / liar in the glass,145,test
t.i.,no matter what,1,0.498,0.824,11,-5.091,1,0.247,0.00332,0.0,0.0757,0.332,145.639,1,1512,t.i.,t.i. / no matter what,317,train
lexie mountain boys,where we are from,0,0.605,0.0569,2,-19.944,0,0.348,0.956,0.0,0.135,0.424,76.588,0,1513,lexie mountain boys,lexie mountain boys / where we are from,564,train
beyonce,ring the alarm,1,0.458,0.751,2,-8.395,1,0.469,0.0299,0.000155,0.258,0.48,169.673,1,1514,beyonce,beyonce / ring the alarm,255,train
blaque,bring it all to me,0,0.695,0.579,0,-5.066,1,0.0325,0.000479,0.0,0.0556,0.726,88.957,1,1515,blaque,blaque / bring it all to me,1513,validation
spongebob squarepants,ripped pants,0,0.768,0.585,0,-8.331,1,0.119,0.101,0.0,0.445,0.617,122.73,0,1516,spongebob squarepants,spongebob squarepants / ripped pants,1514,validation
the brand new heavies,dream on dreamer,0,0.692,0.835,6,-9.018,0,0.0422,0.193,0.184,0.0892,0.961,95.892,1,1517,the brand new heavies,the brand new heavies / dream on dreamer,1515,train
hem,when i was drinking,0,0.232,0.274,4,-13.719,1,0.0335,0.871,0.0201,0.0973,0.264,87.212,0,1518,hem,hem / when i was drinking,417,train
kathy mattea,the southern soldier boy,0,0.483,0.269,11,-12.193,0,0.0276,0.786,0.0,0.181,0.413,96.914,0,1519,kathy mattea,kathy mattea / the southern soldier boy,1293,train
the suicide machines,burning in the aftermath,0,0.459,0.999,2,-2.257,1,0.155,0.00173,0.0,0.282,0.15,115.822,0,1520,the suicide machines,the suicide machines / burning in the aftermath,1518,train
tha liks,da da da da,0,0.633,0.844,9,-5.101,1,0.404,0.0227,0.0,0.0786,0.823,94.263,0,1521,tha liks,tha liks / da da da da,625,test
aesop rock,coma,0,0.787,0.721,5,-7.965,0,0.314,0.122,5.69e-06,0.226,0.87,173.991,0,1522,aesop rock,aesop rock / coma,1020,validation
malkit singh,dhol ton bina,0,0.562,0.979,7,-6.95,1,0.241,0.618,0.00322,0.683,0.461,80.332,0,1523,malkit singh,malkit singh / dhol ton bina,1521,train
charlotte gainsbourg,irm,0,0.751,0.604,11,-8.278,1,0.0351,0.00603,0.725,0.12,0.327,120.129,0,1524,charlotte gainsbourg,charlotte gainsbourg / irm,1522,test
andrew w.k.,long live the party,0,0.328,0.921,0,-3.897,1,0.0396,0.00058,0.000564,0.145,0.388,96.426,0,1525,andrew w.k.,andrew w.k. / long live the party,441,train
kassav,an mouvman,0,0.741,0.899,11,-6.195,0,0.0443,0.016,6.26e-06,0.135,0.949,119.659,0,1526,kassav,kassav / an mouvman,1524,test
rick astley,close to you,1,0.621,0.673,2,-8.215,1,0.0438,0.0179,0.0613,0.0983,0.695,87.024,0,1527,rick astley,rick astley / close to you,77,train
rise against,amber changing,0,0.315,0.968,10,-3.554,0,0.139,0.000177,9.38e-05,0.129,0.518,105.692,0,1528,rise against,rise against / amber changing,806,test
busta rhymes,we got what you want,0,0.617,0.462,11,-5.311,1,0.49,0.00331,0.0,0.12,0.805,80.845,0,1529,busta rhymes,busta rhymes / we got what you want,1527,test
sade,no ordinary love,0,0.629,0.364,11,-12.259,0,0.038,0.468,0.0198,0.0941,0.699,166.254,1,1530,sade,sade / no ordinary love,651,test
mack 10,backyard boogie,0,0.853,0.603,1,-7.85,1,0.226,0.14,0.0,0.0783,0.546,95.936,1,1531,mack 10,mack 10 / backyard boogie,1529,train
pink floyd,take it back,0,0.469,0.602,7,-11.156,1,0.0289,0.133,0.00613,0.273,0.131,112.427,1,1532,pink floyd,pink floyd / take it back,1530,train
placebo,every you every me (infected by the scourge of the earth),0,0.416,0.925,2,-5.638,1,0.0472,5.04e-06,0.0583,0.538,0.0678,136.859,0,1533,placebo,placebo / every you every me (infected by the scourge of the earth),1152,train
jazzy b,soorma,0,0.704,0.793,7,-6.757,1,0.302,0.391,4.06e-05,0.686,0.806,77.964,0,1534,jazzy b,jazzy b / soorma,1532,train
shania twain,im gonna getcha good!,1,0.723,0.789,1,-4.813,1,0.0302,0.0441,0.0,0.0612,0.946,124.013,1,1535,shania twain,shania twain / im gonna getcha good!,1110,train
sapo,eduardo,0,0.578,0.54,7,-6.123,1,0.0418,0.346,0.00286,0.0876,0.233,82.466,0,1536,sapo,sapo / eduardo,1534,train
anita baker,body & soul,0,0.537,0.474,1,-8.549,0,0.0344,0.618,0.0,0.193,0.275,109.09,1,1537,anita baker,anita baker / body & soul,1535,test
jennifer lopez,baby i love u,1,0.832,0.688,2,-6.346,1,0.0468,0.018,0.207,0.0596,0.399,111.965,1,1538,jennifer lopez,jennifer lopez / baby i love u,348,validation
abraham laboriel,guidum,0,0.447,0.395,0,-10.671,0,0.0359,0.0343,0.546,0.12,0.316,111.014,0,1539,abraham laboriel,abraham laboriel / guidum,1537,train
various production,wot u say,0,0.502,0.786,7,-8.934,0,0.0365,0.0199,0.00123,0.0683,0.86,145.131,0,1540,various production,various production / wot u say,1197,train
james taylor quartet,got to give it up,0,0.929,0.946,7,-4.936,1,0.0369,0.0342,0.615,0.084,0.976,126.071,0,1541,james taylor quartet,james taylor quartet / got to give it up,1539,test
audio adrenaline,my god  (audio adrenaline album version),0,0.636,0.721,9,-7.61,0,0.235,0.231,1.37e-05,0.701,0.422,99.648,0,1542,audio adrenaline,audio adrenaline / my god (audio adrenaline album version),1540,train
tracie spencer,this time make it funky,0,0.776,0.83,0,-9.532,1,0.0812,0.0269,0.00267,0.0416,0.792,113.624,1,1543,tracie spencer,tracie spencer / this time make it funky,1504,train
colin james,better days,0,0.678,0.499,10,-8.661,1,0.0465,0.338,6.38e-05,0.12,0.87,154.479,0,1544,colin james,colin james / better days,1542,validation
drs,gangsta lean,0,0.742,0.258,3,-11.885,0,0.0339,0.451,0.0,0.0926,0.476,82.576,1,1545,drs,drs / gangsta lean,1543,train
anthony hamilton,cant let go,0,0.65,0.501,10,-6.905,1,0.0963,0.582,0.0,0.112,0.374,127.984,1,1546,anthony hamilton,anthony hamilton / cant let go,1544,train
keith anderson,every time i hear your name,0,0.562,0.757,1,-3.945,1,0.0253,0.277,0.0,0.0745,0.299,93.02,1,1547,keith anderson,keith anderson / every time i hear your name,1545,validation
steve vai,fire,0,0.308,0.739,9,-6.17,1,0.0459,0.0487,0.834,0.106,0.365,150.034,0,1548,steve vai,steve vai / fire,679,train
george lopez,memories,0,0.381,0.697,2,-14.538,1,0.946,0.905,0.0,0.892,0.408,73.571,0,1549,george lopez,george lopez / memories,289,test
marc shaiman,best in la,0,0.122,0.0145,5,-25.444,1,0.0378,0.993,0.746,0.0771,0.0397,75.588,0,1550,marc shaiman,marc shaiman / best in la,1548,train
les ogres de barback,printemps,0,0.646,0.505,10,-8.339,1,0.0505,0.696,0.0246,0.0406,0.886,148.873,0,1551,les ogres de barback,les ogres de barback / printemps,1049,validation
alicia keys,if i aint got you,1,0.609,0.445,7,-9.129,1,0.106,0.603,6.77e-06,0.104,0.166,118.393,1,1552,alicia keys,alicia keys / if i aint got you,439,train
dimmu borgir,the chosen legacy,0,0.183,0.944,7,-3.516,0,0.11,6.88e-06,0.119,0.123,0.0993,149.864,0,1553,dimmu borgir,dimmu borgir / the chosen legacy,484,test
toby keith,trailerhood,1,0.663,0.821,7,-4.557,1,0.0356,0.229,0.0,0.295,0.849,98.001,1,1554,toby keith,toby keith / trailerhood,270,train
zeca baleiro,blues do elevador,0,0.45,0.261,9,-11.428,0,0.0341,0.843,1.78e-05,0.163,0.379,85.467,0,1555,zeca baleiro,zeca baleiro / blues do elevador,1011,validation
jonny lang,the one i got,0,0.6,0.816,7,-5.926,1,0.0421,0.0756,0.000172,0.0986,0.659,137.048,0,1556,jonny lang,jonny lang / the one i got,529,train
taking back sunday,makedamnsure,0,0.553,0.837,6,-5.608,1,0.0452,0.00941,0.0,0.372,0.432,140.495,1,1557,taking back sunday,taking back sunday / makedamnsure,1555,train
az,aziatic (outro),0,0.56,0.575,2,-7.26,1,0.285,0.00211,0.0475,0.0626,0.771,174.172,0,1558,az,az / aziatic (outro),1556,train
juanes,lo que me gusta a mi,0,0.678,0.895,4,-5.339,1,0.0394,0.0582,0.0,0.0788,0.97,94.965,1,1559,juanes,juanes / lo que me gusta a mi,1557,train
cherrelle,into my eyes,0,0.644,0.486,8,-6.015,0,0.0245,0.31,1.11e-06,0.12,0.329,78.953,0,1560,cherrelle,cherrelle / into my eyes,1558,train
dimmu borgir,the fundamental alienation,0,0.184,0.949,10,-4.223,1,0.115,1.18e-05,0.125,0.145,0.0697,111.152,0,1561,dimmu borgir,dimmu borgir / the fundamental alienation,484,test
soul asylum,lies of hate,0,0.493,0.87,11,-6.656,0,0.033,0.00275,0.00059,0.181,0.33,103.073,0,1562,soul asylum,soul asylum / lies of hate,1560,train
aerosmith,pink,0,0.431,0.751,0,-5.124,1,0.0423,0.0134,4.45e-06,0.126,0.777,171.848,1,1563,aerosmith,aerosmith / pink,490,train
malkit singh,hai shava,0,0.703,0.842,5,-7.217,1,0.042,0.66,0.0,0.938,0.965,106.134,0,1564,malkit singh,malkit singh / hai shava,1521,train
steve morse,prognosis,0,0.338,0.665,4,-8.118,1,0.0282,0.0126,0.834,0.0857,0.415,169.976,0,1565,steve morse,steve morse / prognosis,1563,train
the presets,yippiyo-ay,0,0.708,0.938,4,-3.954,0,0.0566,0.0554,0.00234,0.104,0.413,119.997,0,1566,the presets,the presets / yippiyo-ay,13,test
rihanna,unfaithful,0,0.588,0.391,0,-8.607,0,0.0334,0.839,0.0,0.227,0.349,144.069,1,1567,rihanna,rihanna / unfaithful,1236,validation
michelle branch,are you happy now?,1,0.484,0.827,8,-5.324,1,0.046,0.0039,0.00143,0.0876,0.717,179.566,1,1568,michelle branch,michelle branch / are you happy now?,1566,train
pelle carlberg,clever girls like clever boys much more than clever boys like clever girls,0,0.584,0.793,9,-5.758,1,0.0339,0.0786,1.86e-05,0.131,0.913,84.93,0,1569,pelle carlberg,pelle carlberg / clever girls like clever boys much more than clever boys like clever girls,1567,validation
josh gracin,we werent crazy,1,0.42,0.819,0,-2.557,1,0.0407,0.208,0.0,0.206,0.657,164.014,1,1570,josh gracin,josh gracin / we werent crazy,1568,test
for squirrels,superstar,0,0.193,0.974,9,-4.842,1,0.0609,0.000285,0.0,0.145,0.639,162.597,0,1571,for squirrels,for squirrels / superstar,1569,test
buzzcocks,no reply (demo),0,0.316,0.855,11,-6.913,1,0.0704,0.00263,0.0,0.315,0.762,177.305,0,1572,buzzcocks,buzzcocks / no reply (demo),1570,train
newfound road,brand new broken heart,0,0.59,0.845,7,-5.006,1,0.032,0.623,0.167,0.332,0.86,111.473,0,1573,newfound road,newfound road / brand new broken heart,1571,test
maxi priest,groovin in the midnight,1,0.652,0.645,10,-8.482,0,0.0414,0.0401,2.29e-05,0.0739,0.555,92.945,1,1574,maxi priest,maxi priest / groovin in the midnight,1572,train
linkin park,faint,1,0.554,0.978,4,-3.554,1,0.131,0.111,0.0,0.0731,0.594,135.095,1,1575,linkin park,linkin park / faint,911,validation
snow,informer,1,0.763,0.742,6,-10.975,0,0.188,0.0984,0.0,0.38,0.483,98.145,1,1576,snow,snow / informer,17,train
red hot chili peppers,dani california,1,0.553,0.865,9,-4.751,0,0.0409,0.017,1.05e-05,0.267,0.735,96.161,1,1577,red hot chili peppers,red hot chili peppers / dani california,82,train
alan jackson,gone crazy,0,0.538,0.34,5,-12.064,1,0.0244,0.43,5.82e-05,0.0936,0.165,76.344,1,1578,alan jackson,alan jackson / gone crazy,594,validation
glee cast,bust a move,1,0.923,0.925,9,-4.966,1,0.093,0.1,8.09e-05,0.123,0.708,118.994,1,1579,glee cast,glee cast / bust a move,57,train
onyx,wet the club,1,0.734,0.844,1,-5.261,0,0.407,0.0694,0.0,0.121,0.797,82.424,0,1580,onyx,onyx / wet the club,1578,train
pepper,freeze,0,0.803,0.599,9,-5.189,0,0.0437,0.113,2.96e-05,0.285,0.68,110.066,0,1581,pepper,pepper / freeze,433,validation
silverchair,roses,0,0.359,0.649,9,-6.348,1,0.0535,0.0483,0.124,0.102,0.407,155.944,0,1582,silverchair,silverchair / roses,1580,train
big maybelle,tell me who,0,0.432,0.56,10,-10.353,1,0.0897,0.816,0.0,0.0805,0.856,172.115,0,1583,big maybelle,big maybelle / tell me who,1581,train
mr. big,aint seen love like that,0,0.664,0.542,0,-8.793,1,0.027,0.706,0.0,0.0847,0.429,93.705,1,1584,mr. big,mr. big / aint seen love like that,1582,train
alice in chains,i know somethin (bout you),0,0.415,0.811,8,-9.748,0,0.0654,8.47e-05,1.1e-06,0.301,0.605,112.174,0,1585,alice in chains,alice in chains / i know somethin (bout you),43,train
kool keith,wanna be a star,0,0.806,0.87,0,-3.257,1,0.248,0.516,0.101,0.106,0.5,90.52,0,1586,kool keith,kool keith / wanna be a star,1584,validation
amanda marshall,birmingham,0,0.525,0.726,7,-8.381,1,0.0306,0.04,0.00332,0.0564,0.686,185.513,1,1587,amanda marshall,amanda marshall / birmingham,1585,train
deepest blue,is it a sin,0,0.388,0.753,11,-7.506,1,0.0337,0.145,6.21e-06,0.11,0.391,169.782,0,1588,deepest blue,deepest blue / is it a sin,1586,test
joey mcintyre,stay the same,0,0.629,0.553,2,-5.773,1,0.0297,0.0249,0.0,0.141,0.285,130.115,1,1589,joey mcintyre,joey mcintyre / stay the same,1587,train
rubyhorse,evergreen,0,0.508,0.814,2,-6.476,1,0.0511,0.00236,0.00805,0.195,0.315,129.893,0,1590,rubyhorse,rubyhorse / evergreen,1588,train
delirious,god you are my god,0,0.418,0.663,9,-10.013,1,0.0399,0.0308,0.00197,0.111,0.133,91.305,0,1591,delirious,delirious / god you are my god,1589,test
504 boyz,wobble wobble,0,0.849,0.694,7,-5.687,1,0.279,0.00269,0.0,0.355,0.333,170.034,1,1592,504 boyz,504 boyz / wobble wobble,1590,test
jaguares,el momento,0,0.528,0.563,9,-10.355,0,0.0313,0.277,0.107,0.12,0.356,119.055,0,1593,jaguares,jaguares / el momento,1591,test
tina ann,rules of attraction (chris cox),0,0.687,0.92,9,-2.28,0,0.0611,0.0557,0.0,0.111,0.668,127.928,0,1594,tina ann,tina ann / rules of attraction (chris cox),1592,validation
busta rhymes,taste it,0,0.788,0.786,1,-8.241,1,0.301,0.0822,0.0,0.274,0.711,98.13,0,1595,busta rhymes,busta rhymes / taste it,1527,test
dee clark,just keep it up,0,0.665,0.334,10,-15.25,1,0.0542,0.628,0.0,0.0742,0.915,95.958,0,1596,dee clark,dee clark / just keep it up,1594,train
alice in chains,god smack,0,0.515,0.928,10,-6.392,0,0.0694,0.0138,0.0,0.107,0.389,124.057,0,1597,alice in chains,alice in chains / god smack,43,train
rupaul,snapshot,1,0.66,0.821,8,-7.299,0,0.0332,0.0249,0.606,0.561,0.52,128.243,1,1598,rupaul,rupaul / snapshot,1596,test
danny barnes,cumberland gap,0,0.65,0.489,2,-10.449,1,0.063,0.983,0.867,0.0705,0.961,111.95,0,1599,danny barnes,danny barnes / cumberland gap,1597,train
paul cantelon,mary in labor,0,0.221,0.201,4,-20.712,1,0.0378,0.875,0.944,0.158,0.036,66.545,0,1600,paul cantelon,paul cantelon / mary in labor,608,train
the antlers,the carrying arms,0,0.473,0.251,7,-19.664,1,0.0734,0.837,0.000217,0.193,0.42,150.06,0,1601,the antlers,the antlers / the carrying arms,1599,test
abraham laboriel,exchange,0,0.6,0.665,11,-8.665,0,0.0301,0.174,0.511,0.0448,0.969,139.807,0,1602,abraham laboriel,abraham laboriel / exchange,1537,train
mulberry lane,harmless,0,0.551,0.845,4,-6.252,1,0.0401,0.0332,0.0,0.393,0.829,91.01,1,1603,mulberry lane,mulberry lane / harmless,1601,validation
the prodigy,what evil lurks,0,0.789,0.982,8,-8.971,1,0.0787,0.229,0.738,0.0752,0.478,133.05,0,1604,the prodigy,the prodigy / what evil lurks,1457,test
the script,for the first time,1,0.396,0.629,9,-4.78,1,0.0287,0.0328,0.0,0.183,0.358,173.794,1,1605,the script,the script / for the first time,1603,train
elvin bishop,party til the cows come home,0,0.487,0.813,5,-6.463,0,0.084,0.0444,0.000925,0.118,0.82,184.347,0,1606,elvin bishop,elvin bishop / party til the cows come home,1604,test
bob marley & the wailers,smile jamaica,0,0.687,0.465,11,-7.472,0,0.261,0.000744,0.0,0.0621,0.671,145.09,0,1607,bob marley & the wailers,bob marley & the wailers / smile jamaica,1605,test
the cardigans,explode,0,0.633,0.364,6,-7.918,1,0.0312,0.000449,0.00747,0.0884,0.41,117.693,0,1608,the cardigans,the cardigans / explode,156,train
sub focus,juno,0,0.438,0.974,5,-5.598,1,0.0544,1.84e-05,0.842,0.0603,0.217,173.99,0,1609,sub focus,sub focus / juno,1607,validation
glee cast,"hello, i love you",1,0.375,0.856,11,-6.113,0,0.078,5.31e-05,0.000693,0.238,0.672,117.109,1,1610,glee cast,"glee cast / hello, i love you",57,train
orbital,adnans,0,0.677,0.854,7,-11.562,1,0.0482,0.0349,0.882,0.0937,0.238,101.989,0,1611,orbital,orbital / adnans,127,validation
mikaila,so in love with two,0,0.772,0.786,2,-4.596,0,0.0358,0.269,1.21e-06,0.0569,0.824,120.005,1,1612,mikaila,mikaila / so in love with two,1610,train
tlc,dear lie,1,0.548,0.444,0,-8.734,1,0.0293,0.0376,0.0,0.179,0.243,173.834,1,1613,tlc,tlc / dear lie,782,train
loudon wainwright iii,rowena,0,0.504,0.0787,0,-19.687,1,0.0384,0.905,5.89e-05,0.134,0.15,69.255,0,1614,loudon wainwright iii,loudon wainwright iii / rowena,1101,test
aaron hall,all the places (i will kiss you),0,0.719,0.413,0,-6.082,0,0.0546,0.0244,4.74e-06,0.0556,0.356,136.027,1,1615,aaron hall,aaron hall / all the places (i will kiss you),1613,train
michael jackson,stranger in moscow,1,0.802,0.468,1,-8.629,1,0.0378,0.248,0.0006,0.32,0.586,129.937,1,1616,michael jackson,michael jackson / stranger in moscow,254,test
dark fortress,incide,0,0.338,0.522,2,-14.275,1,0.196,0.767,0.731,0.737,0.132,153.052,0,1617,dark fortress,dark fortress / incide,189,train
50 cent,wanksta,1,0.81,0.868,1,-3.521,1,0.156,0.0224,0.0,0.145,0.884,81.018,1,1618,50 cent,50 cent / wanksta,241,validation
linkin park,leave out all the rest,1,0.509,0.629,0,-6.434,1,0.0335,0.209,1.99e-06,0.369,0.237,80.012,1,1619,linkin park,linkin park / leave out all the rest,911,validation
charlie rich,nice n easy,0,0.591,0.348,0,-12.392,1,0.0308,0.619,0.000154,0.0989,0.827,119.573,0,1620,charlie rich,charlie rich / nice n easy,1618,validation
chroma key,salvation,0,0.541,0.423,4,-11.694,0,0.0277,0.468,0.464,0.167,0.217,120.034,0,1621,chroma key,chroma key / salvation,1619,train
capone-n-noreaga,beef,0,0.391,0.781,0,-4.931,0,0.309,0.0497,8.02e-06,0.396,0.341,158.535,0,1622,capone-n-noreaga,capone-n-noreaga / beef,1620,train
klaus badelt,time travel,0,0.067,0.159,2,-17.936,1,0.0379,0.726,0.871,0.125,0.036,72.652,0,1623,klaus badelt,klaus badelt / time travel,89,train
beyonce featuring slim thug,check on it,0,0.718,0.733,2,-5.401,1,0.297,0.0141,0.0,0.308,0.503,166.06,1,1624,beyonce featuring slim thug,beyonce featuring slim thug / check on it,1622,test
whitney houston,i have nothing,1,0.54,0.401,0,-10.499,1,0.0364,0.576,0.0,0.164,0.24,152.974,1,1625,whitney houston,whitney houston / i have nothing,623,test
marshall crenshaw,rave on (live 1982),0,0.642,0.365,8,-10.092,1,0.0361,0.855,0.0,0.104,0.861,81.458,0,1626,marshall crenshaw,marshall crenshaw / rave on (live 1982),1624,train
wreckx-n-effect,knock-n-boots,1,0.885,0.851,8,-5.752,0,0.278,0.148,0.0,0.0919,0.634,103.671,1,1627,wreckx-n-effect,wreckx-n-effect / knock-n-boots,1625,validation
martin sexton,caught in the rain,0,0.523,0.121,2,-12.586,1,0.0526,0.829,1.5e-05,0.117,0.242,121.801,0,1628,martin sexton,martin sexton / caught in the rain,1626,test
p!nk,u + ur hand,1,0.706,0.889,0,-3.692,1,0.0556,0.00125,0.0,0.033,0.882,141.025,1,1629,p!nk,p!nk / u + ur hand,736,train
lady antebellum,ready to love again,1,0.555,0.638,4,-5.012,1,0.027,0.313,0.0,0.122,0.185,102.676,1,1630,lady antebellum,lady antebellum / ready to love again,1628,train
jackie edwards,ali baba,0,0.81,0.493,10,-11.136,1,0.189,0.0297,0.00102,0.0677,0.774,80.493,0,1631,jackie edwards,jackie edwards / ali baba,1629,train
usher,i need love,1,0.434,0.487,5,-15.529,1,0.0941,0.0538,0.0159,0.112,0.358,177.3,0,1632,usher,usher / i need love,257,train
the tony rich project,like a woman,0,0.644,0.454,10,-7.559,1,0.0405,0.0277,0.185,0.131,0.622,80.046,1,1633,the tony rich project,the tony rich project / like a woman,1631,train
danity kane,damaged,0,0.774,0.653,8,-5.158,0,0.05,0.0912,0.0,0.151,0.818,120.01,1,1634,danity kane,danity kane / damaged,1632,train
delbert mcclinton,lover in demand,0,0.502,0.588,5,-9.197,1,0.0463,0.799,0.0,0.122,0.865,112.526,0,1635,delbert mcclinton,delbert mcclinton / lover in demand,1232,train
shaggy,criteria,0,0.842,0.776,1,-6.91,0,0.0607,0.0733,0.0,0.0589,0.651,99.975,0,1636,shaggy,shaggy / criteria,613,train
the outhere brothers,boom boom boom,0,0.723,0.857,7,-9.989,1,0.241,0.0523,2.66e-05,0.149,0.642,129.87,1,1637,the outhere brothers,the outhere brothers / boom boom boom,1635,train
zo2,isolate,0,0.284,0.946,7,-4.104,1,0.0984,0.00237,0.000753,0.283,0.385,150.248,0,1638,zo2,zo2 / isolate,1636,test
mance lipscomb,so different blues,0,0.513,0.367,1,-9.671,1,0.036,0.915,0.0,0.21,0.532,77.917,0,1639,mance lipscomb,mance lipscomb / so different blues,766,validation
willie isz,violet heart box,0,0.284,0.748,11,-6.673,1,0.0726,0.00838,0.00116,0.378,0.215,113.95,0,1640,willie isz,willie isz / violet heart box,1638,train
super cat,girlstown,0,0.849,0.645,1,-7.841,1,0.0884,0.0132,3.48e-05,0.0839,0.533,93.928,1,1641,super cat,super cat / girlstown,855,validation
baroness,grad,0,0.281,0.449,3,-9.173,1,0.0472,0.00129,0.751,0.121,0.105,117.422,0,1642,baroness,baroness / grad,104,train
donnie mcclurkin,psalm 27,0,0.546,0.631,5,-7.487,1,0.0608,0.477,9.91e-06,0.784,0.628,149.866,0,1643,donnie mcclurkin,donnie mcclurkin / psalm 27,1641,test
katy perry,not like the movies,1,0.402,0.479,8,-7.75,1,0.0916,0.881,2.75e-06,0.111,0.257,183.013,1,1644,katy perry,katy perry / not like the movies,1091,train
marlene dietrich,auf der mundharmonika,0,0.395,0.202,4,-15.559,0,0.0343,0.896,3.12e-05,0.353,0.383,56.607,0,1645,marlene dietrich,marlene dietrich / auf der mundharmonika,1643,train
irma thomas,river is waiting,0,0.431,0.586,3,-7.875,1,0.0304,0.632,0.000126,0.16,0.748,150.281,0,1646,irma thomas,irma thomas / river is waiting,55,train
the tragically hip,country day,0,0.461,0.864,9,-5.449,1,0.0383,0.000428,0.0011,0.108,0.336,123.09,0,1647,the tragically hip,the tragically hip / country day,1645,train
4him,you are holy,0,0.567,0.551,0,-9.662,1,0.0272,0.346,0.0,0.102,0.247,139.94,0,1648,4him,4him / you are holy,1646,validation
the birds,no good without you,0,0.365,0.9,5,-4.925,0,0.0522,0.013,0.0271,0.269,0.624,139.602,0,1649,the birds,the birds / no good without you,1647,test
soilent green,daydreaming the color of blood,0,0.317,0.949,2,-6.379,1,0.0896,8.22e-05,0.199,0.0605,0.461,122.455,0,1650,soilent green,soilent green / daydreaming the color of blood,1648,train
zac brown band,free,0,0.453,0.412,1,-7.539,1,0.0276,0.24,0.00021,0.101,0.282,75.752,1,1651,zac brown band,zac brown band / free,262,train
vulgar pigeons,o.r.p.,0,0.192,0.996,6,-3.884,0,0.124,0.028,0.0111,0.133,0.0302,131.138,0,1652,vulgar pigeons,vulgar pigeons / o.r.p.,1650,train
les ogres de barback,femme du guerrier,0,0.438,0.349,7,-9.367,0,0.0693,0.729,6.84e-05,0.204,0.753,101.212,0,1653,les ogres de barback,les ogres de barback / femme du guerrier,1049,validation
alicia keys,how come you dont call me,0,0.835,0.547,6,-7.69,0,0.0515,0.155,0.000291,0.0579,0.759,124.561,1,1654,alicia keys,alicia keys / how come you dont call me,439,train
brenda lee,everybody loves me but you,0,0.665,0.101,7,-15.098,1,0.0379,0.848,1.88e-06,0.382,0.529,107.042,0,1655,brenda lee,brenda lee / everybody loves me but you,1653,train
chiddy bang,opposite of adults,0,0.674,0.899,9,-5.115,1,0.193,0.011,0.0,0.327,0.604,95.999,1,1656,chiddy bang,chiddy bang / opposite of adults,1654,train
def leppard,miss you in a heartbeat,1,0.603,0.394,10,-10.02,1,0.0288,0.551,3.98e-05,0.104,0.239,134.083,1,1657,def leppard,def leppard / miss you in a heartbeat,1655,train
phil vassar,ill take that as a yes (the hot tub song),1,0.653,0.76,7,-3.774,1,0.0284,0.0533,0.0,0.505,0.59,91.845,1,1658,phil vassar,phil vassar / ill take that as a yes (the hot tub song),70,train
eddie money,heaven in the back seat,1,0.696,0.945,0,-5.31,1,0.0364,0.115,0.0,0.694,0.708,120.074,1,1659,eddie money,eddie money / heaven in the back seat,1657,train
remmy ongala,karola,0,0.529,0.76,0,-11.232,0,0.0582,0.357,0.00721,0.269,0.905,126.055,0,1660,remmy ongala,remmy ongala / karola,1658,test
dj harry,round the wheel,0,0.649,0.916,1,-9.625,1,0.0362,0.13,0.865,0.18,0.802,133.537,0,1661,dj harry,dj harry / round the wheel,30,train
big star,till the end of the day (alternate mix),0,0.515,0.826,2,-8.639,0,0.0462,0.00455,1.04e-06,0.356,0.728,144.628,0,1662,big star,big star / till the end of the day (alternate mix),1660,validation
nick jonas & the administration,who i am,0,0.636,0.763,4,-5.588,1,0.035,0.0773,2.81e-05,0.174,0.756,107.256,1,1663,nick jonas & the administration,nick jonas & the administration / who i am,277,test
joe mcbride,all in,0,0.682,0.718,7,-8.265,1,0.0368,0.0717,0.787,0.0773,0.908,100.01,0,1664,joe mcbride,joe mcbride / all in,1662,test
ne-yo,closer,1,0.711,0.753,4,-6.461,0,0.0766,0.028,2.96e-05,0.152,0.588,126.051,1,1665,ne-yo,ne-yo / closer,161,test
new edition,hot 2nite,1,0.726,0.799,1,-5.082,0,0.173,0.49,0.0,0.14,0.867,100.069,1,1666,new edition,new edition / hot 2nite,1664,train
incubus,a crow left of the murder,0,0.385,0.893,9,-4.123,1,0.0386,0.018,0.000589,0.125,0.556,180.39,0,1667,incubus,incubus / a crow left of the murder,895,validation
linkin park,bleed it out,1,0.529,0.967,1,-3.647,0,0.0508,0.114,0.0,0.61,0.596,140.127,1,1668,linkin park,linkin park / bleed it out,911,validation
the almost,summer summer,0,0.435,0.83,4,-5.305,0,0.0407,0.00022,0.0,0.153,0.211,136.175,0,1669,the almost,the almost / summer summer,303,train
ralph tresvant,sensitivity,0,0.691,0.664,1,-13.074,1,0.0483,0.142,0.37,0.0836,0.688,96.951,1,1670,ralph tresvant,ralph tresvant / sensitivity,1668,train
xzibit,x,0,0.936,0.678,4,-3.012,0,0.21,0.0795,0.0,0.0838,0.822,96.911,1,1671,xzibit,xzibit / x,1669,train
arthur tracy,so do i,0,0.21,0.17,0,-15.973,1,0.0422,0.982,0.919,0.0906,0.235,78.912,0,1672,arthur tracy,arthur tracy / so do i,1291,test
stefon harris,alovi,0,0.547,0.387,7,-12.742,0,0.0371,0.892,0.0711,0.0895,0.295,132.036,0,1673,stefon harris,stefon harris / alovi,1671,train
queens of the stone age,little sister,0,0.359,0.956,1,-2.942,1,0.062,0.0118,0.000822,0.511,0.924,161.132,1,1674,queens of the stone age,queens of the stone age / little sister,920,validation
neviss,epilog,0,0.814,0.0649,0,-24.801,0,0.951,0.934,0.0209,0.587,0.73,100.539,0,1675,neviss,neviss / epilog,695,validation
sigmatropic,the blue side of the sun,0,0.733,0.501,0,-8.836,1,0.0417,0.254,0.00234,0.207,0.37,117.943,0,1676,sigmatropic,sigmatropic / the blue side of the sun,1674,train
tyr,grial ii,0,0.253,0.945,0,-6.396,0,0.188,0.000371,0.000173,0.159,0.132,147.613,0,1677,tyr,tyr / grial ii,1675,train
daddy yankee,descontrol,0,0.729,0.876,6,-3.818,0,0.0679,0.11,0.000715,0.301,0.674,92.993,0,1678,daddy yankee,daddy yankee / descontrol,1676,train
sandi thom,wounded hearts,0,0.343,0.669,4,-3.493,1,0.0363,0.319,0.0,0.105,0.578,169.874,0,1679,sandi thom,sandi thom / wounded hearts,546,validation
grandpa jones,falling leaves,0,0.568,0.325,9,-8.824,1,0.0297,0.768,0.0,0.219,0.787,124.462,0,1680,grandpa jones,grandpa jones / falling leaves,1678,validation
johannes linstead,guayabera,0,0.955,0.885,0,-6.919,0,0.0705,0.608,0.707,0.0522,0.715,114.995,0,1681,johannes linstead,johannes linstead / guayabera,349,train
paramore,decode,1,0.277,0.949,10,-4.072,0,0.0919,0.00155,0.000112,0.765,0.232,164.102,1,1682,paramore,paramore / decode,9,train
wendy moten,make this love last,0,0.758,0.777,0,-9.607,1,0.0421,0.0292,0.00361,0.0376,0.965,109.046,0,1683,wendy moten,wendy moten / make this love last,1681,train
ll cool j,6 minutes of pleasure,0,0.596,0.671,10,-10.859,0,0.15,0.0148,0.221,0.109,0.89,200.121,1,1684,ll cool j,ll cool j / 6 minutes of pleasure,401,test
bury your dead,closed eyes,0,0.145,0.653,4,-7.195,1,0.0483,3.19e-05,0.552,0.125,0.245,99.905,0,1685,bury your dead,bury your dead / closed eyes,1683,validation
dishwalla,counting blue cars,0,0.461,0.802,2,-4.279,1,0.029,0.0105,2.18e-05,0.253,0.384,100.179,1,1686,dishwalla,dishwalla / counting blue cars,1684,train
astarte,risen from within,0,0.535,0.67,4,-6.222,0,0.0236,0.0282,0.0364,0.0936,0.265,80.903,0,1687,astarte,astarte / risen from within,296,test
marcus miller,3 deuces,0,0.84,0.368,0,-8.775,1,0.0507,0.0369,0.784,0.0749,0.725,92.018,0,1688,marcus miller,marcus miller / 3 deuces,1686,test
randy travis,three wooden crosses,1,0.523,0.501,1,-9.276,1,0.0366,0.459,0.0,0.0818,0.391,158.179,1,1689,randy travis,randy travis / three wooden crosses,1687,train
trustcompany,downfall,0,0.354,0.925,6,-3.317,1,0.113,0.000154,1.6e-06,0.268,0.511,196.198,1,1690,trustcompany,trustcompany / downfall,1688,validation
nightfall,so(u)l invictus,0,0.427,0.9,7,-5.151,0,0.0399,1.75e-05,0.913,0.125,0.446,104.964,0,1691,nightfall,nightfall / so(u)l invictus,1689,test
smartbomb,complicate it,0,0.566,0.95,0,-2.798,1,0.0631,0.00169,7.94e-06,0.307,0.826,132.031,0,1692,smartbomb,smartbomb / complicate it,1690,train
damian dame,exclusivity,0,0.728,0.803,11,-10.57,0,0.0568,0.0211,1.18e-05,0.0267,0.791,104.179,1,1693,damian dame,damian dame / exclusivity,1691,train
nic endo,future prospects,0,0.0672,0.508,8,-3.122,1,0.228,0.127,0.855,0.364,1e-05,79.399,0,1694,nic endo,nic endo / future prospects,1692,test
firehose,towin the line,0,0.797,0.585,9,-8.481,1,0.0475,0.341,0.00916,0.144,0.763,90.693,0,1695,firehose,firehose / towin the line,1693,validation
ginuwine,stingy,1,0.622,0.573,1,-6.934,0,0.0547,0.26,0.0,0.173,0.617,127.132,1,1696,ginuwine,ginuwine / stingy,313,test
galactic,think back,0,0.862,0.86,11,-5.416,0,0.238,0.0357,0.00089,0.748,0.785,104.209,0,1697,galactic,galactic / think back,681,train
lee ann womack,a little past little rock,0,0.54,0.534,4,-8.032,1,0.0293,0.546,8.37e-06,0.144,0.346,85.983,1,1698,lee ann womack,lee ann womack / a little past little rock,1696,test
sarah mclachlan,i will remember you (live),1,0.449,0.487,9,-9.967,1,0.031,0.47,0.000129,0.691,0.389,76.487,1,1699,sarah mclachlan,sarah mclachlan / i will remember you (live),1697,train
blue october,my never,1,0.446,0.296,4,-10.999,1,0.0417,0.604,4.07e-05,0.114,0.0558,105.874,0,1700,blue october,blue october / my never,176,test
missy elliott,im really hot,1,0.879,0.644,7,-8.595,1,0.201,0.345,3.7e-06,0.272,0.856,114.002,1,1701,missy elliott,missy elliott / im really hot,1260,train
saigon kick,love is on the way,0,0.576,0.449,1,-8.764,0,0.0287,0.085,0.0,0.119,0.0552,129.323,1,1702,saigon kick,saigon kick / love is on the way,119,train
kraftwerk,autobahn (live),0,0.521,0.633,2,-9.966,1,0.0359,0.536,0.00363,0.952,0.184,83.044,0,1703,kraftwerk,kraftwerk / autobahn (live),1701,train
saving abel,addicted,0,0.512,0.865,7,-4.146,1,0.0338,0.000821,0.0,0.0982,0.529,138.017,1,1704,saving abel,saving abel / addicted,1702,test
story of the year,swallow the knife (live) (segue),0,0.167,0.443,1,-8.262,0,0.031,0.352,0.865,0.36,0.0388,66.164,0,1705,story of the year,story of the year / swallow the knife (live) (segue),1703,train
rascal flatts,here,1,0.425,0.596,2,-5.909,1,0.0356,0.407,0.0,0.147,0.214,145.977,1,1706,rascal flatts,rascal flatts / here,252,train
flyleaf,all around me,0,0.479,0.884,9,-4.762,1,0.0483,0.0338,0.0,0.0802,0.452,146.922,1,1707,flyleaf,flyleaf / all around me,1705,train
mariah carey featuring da brat & jd,honey,0,0.722,0.616,9,-10.245,1,0.172,0.185,0.0,0.35,0.82,95.087,0,1708,mariah carey featuring da brat & jd,mariah carey featuring da brat & jd / honey,1706,train
toots thielemans,le temps des cerises,0,0.437,0.00886,7,-20.093,1,0.0367,0.947,2.93e-06,0.122,0.237,75.632,0,1709,toots thielemans,toots thielemans / le temps des cerises,1707,validation
chelsea,right to work (live),0,0.236,0.932,5,-8.761,0,0.0822,0.0394,0.00231,0.983,0.376,163.803,0,1710,chelsea,chelsea / right to work (live),1708,validation
chris cagle,laredo,0,0.47,0.794,1,-5.784,1,0.0438,0.16,0.0,0.0927,0.673,159.983,1,1711,chris cagle,chris cagle / laredo,1709,test
jay & the americans,tomorrow,0,0.214,0.333,0,-16.237,0,0.0342,0.855,0.0887,0.129,0.483,170.958,0,1712,jay & the americans,jay & the americans / tomorrow,209,train
christina perri,jar of hearts,0,0.349,0.348,3,-6.142,1,0.0316,0.726,0.0,0.12,0.0886,74.541,1,1713,christina perri,christina perri / jar of hearts,1711,train
out of the grey,dreaming of april,0,0.32,0.482,7,-8.982,1,0.0354,0.509,1.37e-06,0.0763,0.289,175.139,0,1714,out of the grey,out of the grey / dreaming of april,1712,validation
beyonce,diva,1,0.875,0.551,6,-6.744,0,0.317,0.0488,0.00728,0.0537,0.861,146.092,1,1715,beyonce,beyonce / diva,255,train
lil mama,lip gloss,0,0.619,0.87,2,-4.956,1,0.501,0.41,1.37e-06,0.0571,0.94,188.772,1,1716,lil mama,lil mama / lip gloss,1714,train
call to preserve,open your eyes,0,0.247,0.995,4,-1.936,1,0.36,3.35e-05,0.00033,0.116,0.173,86.404,0,1717,call to preserve,call to preserve / open your eyes,1715,train
monica,all eyez on me,1,0.763,0.729,7,-4.677,1,0.0416,0.0333,7.6e-05,0.0448,0.859,108.99,1,1718,monica,monica / all eyez on me,1716,test
jennifer lopez,por arriesgarnos,1,0.377,0.481,4,-9.676,1,0.0507,0.663,0.0,0.0965,0.197,150.514,0,1719,jennifer lopez,jennifer lopez / por arriesgarnos,348,validation
hot club of cowtown,cabiria,0,0.728,0.551,0,-10.499,1,0.0299,0.771,0.00504,0.354,0.916,131.887,0,1720,hot club of cowtown,hot club of cowtown / cabiria,1718,train
kathy troccoli,tell me where it hurts,0,0.652,0.603,7,-6.903,1,0.0247,0.293,0.0,0.0816,0.353,90.997,1,1721,kathy troccoli,kathy troccoli / tell me where it hurts,50,validation
carrie underwood,cowboy casanova,1,0.597,0.82,5,-2.529,1,0.0582,0.0328,0.0,0.119,0.576,119.969,1,1722,carrie underwood,carrie underwood / cowboy casanova,1066,train
faith hill,there youll be,1,0.325,0.532,8,-7.208,1,0.0308,0.496,0.0,0.134,0.162,129.021,1,1723,faith hill,faith hill / there youll be,1111,validation
jason aldean,why,1,0.568,0.695,9,-3.828,1,0.0294,0.0688,0.0,0.15,0.218,135.926,1,1724,jason aldean,jason aldean / why,930,train
keb mo,the door,0,0.705,0.669,9,-6.66,1,0.0462,0.0408,0.00497,0.979,0.501,99.872,0,1725,keb mo,keb mo / the door,86,validation
luciana souza,azul contente,0,0.431,0.0521,7,-24.105,1,0.0467,0.878,0.00113,0.105,0.32,163.209,0,1726,luciana souza,luciana souza / azul contente,1724,validation
every time i die,depressionista,0,0.425,0.955,9,-5.295,1,0.0442,0.000308,0.0,0.0745,0.546,95.639,0,1727,every time i die,every time i die / depressionista,1725,train
schoolyard heroes,the last man on earth,0,0.473,0.494,0,-12.412,1,0.0403,0.64,0.0,0.119,0.248,117.472,0,1728,schoolyard heroes,schoolyard heroes / the last man on earth,1726,validation
eagles,last good time in town,0,0.847,0.756,9,-6.623,0,0.0376,0.2,0.0327,0.124,0.965,115.278,0,1729,eagles,eagles / last good time in town,1727,train
bongzilla,witch weed (live),0,0.115,0.905,9,-7.437,1,0.131,0.000188,0.209,0.189,0.193,83.979,0,1730,bongzilla,bongzilla / witch weed (live),584,train
bloomfield,boulevard st. germain,0,0.747,0.707,8,-10.008,1,0.0503,0.0315,0.86,0.32,0.369,180.031,0,1731,bloomfield,bloomfield / boulevard st. germain,1729,train
jon b,pretty girl,1,0.696,0.521,0,-9.32,1,0.0339,0.398,0.0,0.339,0.646,93.056,1,1732,jon b,jon b / pretty girl,1730,validation
erick sermon,safe sex,0,0.695,0.515,1,-9.938,1,0.271,0.000817,0.0,0.638,0.689,98.871,0,1733,erick sermon,erick sermon / safe sex,1731,train
phil collins,youll be in my heart,1,0.568,0.746,8,-6.582,1,0.0293,0.0549,3.66e-06,0.0966,0.626,96.626,1,1734,phil collins,phil collins / youll be in my heart,61,train
blue rodeo,never look back,0,0.433,0.793,7,-5.382,1,0.0379,0.0148,1.75e-05,0.0892,0.808,148.144,0,1735,blue rodeo,blue rodeo / never look back,1733,test
zapp & roger,slow and easy,1,0.759,0.66,5,-8.964,1,0.0658,0.105,0.0,0.114,0.778,140.68,1,1736,zapp & roger,zapp & roger / slow and easy,1150,train
jody watley,off the hook,0,0.616,0.44,10,-8.518,0,0.0536,0.432,2.36e-05,0.164,0.594,73.92,1,1737,jody watley,jody watley / off the hook,1735,train
nickelback,this afternoon,1,0.507,0.875,7,-7.697,1,0.0389,0.00257,0.0,0.346,0.647,160.079,1,1738,nickelback,nickelback / this afternoon,767,train
pennywise,6th avenue nightmare,0,0.344,0.954,9,-4.856,1,0.146,9.91e-05,1.79e-06,0.303,0.6,101.365,0,1739,pennywise,pennywise / 6th avenue nightmare,1737,train
tim mcgraw,felt good on my lips,1,0.56,0.869,3,-3.804,1,0.0387,0.024,2.94e-06,0.136,0.519,136.001,1,1741,tim mcgraw,tim mcgraw / felt good on my lips,205,validation
jo dee messina,my give a damns busted,0,0.665,0.874,2,-4.082,1,0.0308,0.143,1.05e-05,0.251,0.766,103.98,1,1742,jo dee messina,jo dee messina / my give a damns busted,1739,train
jon b,dont talk,1,0.814,0.497,7,-8.73,0,0.136,0.0644,0.0,0.0919,0.674,104.59,1,1743,jon b,jon b / dont talk,1730,validation
kitty wells,makin believe,0,0.486,0.375,7,-8.258,1,0.027,0.62,0.000321,0.25,0.738,129.223,0,1744,kitty wells,kitty wells / makin believe,1741,train
sugar minott,informer,0,0.808,0.671,8,-6.252,0,0.295,0.21,1.48e-06,0.138,0.836,77.531,0,1745,sugar minott,sugar minott / informer,1742,train
nick colionne,if you ask me,0,0.697,0.787,11,-6.946,1,0.027,0.369,0.803,0.302,0.937,101.99,0,1746,nick colionne,nick colionne / if you ask me,1743,train
rebecca lynn howard,forgive,0,0.617,0.479,7,-5.635,1,0.0296,0.0364,0.0,0.1,0.191,134.303,1,1747,rebecca lynn howard,rebecca lynn howard / forgive,1744,train
kapelle herrenweide,humppa,0,0.516,0.642,2,-11.692,0,0.0394,0.105,0.0,0.0719,0.743,108.398,0,1748,kapelle herrenweide,kapelle herrenweide / humppa,1745,train
future leaders of the world,spotlight,0,0.526,0.922,8,-4.127,1,0.0485,0.000145,0.000288,0.0719,0.177,120.647,0,1749,future leaders of the world,future leaders of the world / spotlight,1746,train
inhume,process to decelerate,0,0.199,0.979,6,-4.934,0,0.0759,1.53e-06,0.955,0.219,0.0336,110.946,0,1750,inhume,inhume / process to decelerate,1747,train
tanto metro & devonte,know your friends,0,0.552,0.628,9,-11.408,1,0.151,0.702,0.00012,0.415,0.745,179.969,0,1751,tanto metro & devonte,tanto metro & devonte / know your friends,1409,test
aly & aj,potential breakup song,1,0.57,0.886,6,-4.145,0,0.044,0.00112,0.00739,0.594,0.805,158.035,1,1752,aly & aj,aly & aj / potential breakup song,1749,train
martin sexton,white christmas,0,0.385,0.0772,3,-10.49,1,0.033,0.907,3.42e-06,0.098,0.279,178.068,0,1753,martin sexton,martin sexton / white christmas,1626,test
tha liks,intro,0,0.629,0.413,1,-11.683,1,0.498,0.0109,0.00044,0.244,0.848,47.226,0,1754,tha liks,tha liks / intro,625,test
soul ballet,tuscan chica,0,0.808,0.534,9,-7.047,0,0.0722,0.00872,0.807,0.0889,0.684,100.99,0,1755,soul ballet,soul ballet / tuscan chica,1752,train
frankee,gotta man,0,0.816,0.648,9,-8.709,0,0.395,0.423,0.00012,0.135,0.727,95.043,0,1756,frankee,frankee / gotta man,1753,test
little feat,down on the farm (2006 remastered edit version),0,0.712,0.648,7,-9.632,1,0.0251,0.207,0.00193,0.0685,0.751,97.346,0,1757,little feat,little feat / down on the farm (2006 remastered edit version),1754,train
pearl jam,inside job,1,0.283,0.487,4,-7.979,0,0.0397,0.329,0.0101,0.205,0.0739,109.685,0,1758,pearl jam,pearl jam / inside job,531,test
chuck wicks,if we loved,0,0.307,0.714,1,-4.969,1,0.0395,0.288,1.43e-05,0.11,0.301,198.155,0,1759,chuck wicks,chuck wicks / if we loved,1756,train
mannheim steamroller,the christmas song,0,0.488,0.324,1,-12.472,1,0.025,0.481,0.0,0.136,0.205,96.032,0,1760,mannheim steamroller,mannheim steamroller / the christmas song,1757,test
staind,so far away,1,0.407,0.896,6,-2.935,1,0.063,0.012,0.0,0.196,0.156,138.697,1,1761,staind,staind / so far away,1441,test
samy deluxe,die meisten,0,0.694,0.853,1,-7.731,1,0.274,0.0136,0.0,0.0312,0.932,171.706,0,1762,samy deluxe,samy deluxe / die meisten,1323,validation
lisa lynne,lake of dreams,0,0.579,0.259,0,-12.191,1,0.0291,0.969,0.919,0.134,0.0667,94.044,0,1763,lisa lynne,lisa lynne / lake of dreams,1760,validation
snap!,rhythm is a dancer,0,0.794,0.745,9,-11.367,0,0.037,0.271,0.00041,0.143,0.706,124.249,1,1764,snap!,snap! / rhythm is a dancer,1761,train
the knux,bang! bang!,0,0.702,0.733,4,-4.522,0,0.127,0.00602,3.8e-06,0.126,0.514,140.037,0,1765,the knux,the knux / bang! bang!,1762,train
mat kearney,never be ready,0,0.516,0.674,11,-6.866,1,0.0338,0.11,0.0,0.136,0.391,152.016,0,1766,mat kearney,mat kearney / never be ready,1763,train
john ottman,entanglement,0,0.283,0.18,11,-15.715,1,0.0536,0.683,0.689,0.104,0.0381,136.668,0,1767,john ottman,john ottman / entanglement,1764,train
cornell campbell,got to tell the people,0,0.776,0.359,11,-15.978,1,0.202,0.157,0.0,0.107,0.632,141.115,0,1768,cornell campbell,cornell campbell / got to tell the people,1765,test
sergio mendes,puzzle of hearts,0,0.553,0.464,7,-7.876,1,0.0264,0.164,0.0,0.0894,0.194,103.234,0,1769,sergio mendes,sergio mendes / puzzle of hearts,1766,test
zbigniew preisner,morning at the hotel,0,0.23,0.161,0,-12.242,1,0.041,0.682,0.666,0.0901,0.201,211.092,0,1770,zbigniew preisner,zbigniew preisner / morning at the hotel,1253,test
aaron watson,thats what i like about a country song,0,0.658,0.583,7,-9.211,1,0.0427,0.371,0.0,0.168,0.723,130.524,0,1771,aaron watson,aaron watson / thats what i like about a country song,3,train
adrienne pierce,laundry & dishes,0,0.497,0.362,9,-7.671,1,0.0252,0.374,1.11e-05,0.105,0.142,152.027,0,1772,adrienne pierce,adrienne pierce / laundry & dishes,1769,train
carlos ponce,quiero,0,0.441,0.902,7,-6.025,1,0.0458,0.0111,0.0,0.286,0.606,89.508,0,1773,carlos ponce,carlos ponce / quiero,431,train
brooks & dunn,thats what she gets for loving me,1,0.635,0.572,9,-4.49,1,0.0291,0.116,0.0,0.144,0.285,127.206,1,1774,brooks & dunn,brooks & dunn / thats what she gets for loving me,54,test
r. kelly,thoia thoing,1,0.582,0.642,1,-4.925,1,0.307,0.274,2.98e-05,0.0717,0.936,85.565,1,1775,r. kelly,r. kelly / thoia thoing,512,validation
joe lopez,me duele,0,0.666,0.695,0,-6.382,1,0.109,0.477,0.0,0.128,0.865,161.966,0,1776,joe lopez,joe lopez / me duele,1773,train
john forte,ninety nine [flash the message],0,0.882,0.52,4,-10.899,0,0.315,0.0589,0.0,0.313,0.447,96.846,1,1777,john forte,john forte / ninety nine [flash the message],1774,train
moonspell,alma mater,0,0.235,0.867,9,-6.408,0,0.0647,0.000133,0.000938,0.0758,0.305,142.939,0,1778,moonspell,moonspell / alma mater,58,train
cocoa tea,cooling out,0,0.821,0.386,2,-11.867,0,0.12,0.0328,0.0,0.0708,0.586,85.832,0,1779,cocoa tea,cocoa tea / cooling out,1776,validation
brooks & dunn,my heart is lost to you,1,0.524,0.849,2,-4.634,1,0.0464,0.188,0.0,0.179,0.453,125.864,1,1780,brooks & dunn,brooks & dunn / my heart is lost to you,54,test
the cardigans,marvel hill,0,0.535,0.612,10,-7.863,1,0.0311,5.58e-05,0.0102,0.183,0.241,105.909,0,1781,the cardigans,the cardigans / marvel hill,156,train
n.e.r.d.,intro / time for some action,0,0.631,0.676,6,-5.9,0,0.434,0.112,0.0003,0.254,0.594,113.025,0,1782,n.e.r.d.,n.e.r.d. / intro / time for some action,1779,train
strata,night falls (the weight of it),0,0.292,0.963,5,-3.748,0,0.106,0.0225,0.000247,0.197,0.303,125.374,0,1783,strata,strata / night falls (the weight of it),452,train
leann rimes,nothin bout love makes sense,1,0.656,0.802,9,-3.244,1,0.0369,0.566,0.0,0.13,0.796,121.933,1,1784,leann rimes,leann rimes / nothin bout love makes sense,280,train
faith hill,let me let go,1,0.592,0.49,6,-8.053,1,0.0241,0.489,0.0,0.0967,0.29,91.775,1,1785,faith hill,faith hill / let me let go,1111,validation
lisa lisa & cult jam,something bout love,0,0.736,0.828,1,-8.524,1,0.0684,0.00585,0.0019,0.285,0.532,107.752,0,1786,lisa lisa & cult jam,lisa lisa & cult jam / something bout love,1783,train
jordin sparks,one step at a time,0,0.504,0.907,1,-3.996,1,0.0839,0.0213,0.0,0.359,0.653,125.145,1,1787,jordin sparks,jordin sparks / one step at a time,751,validation
bob marley & the wailers,three little birds,0,0.807,0.487,9,-10.456,1,0.0758,0.0102,1.98e-06,0.0501,0.651,148.491,0,1788,bob marley & the wailers,bob marley & the wailers / three little birds,1605,test
carlos vives,si es que te vas,0,0.413,0.393,0,-7.638,1,0.0402,0.415,0.0,0.253,0.237,130.176,0,1789,carlos vives,carlos vives / si es que te vas,1786,test
eddie turner,secret,0,0.63,0.768,4,-6.048,0,0.0739,0.000149,0.815,0.698,0.594,94.018,0,1790,eddie turner,eddie turner / secret,906,test
aaron watson,whiskey on the fire,0,0.697,0.589,2,-8.199,1,0.0302,0.282,0.0,0.157,0.69,130.928,0,1791,aaron watson,aaron watson / whiskey on the fire,3,train
suga free,if u stay ready,0,0.817,0.67,7,-5.717,1,0.173,0.0197,0.0,0.0451,0.417,97.513,1,1792,suga free,suga free / if u stay ready,1789,train
mithotyn,on misty pathways,0,0.081,0.971,2,-3.95,0,0.0588,1.28e-06,0.323,0.0786,0.284,172.605,0,1793,mithotyn,mithotyn / on misty pathways,1790,train
jay-z,99 problems,0,0.547,0.951,1,-4.079,0,0.151,0.00272,1.14e-05,0.0862,0.51,95.031,1,1794,jay-z,jay-z / 99 problems,1791,train
frank stokes,sweet to mama,0,0.565,0.369,10,-11.679,1,0.0413,0.971,0.000755,0.185,0.913,149.84,0,1795,frank stokes,frank stokes / sweet to mama,966,train
mandi,pieni maailma,0,0.713,0.916,0,-6.528,1,0.0601,0.278,0.0,0.0588,0.863,113.003,0,1796,mandi,mandi / pieni maailma,1793,validation
kellie coffey,when you lie next to me,0,0.312,0.404,5,-10.014,1,0.0293,0.184,0.0,0.306,0.115,138.425,1,1797,kellie coffey,kellie coffey / when you lie next to me,1794,train
tyrone wells,need,0,0.55,0.525,8,-6.673,0,0.0464,0.0725,0.0,0.0931,0.366,159.932,0,1798,tyrone wells,tyrone wells / need,1795,validation
darren hayes,insatiable,0,0.67,0.847,0,-5.449,0,0.0545,0.0974,0.0,0.0842,0.852,143.872,1,1799,darren hayes,darren hayes / insatiable,1796,validation
floor,heather,0,0.262,0.869,2,-7.419,1,0.0525,0.221,0.563,0.158,0.0737,78.95,0,1800,floor,floor / heather,1797,train
hannah montana,make some noise,1,0.492,0.737,7,-4.305,1,0.0294,0.00269,0.0,0.0726,0.442,155.875,1,1801,hannah montana,hannah montana / make some noise,33,validation
skeletonwitch,sacrifice for the slaughtergod,0,0.18,0.972,0,-5.067,1,0.148,0.00483,0.747,0.142,0.454,202.722,0,1802,skeletonwitch,skeletonwitch / sacrifice for the slaughtergod,1799,train
tony matterhorn,dutty wine,0,0.528,0.866,5,-6.39,0,0.383,0.13,0.0,0.153,0.91,158.531,0,1803,tony matterhorn,tony matterhorn / dutty wine,1800,validation
jaime urrutia,azzurro,0,0.7,0.875,5,-5.979,0,0.0441,0.00953,0.0,0.3,0.707,120.157,0,1804,jaime urrutia,jaime urrutia / azzurro,1801,train
dru hill,in my bed,1,0.818,0.655,10,-7.68,0,0.253,0.11,0.0,0.0754,0.82,95.443,1,1805,dru hill,dru hill / in my bed,1802,train
jonas brothers,bb good,1,0.656,0.901,4,-5.213,1,0.0398,0.0294,0.000139,0.0546,0.891,135.009,1,1806,jonas brothers,jonas brothers / bb good,485,validation
gerald clayton,scrimmage,0,0.361,0.402,4,-14.165,0,0.0416,0.0702,0.699,0.0576,0.337,149.29,0,1807,gerald clayton,gerald clayton / scrimmage,1804,train
kings of leon,genius,0,0.442,0.83,7,-5.978,1,0.0478,0.0275,0.0,0.218,0.506,125.554,0,1808,kings of leon,kings of leon / genius,812,train
method man,"the riddler (from batman forever"")""",0,0.798,0.668,10,-4.824,1,0.091,0.0571,0.00987,0.204,0.438,168.039,1,1809,method man,"method man / the riddler (from batman forever"")""",1806,train
vhs or beta,forever,0,0.575,0.894,1,-6.187,0,0.0305,0.000138,0.252,0.124,0.452,123.873,0,1810,vhs or beta,vhs or beta / forever,686,train
n.w.a.,approach to danger (edited),0,0.606,0.994,6,-4.593,1,0.405,0.0781,7.51e-06,0.221,0.346,94.916,0,1811,n.w.a.,n.w.a. / approach to danger (edited),1808,train
beenie man,imagination,1,0.613,0.417,5,-11.639,0,0.291,0.294,0.0,0.227,0.9,82.82,0,1812,beenie man,beenie man / imagination,37,test
freedy johnston,bad reputation,0,0.608,0.677,4,-9.951,0,0.0246,0.0058,0.000537,0.266,0.787,114.046,1,1813,freedy johnston,freedy johnston / bad reputation,1810,validation
toni braxton,you mean the world to me,1,0.595,0.736,11,-6.648,1,0.0469,0.0964,9.28e-06,0.104,0.521,167.669,1,1814,toni braxton,toni braxton / you mean the world to me,4,train
akon,dont matter,0,0.79,0.457,2,-6.231,1,0.0414,0.24,0.0,0.222,0.355,125.249,1,1815,akon,akon / dont matter,968,train
michael jackson,black or white,1,0.741,0.894,4,-3.826,1,0.0495,0.0824,0.0527,0.089,0.96,114.869,1,1816,michael jackson,michael jackson / black or white,254,test
a tribe called quest,award tour,0,0.812,0.6,7,-9.414,1,0.254,0.00308,8.38e-06,0.173,0.555,97.338,1,1817,a tribe called quest,a tribe called quest / award tour,1034,train
open hand,the ambush,0,0.324,0.844,6,-5.902,0,0.055,0.0392,0.0,0.429,0.454,154.082,0,1818,open hand,open hand / the ambush,1508,validation
alexandre desplat,le chagrin de coco,0,0.176,0.123,5,-19.615,0,0.0344,0.901,0.755,0.0779,0.0371,71.581,0,1819,alexandre desplat,alexandre desplat / le chagrin de coco,1816,validation
color me badd,i adore mi amor,1,0.683,0.476,3,-9.995,0,0.027,0.243,0.0,0.0786,0.725,91.989,1,1821,color me badd,color me badd / i adore mi amor,776,test
luiz bonfa,samba de duas notas,0,0.629,0.227,2,-19.621,1,0.0574,0.83,0.0097,0.122,0.736,157.309,0,1822,luiz bonfa,luiz bonfa / samba de duas notas,1818,test
the smashing pumpkins,real love,1,0.251,0.946,2,-4.662,1,0.08,5.48e-06,0.721,0.102,0.045,153.183,0,1823,the smashing pumpkins,the smashing pumpkins / real love,318,train
agnostic front,standing on my own,0,0.342,0.967,9,-5.218,1,0.0564,0.000234,0.0,0.27,0.442,108.706,0,1824,agnostic front,agnostic front / standing on my own,786,test
sapo,el mes alt,0,0.624,0.819,7,-4.623,1,0.0678,0.147,0.0127,0.226,0.621,140.621,0,1825,sapo,sapo / el mes alt,1534,train
precious bryant,blues all around my bed,0,0.578,0.365,2,-10.895,1,0.0341,0.542,0.46,0.11,0.59,89.084,0,1826,precious bryant,precious bryant / blues all around my bed,1822,train
lisa lynne,isla del luna,0,0.799,0.324,2,-14.581,1,0.0315,0.756,0.863,0.157,0.207,96.036,0,1827,lisa lynne,lisa lynne / isla del luna,1760,validation
sunnyland slim,midnight jump,0,0.507,0.379,0,-17.771,1,0.0696,0.547,0.891,0.268,0.902,96.983,0,1828,sunnyland slim,sunnyland slim / midnight jump,1824,test
carlos ponce,todo lo que soy,0,0.673,0.73,5,-6.722,1,0.0287,0.25,1.35e-06,0.177,0.598,98.905,0,1829,carlos ponce,carlos ponce / todo lo que soy,431,train
taylor swift,white horse,1,0.578,0.34,0,-8.027,1,0.0264,0.305,0.0,0.104,0.223,92.702,1,1830,taylor swift,taylor swift / white horse,250,train
moments in grace,stratus (ep version),0,0.3,0.912,8,-5.175,1,0.0808,0.00701,8.82e-05,0.128,0.259,123.055,0,1831,moments in grace,moments in grace / stratus (ep version),1827,test
glee cast,its my life / confessions part ii,1,0.586,0.882,11,-3.794,0,0.0487,0.0385,0.0,0.32,0.706,131.008,1,1832,glee cast,glee cast / its my life / confessions part ii,57,train
nightwish,kuolema tekee taiteilijan,0,0.164,0.304,9,-12.242,0,0.0319,0.367,0.00109,0.168,0.105,90.166,0,1833,nightwish,nightwish / kuolema tekee taiteilijan,997,validation
the lord weird slough feg,beast in the broch,0,0.597,0.316,9,-8.725,0,0.0522,0.754,0.76,0.137,0.715,93.05,0,1834,the lord weird slough feg,the lord weird slough feg / beast in the broch,1184,train
nirvana,lithium,1,0.68,0.65,7,-6.336,1,0.0378,0.00203,0.0,0.0622,0.486,123.238,1,1835,nirvana,nirvana / lithium,190,train
bill douglas,sapphire,0,0.406,0.402,5,-16.125,1,0.0425,0.867,0.863,0.0735,0.601,96.723,0,1836,bill douglas,bill douglas / sapphire,661,train
los fabulosos cadillacs,la vida,0,0.519,0.985,7,-2.759,1,0.0607,0.0571,0.0,0.168,0.719,108.579,0,1837,los fabulosos cadillacs,los fabulosos cadillacs / la vida,697,train
memphis minnie,pig meat on the line,0,0.688,0.239,5,-12.488,1,0.0359,0.945,0.000285,0.097,0.412,134.057,0,1838,memphis minnie,memphis minnie / pig meat on the line,918,train
celine dion,love can move mountains,0,0.733,0.873,5,-7.087,0,0.0464,0.00885,0.000945,0.106,0.296,105.908,1,1839,celine dion,celine dion / love can move mountains,1835,train
jade,"i wanna love you (from class act"")""",1,0.731,0.707,0,-9.79,0,0.0769,0.0596,0.00654,0.264,0.838,200.306,1,1840,jade,"jade / i wanna love you (from class act"")""",1836,train
chris brown,run it!,0,0.85,0.482,1,-6.684,0,0.102,0.0246,0.0,0.387,0.217,100.957,1,1841,chris brown,chris brown / run it!,905,train
dionne warwick,let it be me,0,0.259,0.332,3,-10.54,1,0.0301,0.666,0.000925,0.131,0.227,175.554,0,1842,dionne warwick,dionne warwick / let it be me,1838,train
a static lullaby,god bless you (goddamn it),0,0.289,0.946,0,-4.462,1,0.0758,0.00502,0.00013,0.126,0.189,161.157,0,1843,a static lullaby,a static lullaby / god bless you (goddamn it),1839,train
keyshia cole,heaven sent,1,0.538,0.728,2,-3.663,0,0.0524,0.074,0.0,0.0776,0.437,78.427,1,1845,keyshia cole,keyshia cole / heaven sent,1840,train
puddle of mudd,blurry,1,0.431,0.94,3,-4.462,0,0.0563,0.00916,0.0,0.142,0.484,157.477,1,1846,puddle of mudd,puddle of mudd / blurry,121,train
david arkenstone,the forgotten lands,0,0.562,0.525,9,-14.594,1,0.0283,0.456,0.883,0.311,0.713,141.957,0,1847,david arkenstone,david arkenstone / the forgotten lands,1842,validation
rome,i belong to you (every time i see your face),0,0.759,0.337,0,-11.034,0,0.035,0.026,0.0,0.0753,0.335,117.845,1,1848,rome,rome / i belong to you (every time i see your face),1045,test
joe nichols,whats a guy gotta do,1,0.637,0.963,5,-3.808,1,0.077,0.662,3.12e-05,0.0746,0.92,170.224,1,1849,joe nichols,joe nichols / whats a guy gotta do,329,train
jesus jones,"right here, right now",0,0.657,0.608,2,-13.565,1,0.0287,0.0088,3.45e-06,0.103,0.723,106.862,1,1850,jesus jones,"jesus jones / right here, right now",1845,train
rishi rich,jaan - interlude,0,0.811,0.442,8,-11.234,0,0.409,0.0666,1.65e-05,0.144,0.716,95.907,0,1851,rishi rich,rishi rich / jaan - interlude,1846,train
mike jones,back then,0,0.776,0.736,9,-6.308,1,0.255,0.0101,0.0,0.18,0.536,159.838,1,1852,mike jones,mike jones / back then,1847,validation
chris eaton,all or nothing,0,0.316,0.191,7,-12.738,1,0.0304,0.877,2.71e-06,0.133,0.173,70.811,0,1853,chris eaton,chris eaton / all or nothing,1848,train
breaking benjamin,so cold,1,0.485,0.776,0,-5.472,0,0.0525,0.00225,0.000102,0.124,0.26,153.055,1,1854,breaking benjamin,breaking benjamin / so cold,108,validation
amil,anyday,0,0.769,0.399,0,-8.378,1,0.337,0.0953,0.0,0.0987,0.47,166.229,0,1855,amil,amil / anyday,1850,train
irwin goodman,yhteinen koti,0,0.64,0.583,2,-12.366,1,0.103,0.464,1e-06,0.176,0.631,94.996,0,1856,irwin goodman,irwin goodman / yhteinen koti,1851,train
jeff wahl,waterfall,0,0.708,0.795,4,-12.001,1,0.067,0.959,0.934,0.111,0.382,127.341,0,1857,jeff wahl,jeff wahl / waterfall,1852,validation
sophie b. hawkins,i want you,0,0.474,0.468,11,-11.424,1,0.0543,0.604,0.0399,0.0707,0.308,98.443,0,1858,sophie b. hawkins,sophie b. hawkins / i want you,734,train
hi-five,i cant wait another minute,1,0.625,0.644,8,-8.801,1,0.0287,0.357,0.0,0.102,0.638,147.435,1,1859,hi-five,hi-five / i cant wait another minute,1854,train
the jason bonham band,hold on,0,0.376,0.796,0,-7.972,1,0.0414,0.00274,0.000381,0.613,0.474,141.332,0,1860,the jason bonham band,the jason bonham band / hold on,1855,test
gloria estefan,youll be mine (party time),1,0.772,0.857,10,-7.144,0,0.185,0.163,0.000633,0.113,0.665,106.873,1,1861,gloria estefan,gloria estefan / youll be mine (party time),1362,test
maxi priest,caution,0,0.722,0.578,0,-12.254,1,0.0695,0.00442,0.000104,0.236,0.803,167.679,0,1862,maxi priest,maxi priest / caution,1572,train
grizzly bear,deep blue sea (daniel rossen home recording),0,0.539,0.0971,4,-12.93,1,0.0384,0.815,0.137,0.154,0.171,85.04,0,1863,grizzly bear,grizzly bear / deep blue sea (daniel rossen home recording),1858,train
cirrus,boomerang (reprise),0,0.598,0.965,5,-6.7,1,0.0452,0.00961,0.662,0.146,0.402,90.017,0,1864,cirrus,cirrus / boomerang (reprise),1859,train
p.m. dawn,downtown venus,1,0.602,0.837,8,-10.22,0,0.0894,0.0129,0.000181,0.161,0.824,99.019,1,1865,p.m. dawn,p.m. dawn / downtown venus,1860,train
piero umiliani,apertura in jazz,0,0.443,0.173,5,-13.035,1,0.0412,0.948,0.37,0.0922,0.132,119.602,0,1866,piero umiliani,piero umiliani / apertura in jazz,1861,validation
usher,caught up,1,0.817,0.806,6,-4.606,1,0.0623,0.027,9e-06,0.119,0.805,110.086,1,1867,usher,usher / caught up,257,train
britt nicole,set the world on fire,0,0.617,0.601,11,-3.968,1,0.0459,0.239,0.0,0.425,0.384,119.975,0,1868,britt nicole,britt nicole / set the world on fire,816,train
korn,proud,1,0.349,0.971,2,-3.62,1,0.196,0.000299,0.0231,0.381,0.371,118.076,0,1869,korn,korn / proud,51,train
marcus miller,outro duction,0,0.761,0.463,9,-13.165,1,0.241,0.00585,0.858,0.135,0.0375,98.0,0,1870,marcus miller,marcus miller / outro duction,1686,test
benabar,le zoo de vincennes,0,0.602,0.462,4,-11.364,0,0.0633,0.701,1.22e-05,0.096,0.449,131.784,0,1871,benabar,benabar / le zoo de vincennes,1866,train
zombie girl,i want it,0,0.514,0.959,0,-5.517,1,0.0422,0.0531,0.33,0.0753,0.408,129.991,0,1872,zombie girl,zombie girl / i want it,1151,train
usher,u remind me,1,0.657,0.629,6,-4.938,1,0.0782,0.194,0.0,0.254,0.726,93.985,1,1873,usher,usher / u remind me,257,train
jars of clay,love me,1,0.476,0.929,2,-4.949,1,0.0528,0.000945,0.000409,0.0972,0.425,127.977,0,1874,jars of clay,jars of clay / love me,460,validation
youngbloodz,presidential,0,0.682,0.523,2,-9.69,1,0.335,0.0237,0.0,0.18,0.366,170.049,1,1875,youngbloodz,youngbloodz / presidential,1870,train
toby keith,im just talkin about tonight,1,0.674,0.863,7,-3.539,1,0.0512,0.279,0.0,0.132,0.821,123.872,1,1876,toby keith,toby keith / im just talkin about tonight,270,train
avant,makin good love,1,0.793,0.647,4,-3.924,0,0.0383,0.239,0.0,0.124,0.718,142.268,1,1877,avant,avant / makin good love,858,train
the-dream,falsetto,0,0.728,0.557,0,-4.467,1,0.0317,0.152,2.27e-05,0.113,0.512,131.018,1,1878,the-dream,the-dream / falsetto,1873,test
tiny tim,i hold your hand in mine [live at royal albert hall],0,0.384,0.225,5,-23.854,0,0.458,0.844,0.0,0.751,0.64,159.034,0,1879,tiny tim,tiny tim / i hold your hand in mine [live at royal albert hall],1874,train
toby keith,she never cried in front of me,1,0.445,0.628,7,-4.627,1,0.0311,0.346,0.0,0.099,0.322,145.885,1,1880,toby keith,toby keith / she never cried in front of me,270,train
shedaisy,i will...but,0,0.671,0.86,2,-5.06,1,0.038,0.116,0.0,0.181,0.89,112.517,1,1881,shedaisy,shedaisy / i will...but,218,train
wilshire,special,0,0.539,0.847,4,-3.409,0,0.0493,0.0023,2.25e-05,0.0759,0.459,130.105,0,1882,wilshire,wilshire / special,1877,train
the jason bonham band,bing,0,0.524,0.921,9,-7.184,0,0.0547,0.000103,0.00345,0.265,0.307,98.054,0,1883,the jason bonham band,the jason bonham band / bing,1855,test
martina mcbride,(i never promised you a) rose garden,1,0.577,0.728,2,-6.944,1,0.0478,0.503,0.0,0.133,0.78,131.908,1,1884,martina mcbride,martina mcbride / (i never promised you a) rose garden,224,test
sportsguitar,fish,0,0.573,0.687,4,-6.887,1,0.0294,0.0604,0.658,0.0987,0.547,142.859,0,1885,sportsguitar,sportsguitar / fish,1880,validation
u2,even better than the real thing,1,0.505,0.759,7,-6.871,1,0.0303,0.00112,0.000365,0.168,0.65,128.63,1,1886,u2,u2 / even better than the real thing,144,train
usher,more,1,0.551,0.893,7,-2.628,1,0.0543,0.00166,0.0,0.348,0.794,125.083,1,1887,usher,usher / more,257,train
rascal flatts,i wont let go,1,0.557,0.406,4,-7.083,1,0.0278,0.742,0.0,0.113,0.222,131.96,1,1888,rascal flatts,rascal flatts / i wont let go,252,train
alexisonfire,mailbox arson,0,0.196,0.945,0,-4.416,0,0.0829,0.000346,1.4e-05,0.575,0.403,180.565,0,1889,alexisonfire,alexisonfire / mailbox arson,1884,train
the black crowes,roll old jeremiah,1,0.505,0.507,7,-12.144,1,0.0292,0.16,0.00525,0.127,0.766,89.204,0,1890,the black crowes,the black crowes / roll old jeremiah,494,test
faithless,drifting away,1,0.843,0.522,5,-8.918,1,0.0421,0.0441,0.892,0.688,0.206,119.999,0,1891,faithless,faithless / drifting away,1148,train
sade,morning bird,1,0.359,0.126,7,-17.325,0,0.0405,0.678,0.000483,0.143,0.0636,175.466,0,1892,sade,sade / morning bird,651,test
the radio dept.,closing scene,0,0.662,0.47,9,-5.817,0,0.0357,0.841,0.857,0.0975,0.632,132.015,0,1893,the radio dept.,the radio dept. / closing scene,1888,train
the outfield,closer to me,0,0.674,0.605,9,-12.423,1,0.0353,0.161,0.00129,0.114,0.811,120.972,1,1894,the outfield,the outfield / closer to me,1889,train
charlie mccoy,night life,0,0.281,0.298,7,-12.229,1,0.03,0.288,0.0537,0.325,0.335,182.713,0,1895,charlie mccoy,charlie mccoy / night life,1890,train
sister hazel,cerilene,0,0.694,0.522,10,-7.818,1,0.0291,0.0818,0.0,0.102,0.133,119.397,0,1896,sister hazel,sister hazel / cerilene,867,train
rise against,everchanging,0,0.544,0.381,11,-6.111,1,0.0341,0.519,1.46e-06,0.116,0.233,120.025,0,1897,rise against,rise against / everchanging,806,test
nelly furtado,turn off the light,0,0.712,0.673,2,-6.257,1,0.0553,0.0709,0.000205,0.458,0.696,90.164,1,1898,nelly furtado,nelly furtado / turn off the light,708,train
korn,ever be,1,0.474,0.902,0,-6.087,1,0.0491,0.000164,0.262,0.231,0.324,160.056,0,1899,korn,korn / ever be,51,train
ana popovic,shadow after dark,0,0.332,0.798,8,-7.848,1,0.0839,0.0301,0.000929,0.845,0.716,96.244,0,1900,ana popovic,ana popovic / shadow after dark,1895,train
charlie mccoy,columbus stockade blues,0,0.691,0.332,3,-13.373,1,0.0381,0.0423,0.766,0.0968,0.815,113.166,0,1901,charlie mccoy,charlie mccoy / columbus stockade blues,1890,train
patti smith,wing,0,0.524,0.172,2,-16.368,1,0.0262,0.754,0.000708,0.224,0.137,146.343,0,1902,patti smith,patti smith / wing,1897,train
gwen stefani,cool,0,0.705,0.714,2,-3.428,1,0.028,0.0316,0.000382,0.34,0.798,112.03,1,1903,gwen stefani,gwen stefani / cool,1296,validation
atman,all is one,0,0.646,0.728,6,-8.098,1,0.0394,0.0374,0.0135,0.0812,0.44,89.367,0,1904,atman,atman / all is one,713,train
blue rodeo,fools like you,0,0.627,0.843,7,-4.691,1,0.0301,0.0061,0.000112,0.108,0.506,126.179,0,1905,blue rodeo,blue rodeo / fools like you,1733,test
alan jackson,work in progress,1,0.748,0.673,11,-8.45,0,0.0486,0.191,5.86e-06,0.212,0.661,135.257,1,1906,alan jackson,alan jackson / work in progress,594,validation
john ottman,the people you care for,0,0.206,0.303,5,-14.514,0,0.0392,0.878,0.914,0.111,0.0368,115.755,0,1907,john ottman,john ottman / the people you care for,1764,train
chris brown,wall to wall,1,0.595,0.548,7,-6.761,0,0.115,0.00344,0.0,0.134,0.563,188.082,1,1908,chris brown,chris brown / wall to wall,905,train
marco beltrami,dead hackers,0,0.153,0.119,11,-20.757,1,0.0384,0.812,0.926,0.0777,0.0388,135.481,0,1909,marco beltrami,marco beltrami / dead hackers,80,train
gary allan,tough little boys,1,0.542,0.397,2,-8.571,1,0.0251,0.685,0.000142,0.143,0.239,84.221,1,1910,gary allan,gary allan / tough little boys,258,validation
cascada,everytime we touch,0,0.64,0.989,8,-3.707,1,0.0708,0.00328,2.07e-06,0.364,0.49,142.024,1,1911,cascada,cascada / everytime we touch,1906,test
randy travis,stranger in my mirror,0,0.706,0.679,8,-5.565,1,0.0333,0.629,0.0,0.165,0.898,139.84,1,1912,randy travis,randy travis / stranger in my mirror,1687,train
cristian castro,amor eterno,0,0.551,0.81,0,-4.393,1,0.0254,0.0121,2.38e-06,0.0947,0.498,104.942,1,1913,cristian castro,cristian castro / amor eterno,1908,test
shania twain,dont be stupid (you know i love you),1,0.736,0.721,2,-4.748,1,0.0319,0.39,0.0,0.653,0.921,122.002,1,1914,shania twain,shania twain / dont be stupid (you know i love you),1110,train
matchbox twenty,if youre gone,0,0.544,0.659,9,-7.191,1,0.0298,0.427,1.33e-06,0.126,0.361,109.933,1,1915,matchbox twenty,matchbox twenty / if youre gone,1910,test
the script,breakeven,0,0.63,0.698,10,-4.51,1,0.0244,0.173,0.0,0.0789,0.529,94.023,1,1916,the script,the script / breakeven,1603,train
jimi hendrix,voodoo chile blues,0,0.352,0.587,0,-12.272,1,0.101,0.0734,0.711,0.266,0.412,164.662,0,1917,jimi hendrix,jimi hendrix / voodoo chile blues,1912,train
hysterie,imagination,0,0.679,0.991,7,-5.543,1,0.0489,0.000195,0.000601,0.28,0.945,134.011,0,1918,hysterie,hysterie / imagination,1913,train
benabar,porcelaine,0,0.581,0.569,10,-6.817,0,0.0515,0.619,0.0,0.142,0.574,137.841,0,1919,benabar,benabar / porcelaine,1866,train
butthole surfers,tongue,0,0.308,0.752,1,-9.874,1,0.0522,0.000913,0.0376,0.43,0.202,128.169,0,1920,butthole surfers,butthole surfers / tongue,474,train
goo goo dolls,iris,1,0.291,0.79,11,-5.683,0,0.0363,0.00133,5.61e-06,0.0811,0.513,155.667,1,1921,goo goo dolls,goo goo dolls / iris,466,test
omarion featuring gucci mane,i get it in,0,0.721,0.797,5,-4.549,0,0.135,0.00274,0.0,0.0841,0.674,154.086,1,1922,omarion featuring gucci mane,omarion featuring gucci mane / i get it in,1917,test
nia peeples,street of dreams,0,0.753,0.628,0,-10.54,0,0.0466,0.00747,0.000123,0.263,0.94,110.516,1,1923,nia peeples,nia peeples / street of dreams,1918,train
morrissey,"the more you ignore me, the closer i get",0,0.41,0.663,6,-9.006,1,0.0274,0.0042,0.00277,0.136,0.794,173.878,1,1924,morrissey,"morrissey / the more you ignore me, the closer i get",1919,train
francis lai,13 jours en france,0,0.16,0.312,7,-12.916,0,0.0319,0.953,0.764,0.161,0.184,96.489,0,1925,francis lai,francis lai / 13 jours en france,1920,train
tanto metro & devonte,strange things,1,0.769,0.855,6,-5.368,0,0.188,0.291,0.0,0.185,0.802,92.471,0,1926,tanto metro & devonte,tanto metro & devonte / strange things,1409,test
scar symmetry,the three-dimensional shadow,0,0.532,0.984,1,-3.435,1,0.101,1.62e-05,0.102,0.36,0.384,110.03,0,1927,scar symmetry,scar symmetry / the three-dimensional shadow,1922,train
set your goals,summer jam,0,0.398,0.986,8,-3.113,1,0.334,0.000112,1.75e-06,0.925,0.44,198.105,0,1928,set your goals,set your goals / summer jam,607,test
bodeans,back then,1,0.589,0.777,9,-5.582,1,0.0495,0.132,2e-05,0.162,0.575,148.066,0,1929,bodeans,bodeans / back then,1924,train
jope ruonansuu,matti ja teppo,0,0.728,0.694,4,-6.458,0,0.0359,0.0163,3.65e-06,0.0813,0.658,128.169,0,1930,jope ruonansuu,jope ruonansuu / matti ja teppo,1425,validation
mariah carey,love takes time,0,0.602,0.338,11,-12.371,1,0.0293,0.727,0.0,0.0849,0.25,126.232,1,1931,mariah carey,mariah carey / love takes time,225,train
seal,the beginning (giro e giro mix),0,0.723,0.888,6,-12.89,0,0.0378,0.104,0.525,0.122,0.77,123.76,0,1932,seal,seal / the beginning (giro e giro mix),1078,validation
the dreamtree project,bliss,0,0.622,0.42,9,-16.459,0,0.0322,0.557,0.589,0.0744,0.225,134.276,0,1933,the dreamtree project,the dreamtree project / bliss,1928,test
pyranja,anfang vom ende,0,0.721,0.7,6,-8.817,0,0.32,0.408,1.68e-05,0.596,0.639,95.914,0,1934,pyranja,pyranja / anfang vom ende,1294,train
breaking benjamin,i will not bow,1,0.543,0.952,8,-3.65,1,0.0668,0.000192,7.8e-06,0.38,0.591,107.942,1,1935,breaking benjamin,breaking benjamin / i will not bow,108,validation
phil collins,welcome,1,0.667,0.501,0,-8.058,1,0.0436,0.335,0.0,0.0821,0.555,123.94,0,1936,phil collins,phil collins / welcome,61,train
aaron tippin,kiss this,1,0.759,0.723,6,-5.38,0,0.0259,0.0487,5.88e-06,0.362,0.666,116.043,1,1937,aaron tippin,aaron tippin / kiss this,31,train
da youngstas,hip hop ride,0,0.788,0.589,1,-8.996,1,0.0909,0.00021,0.00124,0.0665,0.486,96.969,1,1938,da youngstas,da youngstas / hip hop ride,1933,test
mary j. blige,family affair,1,0.925,0.56,8,-3.795,0,0.0436,0.138,1.19e-05,0.0861,0.966,92.895,1,1939,mary j. blige,mary j. blige / family affair,107,test
smart es,sesames treet,0,0.751,0.908,7,-7.495,0,0.0897,0.000588,0.0599,0.0246,0.744,144.912,1,1940,smart es,smart es / sesames treet,1935,train
jack johnson,upside down,1,0.786,0.648,6,-8.317,0,0.0522,0.248,0.000156,0.138,0.652,102.399,1,1941,jack johnson,jack johnson / upside down,974,train
sara evans,i keep looking,1,0.737,0.817,10,-4.246,1,0.0508,0.0577,0.0,0.118,0.751,112.866,1,1942,sara evans,sara evans / i keep looking,1937,train
nightwish,the poet and the pendulum,0,0.385,0.723,7,-6.205,0,0.0402,0.00935,0.0244,0.11,0.191,145.038,0,1943,nightwish,nightwish / the poet and the pendulum,997,validation
phil vassar,this is my life,1,0.429,0.839,2,-3.823,1,0.0669,0.182,0.0,0.248,0.665,188.08,0,1944,phil vassar,phil vassar / this is my life,70,train
inspiral carpets,keep the circle around,0,0.26,0.976,10,-3.998,0,0.0808,0.0489,0.653,0.208,0.494,149.791,0,1945,inspiral carpets,inspiral carpets / keep the circle around,1201,train
terry riley,acension final chord rising,0,0.137,0.0341,11,-38.653,1,0.0489,0.944,0.991,0.118,0.0282,141.749,0,1946,terry riley,terry riley / acension final chord rising,989,train
sean kingston,take you there,0,0.752,0.921,5,-4.321,0,0.0696,0.0182,0.0,0.256,0.634,115.033,1,1947,sean kingston,sean kingston / take you there,1942,train
kelly rowland,stole,0,0.649,0.718,7,-4.984,0,0.0594,0.00676,4.26e-06,0.174,0.477,79.993,1,1948,kelly rowland,kelly rowland / stole,1943,train
negura bunget,al doilea om,0,0.262,0.4,2,-20.736,1,0.0416,0.878,0.807,0.109,0.0574,98.204,0,1949,negura bunget,negura bunget / al doilea om,411,train
klaus badelt,moonlight serenade,0,0.23,0.337,9,-10.594,0,0.0505,0.444,0.963,0.458,0.0495,130.724,0,1950,klaus badelt,klaus badelt / moonlight serenade,89,train
asleep at the wheel,the letter that johnny walker read,0,0.537,0.524,1,-7.573,0,0.0513,0.16,7.33e-06,0.0846,0.55,121.973,0,1951,asleep at the wheel,asleep at the wheel / the letter that johnny walker read,1946,train
all-4-one,i swear,1,0.532,0.407,6,-9.658,0,0.0233,0.235,0.0,0.117,0.23,83.207,1,1952,all-4-one,all-4-one / i swear,360,validation
pennywise,yell out,0,0.44,0.952,8,-5.031,1,0.0874,8.37e-05,0.0,0.232,0.609,101.181,0,1953,pennywise,pennywise / yell out,1737,train
izzy stradlin and the ju ju hounds,train tracks,0,0.332,0.941,7,-7.6,1,0.092,0.00845,0.585,0.351,0.623,150.104,0,1954,izzy stradlin and the ju ju hounds,izzy stradlin and the ju ju hounds / train tracks,1949,train
timbaland featuring keri hilson,the way i are,0,0.612,0.946,8,-3.679,0,0.0411,0.0104,2.64e-06,0.591,0.937,119.966,1,1955,timbaland featuring keri hilson,timbaland featuring keri hilson / the way i are,1950,train
22-20s,hold on,0,0.372,0.709,9,-6.526,0,0.0379,0.00637,0.834,0.106,0.0746,133.333,0,1956,22-20s,22-20s / hold on,1951,test
stefon harris,from the gardner meditations: african tarantella,0,0.343,0.461,1,-10.851,0,0.0368,0.917,0.853,0.288,0.293,70.155,0,1957,stefon harris,stefon harris / from the gardner meditations: african tarantella,1671,train
m83,let men burn stars,0,0.244,0.583,9,-11.303,0,0.0471,0.853,0.985,0.0946,0.275,135.178,0,1958,m83,m83 / let men burn stars,117,train
marilyn scott,take me with you,0,0.672,0.304,11,-10.504,1,0.0264,0.76,0.0,0.092,0.231,110.244,0,1959,marilyn scott,marilyn scott / take me with you,1954,test
rod stewart,rhythm of my heart,0,0.582,0.54,1,-11.021,1,0.0321,0.0621,0.0,0.178,0.433,94.955,1,1960,rod stewart,rod stewart / rhythm of my heart,81,train
luis fonsi,nada es para siempre,0,0.524,0.516,4,-8.342,0,0.0426,0.238,0.0,0.119,0.457,155.964,1,1961,luis fonsi,luis fonsi / nada es para siempre,1956,train
fuel,the name is...,0,0.313,0.989,9,-6.492,0,0.137,0.00159,0.00192,0.361,0.524,190.246,0,1962,fuel,fuel / the name is...,1957,train
t.i.,rubber band man,0,0.601,0.768,8,-5.712,1,0.386,0.141,0.0,0.482,0.634,152.45,1,1963,t.i.,t.i. / rubber band man,317,train
firehouse,reach for the sky,0,0.562,0.891,1,-8.283,1,0.0361,1.21e-05,0.0588,0.0858,0.524,132.569,1,1964,firehouse,firehouse / reach for the sky,285,test
katy perry,hot n cold,1,0.706,0.841,7,-3.956,1,0.0418,7.95e-05,0.0,0.0688,0.861,132.032,1,1965,katy perry,katy perry / hot n cold,1091,train
pepper,stormtrooper (live),0,0.452,0.819,11,-5.539,0,0.223,0.393,0.0,0.809,0.809,147.317,0,1966,pepper,pepper / stormtrooper (live),433,validation
blake shelton,goodbye time,1,0.472,0.331,2,-8.504,1,0.0258,0.317,1.42e-05,0.231,0.175,76.885,1,1967,blake shelton,blake shelton / goodbye time,1962,train
glee cast,endless love,1,0.239,0.471,10,-7.593,1,0.0306,0.763,3.31e-05,0.106,0.151,86.812,1,1968,glee cast,glee cast / endless love,57,train
tevin campbell,tell me what you want me to do,1,0.609,0.551,6,-7.93,1,0.0291,0.0233,0.0,0.234,0.512,127.956,1,1969,tevin campbell,tevin campbell / tell me what you want me to do,1964,train
karyn white,can i stay with you,1,0.674,0.465,5,-8.565,1,0.0258,0.441,0.0,0.098,0.317,129.896,1,1970,karyn white,karyn white / can i stay with you,163,validation
otis taylor,round and round,0,0.631,0.794,4,-5.384,1,0.168,0.782,0.279,0.245,0.966,111.527,0,1971,otis taylor,otis taylor / round and round,210,train
brigada victor jara,parto em terras distantes,0,0.397,0.359,4,-13.607,0,0.0315,0.0697,0.000742,0.0566,0.412,173.824,0,1972,brigada victor jara,brigada victor jara / parto em terras distantes,1967,train
mindy mccready,breakin it,0,0.643,0.589,1,-6.513,1,0.0297,0.31,1.21e-05,0.0892,0.538,76.924,0,1973,mindy mccready,mindy mccready / breakin it,219,train
carlos ponce,escuchame,0,0.707,0.886,0,-6.693,1,0.0821,0.123,0.0,0.235,0.68,98.065,0,1974,carlos ponce,carlos ponce / escuchame,431,train
black debbath,where to piss and shit in oslo,0,0.486,0.889,5,-5.265,0,0.0516,0.00229,0.00174,0.15,0.656,132.332,0,1975,black debbath,black debbath / where to piss and shit in oslo,1502,test
arturo sandoval,luna de miel en guama,0,0.32,0.764,2,-10.895,1,0.0817,0.0852,0.903,0.0893,0.689,140.183,0,1976,arturo sandoval,arturo sandoval / luna de miel en guama,92,train
dusminguet,disco jonki,0,0.616,0.837,0,-7.849,1,0.0464,0.0308,0.0,0.281,0.934,152.151,0,1977,dusminguet,dusminguet / disco jonki,1972,train
dj godfather,from da back,0,0.815,0.871,10,-7.061,0,0.271,0.00133,0.00184,0.129,0.963,166.52,0,1978,dj godfather,dj godfather / from da back,1973,validation
jesus jones,yellow brown,1,0.248,0.352,0,-15.811,0,0.0359,0.337,0.037,0.108,0.0819,80.247,0,1979,jesus jones,jesus jones / yellow brown,1845,train
room 5,hidden sun,0,0.796,0.974,4,-7.927,0,0.0628,0.000105,0.902,0.724,0.626,127.951,0,1980,room 5,room 5 / hidden sun,1975,train
the killers,boots,1,0.558,0.657,6,-5.015,1,0.0286,0.173,6.04e-05,0.117,0.115,98.926,1,1981,the killers,the killers / boots,93,train
dave brockie experience,too much stuff,0,0.633,0.943,11,-3.722,1,0.0537,0.0885,0.00436,0.288,0.806,93.619,0,1982,dave brockie experience,dave brockie experience / too much stuff,1977,train
snoop dogg,from tha chuuuch to da palace,1,0.78,0.675,1,-5.568,1,0.279,0.257,0.0,0.0808,0.681,96.88,1,1983,snoop dogg,snoop dogg / from tha chuuuch to da palace,292,train
jonell & method man,round and round,0,0.637,0.655,8,-6.576,1,0.283,0.534,8.12e-06,0.142,0.739,92.644,1,1984,jonell & method man,jonell & method man / round and round,1979,train
fenton robinson,somebody loan me a dime,0,0.668,0.583,3,-8.889,1,0.0768,0.468,3.62e-05,0.337,0.818,118.655,0,1985,fenton robinson,fenton robinson / somebody loan me a dime,1980,test
joe bonamassa,stop!,0,0.349,0.523,11,-7.749,0,0.0382,0.362,0.000598,0.386,0.311,169.283,0,1986,joe bonamassa,joe bonamassa / stop!,128,train
glee cast,keep holding on,0,0.311,0.637,7,-6.303,1,0.0347,0.175,0.0,0.483,0.102,160.745,1,1987,glee cast,glee cast / keep holding on,57,train
novaspace,dancing with tears in my eyes 2004 (nova mix (club version)),0,0.606,0.956,6,-8.481,0,0.0502,0.000197,0.654,0.107,0.364,140.01,0,1988,novaspace,novaspace / dancing with tears in my eyes 2004 (nova mix (club version)),419,train
plasmatics,lightning breaks,0,0.456,0.792,9,-5.262,0,0.0491,0.127,0.0,0.245,0.485,134.118,0,1989,plasmatics,plasmatics / lightning breaks,1984,train
ha-ash,amor a medias,0,0.593,0.76,9,-5.007,1,0.0293,0.161,0.0,0.349,0.562,137.012,0,1991,ha-ash,ha-ash / amor a medias,1985,train
naughty by nature,o.p.p.,0,0.848,0.838,4,-11.949,0,0.0723,0.0326,4.63e-06,0.124,0.774,97.735,1,1992,naughty by nature,naughty by nature / o.p.p.,801,test
diesel boy,dragonfly,0,0.387,0.976,0,-4.783,1,0.128,0.00397,0.000739,0.0773,0.635,106.514,0,1993,diesel boy,diesel boy / dragonfly,338,train
danny gokey,my best days are ahead of me,0,0.615,0.822,11,-4.499,1,0.0399,0.109,0.0,0.127,0.398,119.997,1,1994,danny gokey,danny gokey / my best days are ahead of me,1988,train
jude taylor & his burning flames,the thrill is gone,0,0.608,0.648,10,-12.466,0,0.0371,0.0427,4.7e-05,0.0942,0.588,102.84,0,1995,jude taylor & his burning flames,jude taylor & his burning flames / the thrill is gone,1989,test
pearl jam,given to fly,0,0.317,0.764,7,-7.076,1,0.0282,0.000294,0.099,0.0996,0.341,101.173,1,1996,pearl jam,pearl jam / given to fly,531,test
martina mcbride,where would you be,1,0.523,0.668,8,-6.646,1,0.0332,0.0607,3.23e-06,0.0353,0.278,128.092,1,1997,martina mcbride,martina mcbride / where would you be,224,test
casiotone for the painfully alone,dying batteries,0,0.745,0.276,0,-17.224,1,0.119,0.996,0.697,0.143,0.341,77.468,0,1998,casiotone for the painfully alone,casiotone for the painfully alone / dying batteries,1335,test
city high,sista,0,0.648,0.653,8,-8.364,0,0.0814,0.0616,0.0,0.0821,0.637,80.008,0,1999,city high,city high / sista,1210,train
aaron neville,everybody plays the fool,0,0.799,0.464,10,-9.789,1,0.118,0.332,0.006,0.086,0.432,87.901,1,2000,aaron neville,aaron neville / everybody plays the fool,1994,train
david arkenstone,big bounce,0,0.754,0.422,6,-13.382,0,0.032,0.044,0.689,0.0431,0.721,108.008,0,2001,david arkenstone,david arkenstone / big bounce,1842,validation
jazmine sullivan,bust your windows,1,0.683,0.664,5,-4.233,0,0.0332,0.538,0.0,0.0671,0.866,106.991,1,2002,jazmine sullivan,jazmine sullivan / bust your windows,1996,train
brad paisley,the world,1,0.446,0.947,4,-6.594,1,0.052,0.302,0.000692,0.0979,0.88,176.798,1,2003,brad paisley,brad paisley / the world,502,train
ice cube,it was a good day,0,0.796,0.748,5,-5.409,0,0.126,0.321,4.94e-05,0.217,0.802,82.384,1,2004,ice cube,ice cube / it was a good day,1998,train
erick sermon,intro,0,0.584,0.918,4,-5.554,0,0.395,0.255,0.0,0.105,0.966,164.037,0,2005,erick sermon,erick sermon / intro,1731,train
kings of leon,use somebody,0,0.276,0.715,0,-5.356,1,0.0432,0.00552,0.000417,0.201,0.173,137.028,1,2006,kings of leon,kings of leon / use somebody,812,train
bob hope,merry-go-runaround,0,0.72,0.333,6,-10.34,1,0.116,0.938,0.0,0.148,0.725,75.729,0,2007,bob hope,bob hope / merry-go-runaround,2001,train
paul avgerinos,gnosis,0,0.147,0.216,9,-21.884,1,0.0366,0.852,0.977,0.117,0.0935,138.744,0,2008,paul avgerinos,paul avgerinos / gnosis,1153,validation
brad paisley,online,1,0.557,0.856,7,-5.294,1,0.0687,0.0882,0.0326,0.681,0.846,133.527,1,2009,brad paisley,brad paisley / online,502,train
sum 41,fat lip,0,0.574,0.911,9,-5.176,1,0.0715,0.000618,0.0,0.0769,0.573,98.075,1,2010,sum 41,sum 41 / fat lip,2004,train
oldelaf et monsieur d,ouragan,0,0.507,0.00279,0,-10.091,0,0.0769,0.738,0.000152,0.175,0.973,120.329,0,2011,oldelaf et monsieur d,oldelaf et monsieur d / ouragan,2005,train
ozzy osbourne,"mama, im coming home",1,0.282,0.656,8,-6.557,1,0.0302,0.0105,0.0,0.0892,0.242,139.352,1,2012,ozzy osbourne,"ozzy osbourne / mama, im coming home",2006,train
brad paisley,shes everything,1,0.355,0.478,0,-8.323,1,0.0335,0.569,2.9e-06,0.194,0.269,102.971,1,2013,brad paisley,brad paisley / shes everything,502,train
otis taylor,talking about it blues,0,0.473,0.819,4,-11.178,1,0.0342,0.702,0.948,0.139,0.679,148.185,0,2014,otis taylor,otis taylor / talking about it blues,210,train
kenny rogers,reuben james,0,0.502,0.735,4,-12.342,1,0.155,0.0939,0.0,0.266,0.891,203.162,0,2015,kenny rogers,kenny rogers / reuben james,256,validation
madonna,jump [jacques lu cont edit],1,0.618,0.781,4,-7.707,0,0.0308,0.00123,0.832,0.492,0.638,130.01,0,2016,madonna,madonna / jump [jacques lu cont edit],248,validation
glee cast,"its a mans, mans mans world",1,0.645,0.375,3,-6.138,0,0.0279,0.729,2.16e-05,0.102,0.534,81.027,1,2017,glee cast,"glee cast / its a mans, mans mans world",57,train
flora purim,above the rainbow,0,0.123,0.366,0,-15.104,1,0.0337,0.632,0.00499,0.385,0.133,174.702,0,2018,flora purim,flora purim / above the rainbow,148,test
dashboard confessional,dont wait,1,0.417,0.816,3,-3.956,1,0.0361,0.000437,0.000662,0.36,0.194,154.064,1,2019,dashboard confessional,dashboard confessional / dont wait,2013,test
sara evans,perfect,1,0.39,0.879,4,-4.352,1,0.0813,0.0403,7.03e-06,0.376,0.616,206.072,1,2020,sara evans,sara evans / perfect,1937,train
joe bataan,ernestine,0,0.611,0.417,10,-10.065,1,0.0373,0.395,0.00921,0.199,0.337,87.73,0,2021,joe bataan,joe bataan / ernestine,2015,train
fito paez,tercer mundo,0,0.747,0.78,7,-6.597,1,0.222,0.334,0.0,0.714,0.738,97.859,0,2022,fito paez,fito paez / tercer mundo,2016,validation
the temper trap,sweet disposition,0,0.531,0.821,2,-6.812,1,0.0439,0.0701,0.171,0.124,0.34,129.139,0,2023,the temper trap,the temper trap / sweet disposition,2017,train
sonic subjunkies,djungelstadt,0,0.47,0.918,1,-6.474,1,0.0748,0.00423,0.00329,0.282,0.492,89.746,0,2024,sonic subjunkies,sonic subjunkies / djungelstadt,2018,train
iggy pop,main street eyes,0,0.674,0.512,2,-11.754,1,0.0283,0.064,6.77e-06,0.527,0.731,131.983,0,2025,iggy pop,iggy pop / main street eyes,870,validation
zombina & the skeletones,the waiting,0,0.245,0.836,10,-5.264,1,0.0625,6.6e-06,0.576,0.526,0.219,93.03,0,2026,zombina & the skeletones,zombina & the skeletones / the waiting,2020,test
the who,sodding about,0,0.466,0.763,2,-7.393,0,0.0325,4.08e-06,0.753,0.539,0.722,120.61,0,2027,the who,the who / sodding about,2021,train
fergie,clumsy,1,0.728,0.582,2,-4.141,1,0.158,0.196,0.000632,0.304,0.417,184.045,1,2028,fergie,fergie / clumsy,796,validation
sheryl crow,all i wanna do,0,0.836,0.533,9,-11.263,1,0.0332,0.113,0.0105,0.296,0.957,120.08,1,2029,sheryl crow,sheryl crow / all i wanna do,40,validation
dru hill,were not making love no more,1,0.555,0.509,3,-6.938,0,0.036,0.28,0.0,0.0966,0.184,113.99,1,2030,dru hill,dru hill / were not making love no more,1802,train
dave hollister,calm da seas,1,0.589,0.554,11,-5.228,1,0.0275,0.322,0.0,0.196,0.165,118.03,0,2031,dave hollister,dave hollister / calm da seas,151,train
eddie cantor,when my ship comes in,0,0.633,0.147,3,-15.592,1,0.146,0.981,0.0,0.317,0.412,108.175,0,2032,eddie cantor,eddie cantor / when my ship comes in,2026,validation
michael jackson,who is it,1,0.862,0.595,5,-4.655,1,0.121,0.0152,0.000343,0.104,0.502,103.168,1,2033,michael jackson,michael jackson / who is it,254,test
gus viseur,fausse monnaie,0,0.65,0.38,2,-10.342,0,0.0733,0.949,0.505,0.316,0.85,178.836,0,2034,gus viseur,gus viseur / fausse monnaie,2028,test
the beatles,real love,0,0.389,0.671,8,-7.271,1,0.0306,0.054,0.0161,0.22,0.42,175.75,1,2035,the beatles,the beatles / real love,2029,test
jazmine sullivan,need u bad,0,0.529,0.659,7,-5.318,1,0.0629,0.0232,0.0,0.114,0.36,138.196,1,2036,jazmine sullivan,jazmine sullivan / need u bad,1996,train
george michael,praying for time,1,0.581,0.622,10,-14.878,1,0.0354,0.0471,0.0162,0.0915,0.257,127.814,0,2037,george michael,george michael / praying for time,1107,train
the exciters,reaching for the best,0,0.733,0.724,0,-8.032,1,0.0302,0.0178,0.0,0.383,0.85,137.431,0,2038,the exciters,the exciters / reaching for the best,2032,test
taking dawn,black diamond,0,0.44,0.911,7,-4.568,0,0.0779,0.0192,0.0165,0.108,0.128,144.985,0,2039,taking dawn,taking dawn / black diamond,2033,test
the rentals,friends of p.,0,0.613,0.721,1,-6.868,1,0.0252,0.000641,1.6e-05,0.13,0.763,107.956,1,2040,the rentals,the rentals / friends of p.,2034,train
missy elliott,pass that dutch,0,0.899,0.645,10,-11.621,0,0.271,0.0435,0.101,0.358,0.348,110.895,1,2041,missy elliott,missy elliott / pass that dutch,1260,train
les ogres de barback,flute,0,0.202,0.183,0,-10.632,0,0.0414,0.504,0.0883,0.126,0.122,77.694,0,2042,les ogres de barback,les ogres de barback / flute,1049,validation
the jeff healey band,it could all get blown away,0,0.503,0.738,7,-6.643,0,0.034,0.00428,0.000109,0.197,0.635,94.447,0,2043,the jeff healey band,the jeff healey band / it could all get blown away,2037,validation
taylor dayne,cant get enough of your love,0,0.688,0.743,5,-8.483,1,0.034,0.0212,9.02e-05,0.106,0.642,108.178,1,2044,taylor dayne,taylor dayne / cant get enough of your love,2038,validation
the race,raising children,0,0.365,0.772,11,-4.174,0,0.0369,0.000129,0.0,0.273,0.508,119.054,0,2045,the race,the race / raising children,2039,test
macy gray,i try,0,0.593,0.642,2,-7.284,1,0.0299,0.313,0.000582,0.0804,0.736,76.403,1,2046,macy gray,macy gray / i try,2040,validation
jeff scott soto,2 late 4 goodbyes,0,0.427,0.872,6,-4.724,1,0.0507,0.0026,0.0,0.297,0.373,124.658,0,2047,jeff scott soto,jeff scott soto / 2 late 4 goodbyes,186,train
keyshia cole,i remember,0,0.549,0.756,5,-4.412,0,0.0462,0.234,0.0,0.0894,0.318,129.205,1,2048,keyshia cole,keyshia cole / i remember,1840,train
frankie j,gone,1,0.72,0.358,0,-7.096,1,0.0297,0.0595,0.000853,0.21,0.325,117.91,0,2049,frankie j,frankie j / gone,2043,train
tina ann,too late (orange factory extended mix),0,0.664,0.949,2,-3.12,1,0.0515,0.0318,0.0161,0.276,0.642,135.001,0,2050,tina ann,tina ann / too late (orange factory extended mix),1592,validation
corina,whispers,0,0.652,0.803,4,-12.688,0,0.0546,0.00942,0.00183,0.349,0.441,122.699,1,2051,corina,corina / whispers,2045,test
sugar minott,make it with you,0,0.557,0.829,0,-3.683,1,0.0679,0.234,0.0,0.11,0.853,148.082,0,2052,sugar minott,sugar minott / make it with you,1742,train
markscheider kunst,dj,0,0.659,0.565,2,-13.853,1,0.125,0.0058,0.000169,0.0302,0.886,152.938,0,2053,markscheider kunst,markscheider kunst / dj,2047,validation
zhane,sending my love,0,0.719,0.498,7,-9.856,1,0.0541,0.0325,0.0949,0.059,0.212,95.021,1,2054,zhane,zhane / sending my love,2048,train
william orbit,deus ex machina,0,0.285,0.0306,8,-36.536,0,0.0385,0.86,0.888,0.0954,0.0305,91.387,0,2055,william orbit,william orbit / deus ex machina,1231,test
latour,people are still having sex,0,0.856,0.695,11,-10.643,0,0.0387,7.47e-05,0.804,0.0358,0.869,125.107,1,2056,latour,latour / people are still having sex,2050,train
phantom planet,the meantime,0,0.471,0.978,11,-3.124,0,0.12,4.86e-05,0.105,0.285,0.333,132.809,0,2057,phantom planet,phantom planet / the meantime,1420,test
snap!,the world in my hands (we are one),1,0.739,0.657,4,-10.044,1,0.034,0.0539,0.897,0.0785,0.421,118.227,0,2058,snap!,snap! / the world in my hands (we are one),1761,train
hi-five,quality time,0,0.644,0.674,6,-6.998,1,0.0345,0.0761,0.0,0.0659,0.656,155.907,1,2059,hi-five,hi-five / quality time,1854,train
brooks & dunn,play something country,1,0.684,0.909,0,-3.797,1,0.0321,0.0782,1.22e-06,0.373,0.864,115.034,1,2060,brooks & dunn,brooks & dunn / play something country,54,test
shiny toy guns,major tom,0,0.645,0.77,10,-6.871,0,0.0375,0.0473,0.00345,0.108,0.67,165.033,1,2061,shiny toy guns,shiny toy guns / major tom,2055,train
lyrics born,i changed my mind (dj spinna remix),0,0.732,0.967,11,-3.489,1,0.21,0.0132,4.34e-06,0.326,0.581,98.922,0,2062,lyrics born,lyrics born / i changed my mind (dj spinna remix),2056,train
north mississippi allstars,2stepn,0,0.703,0.935,0,-8.062,1,0.0423,0.216,2.57e-05,0.327,0.97,124.973,0,2063,north mississippi allstars,north mississippi allstars / 2stepn,2057,train
stevie b,because i love you (the postman song),0,0.506,0.321,1,-11.796,1,0.0289,0.74,1.21e-06,0.125,0.0724,128.391,1,2064,stevie b,stevie b / because i love you (the postman song),2058,validation
little milton,walking the back streets and crying,0,0.724,0.256,1,-15.776,1,0.0622,0.33,0.00181,0.0787,0.442,123.252,0,2065,little milton,little milton / walking the back streets and crying,2059,test
seventh day slumber,shattered life,0,0.406,0.895,2,-5.282,0,0.0563,0.000429,3.25e-05,0.12,0.278,150.326,0,2066,seventh day slumber,seventh day slumber / shattered life,2060,train
new order,bizarre love triangle,0,0.613,0.885,10,-7.463,1,0.052,0.0804,0.746,0.0997,0.919,118.506,1,2067,new order,new order / bizarre love triangle,935,validation
snap!,mary had a little boy (maestro mix),1,0.628,0.775,0,-10.977,0,0.0351,9.83e-05,0.601,0.0734,0.839,121.099,0,2068,snap!,snap! / mary had a little boy (maestro mix),1761,train
from autumn to ashes,iv,0,0.219,0.21,4,-11.314,0,0.0363,0.873,0.88,0.237,0.158,97.021,0,2069,from autumn to ashes,from autumn to ashes / iv,2063,test
astarte,oblivious darkness,0,0.368,0.979,4,-4.381,0,0.137,0.0478,0.593,0.345,0.152,128.959,0,2070,astarte,astarte / oblivious darkness,296,test
jazmine sullivan,holding you down (goin in circles),1,0.724,0.872,8,-2.706,0,0.14,0.082,0.0,0.316,0.783,95.09,1,2071,jazmine sullivan,jazmine sullivan / holding you down (goin in circles),1996,train
madonna,ray of light,1,0.561,0.909,3,-7.878,1,0.0312,0.00118,0.46,0.0713,0.71,127.172,1,2073,madonna,madonna / ray of light,248,validation
bowling for soup,girl all the bad guys want,0,0.582,0.829,2,-5.688,1,0.0465,0.000517,0.0,0.266,0.867,130.969,1,2074,bowling for soup,bowling for soup / girl all the bad guys want,2067,test
kenny chesney,a lot of things different,1,0.589,0.279,2,-13.693,1,0.0285,0.129,0.0192,0.149,0.212,74.847,1,2075,kenny chesney,kenny chesney / a lot of things different,983,train
soulwax,soul simplicity,0,0.341,0.766,11,-9.178,1,0.0302,0.000102,0.00209,0.298,0.337,98.69,0,2076,soulwax,soulwax / soul simplicity,1265,train
brad paisley,then,1,0.493,0.643,0,-5.19,1,0.0299,0.512,2.42e-05,0.209,0.3,144.717,1,2077,brad paisley,brad paisley / then,502,train
vilma palma e vampiros,te quiero tanto,0,0.754,0.768,7,-6.25,1,0.0516,0.0624,0.0,0.257,0.768,127.852,0,2078,vilma palma e vampiros,vilma palma e vampiros / te quiero tanto,2071,train
beyonce,"me, myself and i",1,0.75,0.458,1,-9.092,1,0.0803,0.226,3.25e-05,0.137,0.536,83.61,1,2079,beyonce,"beyonce / me, myself and i",255,train
shelly manne,get me to the church on time,0,0.458,0.197,7,-25.713,1,0.044,0.67,0.92,0.0912,0.541,122.954,0,2080,shelly manne,shelly manne / get me to the church on time,2073,train
link,whatcha gone do?,0,0.765,0.613,11,-7.935,1,0.0319,0.171,2.19e-05,0.163,0.937,93.811,1,2081,link,link / whatcha gone do?,2074,train
dave hollister,cant stay,0,0.405,0.431,11,-7.73,1,0.0442,0.00508,0.0,0.135,0.0397,117.606,1,2082,dave hollister,dave hollister / cant stay,151,train
lenny kravitz,american woman,1,0.688,0.67,1,-7.872,1,0.0971,0.0304,0.0,0.0782,0.537,83.988,1,2083,lenny kravitz,lenny kravitz / american woman,372,train
blue october,hate me,0,0.384,0.685,4,-5.724,0,0.0356,0.513,0.0,0.098,0.202,92.166,1,2084,blue october,blue october / hate me,176,test
rihanna,music of the sun,0,0.535,0.643,0,-8.182,1,0.155,0.112,0.0,0.281,0.632,171.884,0,2085,rihanna,rihanna / music of the sun,1236,validation
poison,ride the wind,1,0.551,0.969,6,-2.41,1,0.0373,0.0727,7.55e-05,0.0991,0.431,136.507,1,2086,poison,poison / ride the wind,2079,validation
zbigniew preisner,the court,0,0.298,0.0275,0,-27.565,0,0.0442,0.9,0.000117,0.176,0.0375,67.952,0,2087,zbigniew preisner,zbigniew preisner / the court,1253,test
daddy yankee / may-be,que vas a hacer?,0,0.769,0.689,9,-6.276,0,0.0877,0.0123,0.0188,0.104,0.591,92.019,0,2088,daddy yankee / may-be,daddy yankee / may-be / que vas a hacer?,2081,train
gob,face the ashes,0,0.525,0.918,2,-4.512,1,0.0543,0.000356,0.566,0.0904,0.655,129.727,0,2089,gob,gob / face the ashes,2082,train
danny barnes,big girl blues,0,0.515,0.403,9,-9.383,1,0.0386,0.978,0.153,0.145,0.695,179.92,0,2090,danny barnes,danny barnes / big girl blues,1597,train
c.c. adcock,loaded gun,0,0.723,0.791,9,-7.567,0,0.0415,0.0126,0.0215,0.0943,0.89,116.011,0,2091,c.c. adcock,c.c. adcock / loaded gun,2084,train
hannah montana,pumpin up the party,1,0.662,0.828,2,-5.083,1,0.0741,0.0129,2.75e-05,0.407,0.476,123.986,1,2092,hannah montana,hannah montana / pumpin up the party,33,validation
coldplay,the world turned upside down,0,0.536,0.841,9,-5.976,1,0.0505,0.0241,0.000259,0.128,0.0753,136.839,0,2093,coldplay,coldplay / the world turned upside down,181,test
leona naess,paper thin,0,0.359,0.346,9,-11.888,0,0.0405,0.798,0.000294,0.105,0.079,120.47,0,2094,leona naess,leona naess / paper thin,2087,train
cece peniston,keep on walkin,0,0.774,0.705,6,-12.064,1,0.0448,0.00279,0.0128,0.247,0.63,104.983,1,2095,cece peniston,cece peniston / keep on walkin,2088,train
usher,papers,1,0.802,0.556,1,-5.395,1,0.0418,0.0339,0.0,0.0958,0.158,120.047,1,2096,usher,usher / papers,257,train
chris walker,take time,0,0.648,0.743,7,-9.595,0,0.0592,0.0799,0.0,0.125,0.81,97.059,1,2097,chris walker,chris walker / take time,2090,train
k.t. oslin,come next monday,0,0.757,0.525,9,-11.261,1,0.0418,0.276,2.23e-05,0.0385,0.843,81.939,0,2098,k.t. oslin,k.t. oslin / come next monday,2091,train
yami bolo,healing of all nations,0,0.774,0.665,10,-7.587,1,0.175,0.0356,0.0,0.0793,0.793,138.887,0,2099,yami bolo,yami bolo / healing of all nations,2092,test
eric burdon,leos place,0,0.611,0.517,7,-12.042,1,0.0342,0.462,8.02e-06,0.0935,0.729,138.519,0,2100,eric burdon,eric burdon / leos place,1436,train
moraes moreira,banho de amor,0,0.78,0.608,0,-6.608,1,0.0495,0.358,1.14e-06,0.104,0.806,132.92,0,2101,moraes moreira,moraes moreira / banho de amor,2094,test
ryan cabrera,on the way down,0,0.5,0.845,1,-5.015,1,0.0369,0.00184,0.0,0.106,0.539,95.199,1,2102,ryan cabrera,ryan cabrera / on the way down,2095,test
beyonce,at last,1,0.26,0.26,5,-10.669,1,0.0329,0.666,0.00447,0.175,0.318,172.655,1,2103,beyonce,beyonce / at last,255,train
moonspell,the hanged man,0,0.404,0.636,4,-8.798,0,0.0325,0.0643,0.653,0.0795,0.0979,140.105,0,2104,moonspell,moonspell / the hanged man,58,train
ol dirty bastard,shimmy shimmy ya,0,0.814,0.481,0,-5.183,1,0.245,0.097,3.83e-05,0.0495,0.193,96.252,1,2105,ol dirty bastard,ol dirty bastard / shimmy shimmy ya,2098,train
stars like fleas,you are my memoir,0,0.563,0.738,5,-6.986,1,0.0265,0.316,0.111,0.35,0.528,103.965,0,2106,stars like fleas,stars like fleas / you are my memoir,2099,validation
tlc,silly ho,1,0.837,0.784,9,-3.874,1,0.0866,0.0387,0.471,0.32,0.836,145.578,1,2107,tlc,tlc / silly ho,782,train
colin james,sending a message,0,0.562,0.762,11,-7.289,1,0.0903,0.202,0.000553,0.0586,0.599,149.47,0,2108,colin james,colin james / sending a message,1542,validation
silverchair,suicidal dream,0,0.465,0.708,11,-6.299,0,0.0327,0.0286,1.34e-05,0.108,0.388,97.532,0,2109,silverchair,silverchair / suicidal dream,1580,train
love and rockets,sweet lover hangover,0,0.508,0.75,10,-9.302,1,0.0303,0.00136,0.576,0.126,0.489,97.026,0,2110,love and rockets,love and rockets / sweet lover hangover,2103,train
information society,empty,0,0.595,0.793,11,-8.883,1,0.0962,0.000209,0.826,0.233,0.251,94.987,0,2111,information society,information society / empty,384,train
bullet for my valentine,4 words (to choke upon),0,0.379,0.95,8,-2.895,1,0.0845,8.79e-05,0.000309,0.109,0.316,92.489,0,2112,bullet for my valentine,bullet for my valentine / 4 words (to choke upon),2105,test
charley pride,help me make it through the night,0,0.461,0.342,0,-13.453,1,0.0293,0.849,0.0085,0.762,0.418,76.161,0,2113,charley pride,charley pride / help me make it through the night,2106,train
charlie byrd,how insensitive,0,0.547,0.13,7,-22.445,0,0.0483,0.907,0.602,0.681,0.314,122.137,0,2114,charlie byrd,charlie byrd / how insensitive,2107,train
demi lovato,dont forget,0,0.607,0.437,4,-7.592,1,0.153,0.501,1.24e-06,0.629,0.619,180.048,1,2115,demi lovato,demi lovato / dont forget,325,train
julie roberts,the chance,1,0.539,0.306,1,-11.625,1,0.0455,0.624,0.0,0.104,0.113,140.208,0,2116,julie roberts,julie roberts / the chance,1097,train
kelly clarkson,my life would suck without you,1,0.526,0.882,9,-4.006,1,0.0509,0.0014,0.0,0.144,0.424,144.982,0,2117,kelly clarkson,kelly clarkson / my life would suck without you,1446,train
john frizzell,defcon 4,0,0.315,0.161,7,-19.536,1,0.05,0.935,0.637,0.345,0.117,114.297,0,2118,john frizzell,john frizzell / defcon 4,511,train
john michael montgomery,hold on to me,1,0.488,0.425,10,-9.407,1,0.0262,0.333,0.0,0.104,0.233,165.06,1,2119,john michael montgomery,john michael montgomery / hold on to me,1013,train
bravehearts,sensations,0,0.51,0.547,11,-10.431,0,0.463,0.0464,0.0,0.056,0.907,192.435,0,2120,bravehearts,bravehearts / sensations,2113,train
david gray,babylon,0,0.737,0.543,8,-10.403,1,0.0374,0.0598,0.01,0.103,0.256,112.016,1,2121,david gray,david gray / babylon,2114,train
bersuit vergarabat,de onda,0,0.648,0.521,4,-7.271,0,0.0566,0.0814,0.0,0.555,0.591,121.944,0,2122,bersuit vergarabat,bersuit vergarabat / de onda,799,test
joe rogan,telepathy/ted haggard got cured of the gay,0,0.59,0.961,6,-2.587,0,0.836,0.721,0.0,0.916,0.414,88.165,0,2123,joe rogan,joe rogan / telepathy/ted haggard got cured of the gay,2116,train
gertrudis,intro,0,0.562,0.45,9,-12.258,0,0.0279,0.529,0.000911,0.643,0.547,97.797,0,2124,gertrudis,gertrudis / intro,249,train
chrisette michele,epiphany (im leaving),0,0.727,0.689,7,-4.513,1,0.264,0.287,0.0,0.49,0.401,163.01,1,2125,chrisette michele,chrisette michele / epiphany (im leaving),2118,train
glee cast featuring jonathan groff,hello,1,0.586,0.3,7,-9.517,0,0.0335,0.812,0.0,0.117,0.319,121.766,1,2126,glee cast featuring jonathan groff,glee cast featuring jonathan groff / hello,821,train
primordial,here i am king,0,0.0907,0.836,9,-5.414,0,0.0623,1.35e-06,0.955,0.277,0.153,87.5,0,2127,primordial,primordial / here i am king,229,train
l7,baggage,0,0.283,0.775,9,-8.098,0,0.0298,7.8e-06,0.483,0.114,0.503,105.804,0,2128,l7,l7 / baggage,2121,train
changing faces,foolin around,0,0.591,0.574,5,-8.276,0,0.0269,0.228,1.43e-05,0.0794,0.229,131.495,1,2129,changing faces,changing faces / foolin around,2122,train
helmet,tic,0,0.4,0.76,7,-10.025,1,0.0741,0.00118,0.103,0.0805,0.383,143.506,0,2130,helmet,helmet / tic,664,test
george strait,i just want to dance with you,1,0.719,0.464,0,-8.563,1,0.0276,0.454,9.1e-05,0.102,0.531,113.955,1,2131,george strait,george strait / i just want to dance with you,154,train
five for fighting,the riddle,1,0.59,0.562,10,-5.8,1,0.029,0.327,0.0,0.135,0.271,119.429,1,2132,five for fighting,five for fighting / the riddle,2125,train
selena gomez & the scene,a year without rain,1,0.629,0.806,2,-5.264,0,0.0442,0.0102,1.72e-05,0.112,0.409,119.966,1,2133,selena gomez & the scene,selena gomez & the scene / a year without rain,72,validation
philip glass,left alone...,0,0.143,0.0332,9,-27.907,0,0.044,0.96,0.429,0.111,0.203,82.282,0,2134,philip glass,philip glass / left alone...,2127,train
brad paisley,little moments,1,0.558,0.551,9,-6.333,1,0.0263,0.245,4.19e-06,0.231,0.347,78.374,1,2135,brad paisley,brad paisley / little moments,502,train
goodie mob,soul food,0,0.927,0.495,4,-8.778,0,0.304,0.0689,8.62e-05,0.0826,0.618,96.372,1,2136,goodie mob,goodie mob / soul food,636,train
warrior king,virtuous woman,0,0.73,0.663,10,-6.221,1,0.0576,0.401,0.0,0.317,0.959,147.96,0,2137,warrior king,warrior king / virtuous woman,800,train
monster magnet,black celebration,0,0.616,0.944,0,-6.096,1,0.0642,0.00212,2.37e-05,0.446,0.75,154.006,0,2138,monster magnet,monster magnet / black celebration,2131,train
ciara,and i,0,0.691,0.389,6,-10.125,1,0.0653,0.255,0.0,0.0981,0.437,122.219,1,2139,ciara,ciara / and i,2132,train
mariah carey,mine again,1,0.688,0.367,7,-8.89,0,0.0611,0.723,7.78e-06,0.114,0.371,131.883,0,2140,mariah carey,mariah carey / mine again,225,train
michael w. smith,i will be here for you,1,0.425,0.519,9,-9.707,1,0.0279,0.185,0.0,0.102,0.208,143.887,1,2141,michael w. smith,michael w. smith / i will be here for you,2134,train
david cook,come back to me,0,0.476,0.895,4,-4.857,1,0.0299,0.0101,1.02e-06,0.127,0.632,108.087,1,2142,david cook,david cook / come back to me,2135,test
eddy raven,i wanna hear it from you,0,0.721,0.536,5,-12.999,1,0.0291,0.0863,0.0,0.191,0.735,129.044,0,2143,eddy raven,eddy raven / i wanna hear it from you,2136,train
dmx,damien,1,0.823,0.726,6,-7.895,1,0.324,0.273,0.0,0.303,0.416,96.869,0,2144,dmx,dmx / damien,2137,validation
godsmack,speak,0,0.338,0.887,7,-6.447,1,0.0424,2.51e-06,0.00138,0.0616,0.561,97.018,1,2145,godsmack,godsmack / speak,290,train
new edition,hit me off,0,0.716,0.704,2,-4.652,0,0.143,0.179,0.000105,0.467,0.907,88.986,1,2146,new edition,new edition / hit me off,1664,train
bon jovi,wildflower,1,0.436,0.635,7,-5.848,1,0.0278,0.0234,0.0,0.18,0.356,92.692,0,2147,bon jovi,bon jovi / wildflower,29,train
matchbox 20,back 2 good,1,0.559,0.504,7,-9.455,1,0.0246,0.106,0.0,0.13,0.479,89.051,1,2148,matchbox 20,matchbox 20 / back 2 good,1237,validation
seether,fine again,0,0.445,0.856,6,-2.978,0,0.0287,0.000501,0.0113,0.232,0.38,175.542,1,2149,seether,seether / fine again,2142,train
jessica simpson,in this skin,0,0.429,0.872,5,-5.117,1,0.127,0.00515,1.49e-06,0.0981,0.573,190.325,0,2150,jessica simpson,jessica simpson / in this skin,2143,train
quadro nuevo,nature boy,0,0.488,0.294,9,-12.022,0,0.0801,0.865,0.906,0.34,0.344,139.487,0,2151,quadro nuevo,quadro nuevo / nature boy,7,train
jackie edwards,so jah seh,0,0.807,0.368,10,-12.195,0,0.0988,0.0258,2.93e-05,0.0414,0.671,80.925,0,2152,jackie edwards,jackie edwards / so jah seh,1629,train
theodore shapiro,the big stall,0,0.713,0.529,2,-16.134,1,0.09,0.0971,0.186,0.063,0.0732,124.646,0,2153,theodore shapiro,theodore shapiro / the big stall,2146,test
owl city,panda bear,0,0.643,0.605,10,-7.705,1,0.0351,0.219,0.00321,0.0971,0.97,74.998,0,2154,owl city,owl city / panda bear,2147,train
no mercy,when i die,1,0.702,0.495,1,-8.73,1,0.0608,0.365,8.34e-06,0.124,0.817,147.914,1,2155,no mercy,no mercy / when i die,850,train
white town,your woman,0,0.815,0.605,5,-9.118,0,0.0368,0.033,0.684,0.114,0.795,102.643,1,2156,white town,white town / your woman,2149,train
steel pulse,role model,0,0.816,0.601,1,-6.396,0,0.272,0.0184,0.0,0.0117,0.756,77.993,0,2157,steel pulse,steel pulse / role model,143,validation
the all american rejects,the future has arrived,0,0.538,0.801,9,-9.429,1,0.0319,0.0505,0.0,0.0926,0.692,145.953,0,2158,the all american rejects,the all american rejects / the future has arrived,2151,train
primordial,the burning season (live),0,0.139,0.818,3,-9.799,1,0.105,2.11e-05,0.339,0.789,0.11,98.993,0,2159,primordial,primordial / the burning season (live),229,train
avril lavigne,unwanted,0,0.475,0.837,4,-5.324,0,0.0612,0.000171,0.0227,0.627,0.622,162.074,0,2160,avril lavigne,avril lavigne / unwanted,936,train
the tragically hip,ahead by a century,0,0.759,0.558,7,-9.361,1,0.028,0.0271,0.00743,0.102,0.366,126.783,0,2162,the tragically hip,the tragically hip / ahead by a century,1645,train
montell jordan,whats on tonight,1,0.826,0.451,5,-11.503,1,0.0425,0.3,1.86e-06,0.133,0.449,111.859,1,2163,montell jordan,montell jordan / whats on tonight,2155,train
afi,summer shudder,1,0.485,0.939,1,-4.117,1,0.0817,0.000895,2.04e-05,0.576,0.395,85.04,0,2164,afi,afi / summer shudder,2156,train
patty griffin,moses,0,0.401,0.361,4,-6.492,1,0.0396,0.864,0.0,0.104,0.319,194.6,0,2165,patty griffin,patty griffin / moses,805,validation
plump djs,weighed down,0,0.885,0.912,0,-7.48,1,0.251,0.151,0.0141,0.28,0.396,134.023,0,2166,plump djs,plump djs / weighed down,2158,test
enrique iglesias,can you hear me,0,0.842,0.625,7,-3.625,1,0.0487,0.0107,0.0,0.0772,0.513,116.982,0,2167,enrique iglesias,enrique iglesias / can you hear me,1412,test
bodeans,"closer to free (from party of five"")""",0,0.497,0.875,7,-8.84,1,0.0355,4.59e-05,0.00399,0.625,0.505,98.171,1,2168,bodeans,"bodeans / closer to free (from party of five"")""",1924,train
joe jonas,gotta find you,0,0.441,0.74,11,-5.108,1,0.0356,0.0712,0.0,0.0806,0.45,82.049,1,2169,joe jonas,joe jonas / gotta find you,2161,train
glee cast,taking chances,1,0.261,0.501,7,-7.805,1,0.0407,0.0899,0.0,0.154,0.363,174.728,1,2170,glee cast,glee cast / taking chances,57,train
les brown,harlem nocturne,0,0.325,0.196,7,-15.146,0,0.0273,0.923,0.0413,0.0963,0.276,87.606,0,2171,les brown,les brown / harlem nocturne,2163,train
xcultures,sudanese dance,0,0.671,0.802,1,-6.947,1,0.0378,0.00503,0.0946,0.0879,0.827,124.975,0,2172,xcultures,xcultures / sudanese dance,2164,test
brian tyler,festival of holi,0,0.687,0.64,11,-14.706,1,0.109,0.137,0.868,0.292,0.575,91.997,0,2173,brian tyler,brian tyler / festival of holi,2165,train
usher featuring the nu beginning,only human,0,0.741,0.713,7,-11.583,1,0.262,0.0014,2.34e-06,0.386,0.515,118.126,0,2174,usher featuring the nu beginning,usher featuring the nu beginning / only human,2166,train
cherish the ladies,the shaskeen / gan ainm,0,0.52,0.183,7,-13.342,1,0.0534,0.992,0.247,0.323,0.939,119.203,0,2175,cherish the ladies,cherish the ladies / the shaskeen / gan ainm,2167,train
kenny rogers,love is what we make it,0,0.494,0.265,5,-16.899,1,0.0335,0.383,0.0,0.0964,0.238,137.549,0,2177,kenny rogers,kenny rogers / love is what we make it,256,validation
nick cave & the bad seeds,where do we go now but nowhere,0,0.545,0.154,7,-19.318,0,0.0389,0.82,0.679,0.0995,0.152,121.485,0,2178,nick cave & the bad seeds,nick cave & the bad seeds / where do we go now but nowhere,902,train
carrie underwood,"jesus, take the wheel",1,0.359,0.518,2,-3.537,1,0.0302,0.665,0.0,0.106,0.135,76.572,1,2179,carrie underwood,"carrie underwood / jesus, take the wheel",1066,train
afi,love like winter,0,0.59,0.912,10,-4.815,0,0.0614,0.000363,5.14e-05,0.0437,0.535,120.008,1,2180,afi,afi / love like winter,2156,train
lords of the underground,funky child,0,0.857,0.635,10,-9.532,0,0.198,0.0355,0.00345,0.13,0.53,96.589,1,2181,lords of the underground,lords of the underground / funky child,993,validation
the pineapple thief,boxing day,0,0.455,0.409,7,-11.377,1,0.0277,0.446,6.88e-05,0.0966,0.118,160.223,0,2182,the pineapple thief,the pineapple thief / boxing day,929,train
foo fighters,overdrive,0,0.393,0.985,2,-2.594,1,0.113,0.000196,0.0,0.153,0.309,157.958,0,2183,foo fighters,foo fighters / overdrive,222,test
george michael,mothers pride,1,0.362,0.159,11,-17.144,1,0.0292,0.97,4e-05,0.119,0.115,158.536,1,2184,george michael,george michael / mothers pride,1107,train
lifehouse,better luck next time,1,0.482,0.844,4,-3.926,1,0.0277,0.000325,0.0,0.156,0.555,81.987,0,2185,lifehouse,lifehouse / better luck next time,158,validation
keith urban,kiss a girl,1,0.653,0.786,2,-5.418,1,0.0338,0.0103,2.19e-06,0.201,0.477,120.992,1,2186,keith urban,keith urban / kiss a girl,320,train
artists stand up to cancer,just stand up!,0,0.562,0.953,7,-1.09,1,0.0833,0.186,0.0,0.679,0.545,176.513,1,2187,artists stand up to cancer,artists stand up to cancer / just stand up!,2178,test
fleet foxes,english house,0,0.579,0.566,8,-9.893,1,0.0274,0.173,0.477,0.127,0.372,97.973,0,2188,fleet foxes,fleet foxes / english house,2179,train
lutricia mcneal,aint that just the way,0,0.741,0.702,7,-7.722,1,0.189,0.0278,0.0,0.094,0.736,173.878,1,2189,lutricia mcneal,lutricia mcneal / aint that just the way,2180,train
anti-flag,death of a nation,0,0.494,0.896,1,-14.511,1,0.0839,0.000559,0.0,0.387,0.496,94.263,0,2190,anti-flag,anti-flag / death of a nation,1200,train
phantom planet,here i am,0,0.686,0.479,1,-8.99,1,0.0614,0.148,0.888,0.0979,0.105,105.68,0,2191,phantom planet,phantom planet / here i am,1420,test
cocoa tea,100%,0,0.796,0.46,7,-12.189,1,0.482,0.207,0.0,0.202,0.644,173.712,0,2192,cocoa tea,cocoa tea / 100%,1776,validation
arturo sandoval,waheera,0,0.642,0.372,0,-10.397,1,0.0331,0.756,0.937,0.0707,0.157,100.041,0,2193,arturo sandoval,arturo sandoval / waheera,92,train
billy currington,must be doin somethin right,1,0.483,0.625,9,-3.848,1,0.027,0.203,0.0,0.0484,0.366,167.975,1,2194,billy currington,billy currington / must be doin somethin right,2185,test
jim reeves,TRUE,0,0.405,0.284,9,-13.526,1,0.0272,0.903,0.00324,0.111,0.286,91.642,0,2195,jim reeves,jim reeves / true,302,train
helmet,everybody loves you,0,0.522,0.959,7,-3.129,0,0.0557,1.09e-05,0.00146,0.126,0.184,112.872,0,2196,helmet,helmet / everybody loves you,664,test
brooks & dunn featuring reba mcentire,cowgirls dont cry,0,0.648,0.75,9,-4.147,1,0.0307,0.0801,4.23e-06,0.0863,0.639,114.988,1,2197,brooks & dunn featuring reba mcentire,brooks & dunn featuring reba mcentire / cowgirls dont cry,2188,train
juana molina,j uh!,0,0.391,0.203,2,-19.947,1,0.0595,0.955,0.966,0.112,0.341,82.047,0,2198,juana molina,juana molina / j uh!,462,train
erykah badu,window seat,1,0.643,0.535,0,-6.795,0,0.0941,0.648,0.00213,0.0766,0.564,82.193,1,2199,erykah badu,erykah badu / window seat,2190,train
michelle branch,everywhere,1,0.523,0.828,1,-4.696,1,0.0762,0.0136,0.000255,0.165,0.476,96.952,1,2200,michelle branch,michelle branch / everywhere,1566,train
brandy,u dont know me (like u used to),1,0.782,0.449,5,-4.233,0,0.0443,0.00284,0.0623,0.0921,0.816,95.013,1,2201,brandy,brandy / u dont know me (like u used to),516,train
william orbit,harry flowers,0,0.583,0.251,7,-21.53,1,0.0352,0.0438,0.909,0.0749,0.21,146.365,0,2202,william orbit,william orbit / harry flowers,1231,test
radio moscow,broke down,0,0.386,0.875,0,-6.823,1,0.101,0.00445,0.00175,0.24,0.792,75.896,0,2203,radio moscow,radio moscow / broke down,2194,train
a+,enjoy yourself,0,0.71,0.87,11,-6.5,0,0.29,0.0125,0.0,0.0667,0.754,101.269,1,2204,a+,a+ / enjoy yourself,2195,train
gerald levert,thinkin bout it,0,0.734,0.659,1,-5.191,1,0.0711,0.0983,0.0,0.252,0.388,116.485,1,2205,gerald levert,gerald levert / thinkin bout it,2196,train
the summer obsession,where you belong,0,0.589,0.481,0,-6.833,1,0.0302,0.16,0.443,0.176,0.15,159.801,0,2206,the summer obsession,the summer obsession / where you belong,2197,train
rita chiarelli,reginella,0,0.453,0.0639,7,-13.815,1,0.0388,0.872,4.63e-06,0.0887,0.303,91.27,0,2207,rita chiarelli,rita chiarelli / reginella,461,validation
ace of base,lucky love,1,0.769,0.662,5,-7.238,1,0.0319,0.129,0.00102,0.0814,0.863,104.104,1,2208,ace of base,ace of base / lucky love,919,train
miranda lee richards,the long goodbye,0,0.507,0.64,0,-8.317,1,0.0316,0.327,0.000128,0.103,0.257,116.143,0,2209,miranda lee richards,miranda lee richards / the long goodbye,2200,train
seether,rise above this,1,0.532,0.829,1,-3.099,1,0.0327,0.011,2.05e-06,0.0802,0.264,120.009,1,2210,seether,seether / rise above this,2142,train
everyday sunday,wake up! wake up! (wake up! wake up! album version),0,0.485,0.884,8,-3.821,1,0.0507,0.000153,0.0,0.331,0.628,169.968,0,2211,everyday sunday,everyday sunday / wake up! wake up! (wake up! wake up! album version),2202,validation
martina mcbride,how far,1,0.473,0.59,6,-5.373,1,0.0298,0.359,0.0,0.101,0.334,140.191,1,2212,martina mcbride,martina mcbride / how far,224,test
brooks & dunn,aint nothing bout you,1,0.326,0.887,9,-4.199,0,0.0565,0.144,1.35e-06,0.49,0.706,202.354,1,2213,brooks & dunn,brooks & dunn / aint nothing bout you,54,test
cece winans,come on back home,0,0.784,0.445,8,-7.489,1,0.0267,0.409,2.39e-05,0.0679,0.427,96.064,0,2214,cece winans,cece winans / come on back home,1313,train
roxette,spending my time,0,0.42,0.574,4,-5.149,1,0.0292,0.238,0.000115,0.127,0.218,170.549,1,2215,roxette,roxette / spending my time,191,train
damn yankees,come again,1,0.222,0.681,9,-10.832,0,0.0469,0.126,8.03e-05,0.128,0.388,130.689,1,2216,damn yankees,damn yankees / come again,2207,train
liquid stranger,drop sacrifice,0,0.721,0.53,1,-10.888,1,0.0352,0.00491,0.684,0.612,0.614,137.015,0,2217,liquid stranger,liquid stranger / drop sacrifice,279,validation
ty herndon,what mattered most,0,0.529,0.509,0,-8.926,1,0.0253,0.415,0.0,0.171,0.27,142.311,1,2218,ty herndon,ty herndon / what mattered most,2209,test
bacilos,sangre americana,0,0.68,0.768,5,-5.255,1,0.0466,0.412,0.0,0.231,0.909,155.951,0,2219,bacilos,bacilos / sangre americana,2210,train
4him,wings,0,0.714,0.834,1,-6.324,1,0.0816,0.154,0.00282,0.111,0.86,114.213,0,2220,4him,4him / wings,1646,validation
shakira,pienso en ti,0,0.557,0.0271,4,-14.84,1,0.0394,0.932,0.0,0.248,0.229,99.648,0,2221,shakira,shakira / pienso en ti,123,test
mike bloomfield,junko partner,0,0.546,0.43,3,-12.964,1,0.31,0.614,0.0393,0.21,0.813,81.998,0,2222,mike bloomfield,mike bloomfield / junko partner,2213,train
yg,toot it and boot it,0,0.796,0.505,7,-9.529,1,0.1,0.17,0.0,0.106,0.263,95.003,1,2223,yg,yg / toot it and boot it,2214,train
too $hort,cocktales,1,0.838,0.542,1,-6.884,0,0.0951,0.115,0.0075,0.374,0.239,87.094,1,2224,too $hort,too $hort / cocktales,322,train
jazz gillum,boar hog blues,0,0.79,0.316,9,-11.818,1,0.178,0.908,0.0866,0.0671,0.821,138.687,0,2225,jazz gillum,jazz gillum / boar hog blues,2216,validation
erick sermon,erick sermon,0,0.732,0.635,1,-9.188,1,0.349,0.0419,0.0,0.519,0.564,97.569,0,2226,erick sermon,erick sermon / erick sermon,1731,train
afi,too shy to scream,1,0.587,0.92,1,-4.486,1,0.0701,0.000985,0.000335,0.0741,0.839,95.033,0,2227,afi,afi / too shy to scream,2156,train
capleton,say yeah,0,0.75,0.903,3,-3.894,1,0.294,0.227,0.0,0.0849,0.888,95.92,0,2228,capleton,capleton / say yeah,2219,train
the forms,red gun,0,0.747,0.641,11,-8.684,1,0.0275,0.524,0.0276,0.113,0.852,108.932,0,2229,the forms,the forms / red gun,2220,validation
the chap,they have a name,0,0.867,0.568,5,-12.778,0,0.268,0.0821,2.88e-05,0.319,0.953,149.973,0,2230,the chap,the chap / they have a name,18,train
outerspace,fire and ice,0,0.496,0.625,7,-5.589,1,0.255,0.167,0.674,0.417,0.74,183.386,0,2231,outerspace,outerspace / fire and ice,1161,train
taylor swift,picture to burn,0,0.668,0.861,7,-2.03,1,0.0312,0.16,0.0,0.102,0.829,105.587,1,2232,taylor swift,taylor swift / picture to burn,250,train
brad paisley,ticks,1,0.623,0.79,4,-6.316,1,0.0283,0.0312,3.77e-05,0.106,0.718,94.433,1,2233,brad paisley,brad paisley / ticks,502,train
mims,cop it,0,0.74,0.843,6,-3.877,1,0.376,0.267,0.0,0.102,0.868,90.232,0,2234,mims,mims / cop it,2225,train
keep of kalessin,ascendant,0,0.403,0.983,8,-3.638,0,0.126,0.000689,0.000885,0.0415,0.141,114.881,0,2235,keep of kalessin,keep of kalessin / ascendant,463,train
tim exile,oh scat mix up,0,0.649,0.878,1,-3.936,1,0.271,0.00415,0.0068,0.849,0.837,141.13,0,2236,tim exile,tim exile / oh scat mix up,221,validation
atari teenage riot,revolution action,0,0.262,0.991,9,-5.965,0,0.207,0.0519,0.0323,0.376,0.0382,100.38,0,2237,atari teenage riot,atari teenage riot / revolution action,2228,train
noisettes,bridge to canada,0,0.473,0.95,2,-2.192,0,0.166,0.0213,4.62e-05,0.0742,0.465,119.766,0,2238,noisettes,noisettes / bridge to canada,2229,validation
james blunt,1973,0,0.72,0.668,9,-7.928,1,0.0269,0.0652,0.00664,0.0789,0.768,123.007,1,2239,james blunt,james blunt / 1973,2230,train
maximilian hecker,polyester,0,0.421,0.351,8,-10.497,1,0.0298,0.726,0.000895,0.126,0.068,146.163,0,2240,maximilian hecker,maximilian hecker / polyester,2231,train
stew,tomorrow gone,0,0.542,0.278,7,-9.922,1,0.041,0.78,0.0,0.109,0.5,99.934,0,2241,stew,stew / tomorrow gone,2232,train
the balustrade ensemble,fall away into darkness,0,0.0647,0.253,11,-16.681,0,0.0387,0.492,0.673,0.207,0.0351,73.932,0,2242,the balustrade ensemble,the balustrade ensemble / fall away into darkness,2233,train
the band perry,if i die young,0,0.606,0.497,4,-6.611,1,0.0277,0.348,0.0,0.275,0.362,130.739,1,2243,the band perry,the band perry / if i die young,2234,train
brokencyde,schitzo,0,0.62,0.943,4,-4.678,0,0.229,0.0253,2.75e-06,0.0569,0.282,85.014,0,2244,brokencyde,brokencyde / schitzo,2235,validation
p.m. dawn,i had no right,1,0.538,0.577,2,-10.265,1,0.029,0.368,3.36e-05,0.104,0.407,165.984,1,2245,p.m. dawn,p.m. dawn / i had no right,1860,train
faithless,six,0,0.79,0.946,5,-9.191,0,0.057,0.412,0.854,0.112,0.185,115.002,0,2246,faithless,faithless / six,1148,train
paula abdul,vibeology,1,0.722,0.758,1,-9.33,1,0.0622,0.00485,0.00246,0.0768,0.645,117.975,1,2247,paula abdul,paula abdul / vibeology,2238,train
bad religion,infected,0,0.49,0.845,9,-8.746,0,0.0344,0.00714,1.03e-05,0.0937,0.655,121.575,0,2248,bad religion,bad religion / infected,2239,validation
scott glasgow,solemn,0,0.168,0.115,8,-27.588,1,0.0402,0.651,0.815,0.0986,0.0341,108.728,0,2249,scott glasgow,scott glasgow / solemn,2240,validation
augustana,boston,0,0.404,0.571,0,-5.069,1,0.0303,0.182,2.08e-05,0.129,0.29,147.01,1,2250,augustana,augustana / boston,2241,train
kellie pickler,best days of your life,1,0.649,0.862,9,-5.12,1,0.0568,0.0235,0.0,0.0737,0.538,127.939,1,2251,kellie pickler,kellie pickler / best days of your life,2242,train
soul ballet,the cool down,0,0.764,0.629,0,-7.157,1,0.0272,0.0246,0.534,0.132,0.455,108.0,0,2252,soul ballet,soul ballet / the cool down,1752,train
depeche mode,only when i lose myself,1,0.519,0.718,8,-7.267,0,0.0315,0.0498,0.000215,0.117,0.43,86.882,1,2253,depeche mode,depeche mode / only when i lose myself,359,train
charlotte gainsbourg,tel que tu es,0,0.542,0.351,3,-11.363,0,0.0309,0.814,0.259,0.159,0.412,119.24,0,2254,charlotte gainsbourg,charlotte gainsbourg / tel que tu es,1522,test
faithless,salva mea,1,0.609,0.629,10,-9.093,0,0.0465,0.00153,0.88,0.0803,0.121,128.007,0,2255,faithless,faithless / salva mea,1148,train
zeromancer,ammonite,0,0.557,0.708,2,-6.821,1,0.0274,0.0632,0.107,0.0895,0.258,90.023,0,2256,zeromancer,zeromancer / ammonite,615,train
sugar minott,now we know,0,0.686,0.669,8,-10.655,0,0.0336,0.701,0.00256,0.328,0.896,81.961,0,2257,sugar minott,sugar minott / now we know,1742,train
the black eyed peas,boom boom pow,1,0.869,0.851,9,-6.201,1,0.0827,0.15,0.000873,0.136,0.395,130.09,1,2258,the black eyed peas,the black eyed peas / boom boom pow,925,train
fergie,fergalicious,1,0.904,0.598,8,-7.651,0,0.337,0.0568,0.0,0.111,0.785,129.055,1,2259,fergie,fergie / fergalicious,796,validation
silverchair,the door,0,0.177,0.823,7,-5.561,1,0.0604,0.000406,0.00537,0.242,0.363,184.26,0,2260,silverchair,silverchair / the door,1580,train
sofia karlsson,i denna ljuva sommartid,0,0.372,0.0999,0,-13.856,1,0.0398,0.94,1.53e-05,0.133,0.297,111.564,0,2261,sofia karlsson,sofia karlsson / i denna ljuva sommartid,332,validation
oceansize,new pin (edit),0,0.518,0.684,7,-8.336,1,0.0377,0.000476,0.248,0.0325,0.565,118.059,0,2262,oceansize,oceansize / new pin (edit),2253,train
toby keith,stays in mexico,1,0.655,0.882,9,-3.301,1,0.0724,0.148,0.0,0.303,0.718,122.945,1,2263,toby keith,toby keith / stays in mexico,270,train
jason & the scorchers,19th nervous breakdown,0,0.297,0.969,2,-4.306,1,0.063,0.00123,0.000305,0.168,0.53,176.366,0,2264,jason & the scorchers,jason & the scorchers / 19th nervous breakdown,2255,validation
cathy dennis,too many walls,1,0.714,0.621,8,-9.963,1,0.0261,0.35,3.68e-05,0.0925,0.688,98.109,1,2265,cathy dennis,cathy dennis / too many walls,2256,train
beogradski sindikat,slatke male maloletnice,0,0.881,0.642,10,-8.115,0,0.23,0.0851,0.00658,0.0868,0.249,100.028,0,2266,beogradski sindikat,beogradski sindikat / slatke male maloletnice,2257,validation
kelly clarkson,i do not hook up,1,0.502,0.938,9,-3.114,1,0.13,0.00098,0.0,0.318,0.35,144.077,1,2267,kelly clarkson,kelly clarkson / i do not hook up,1446,train
les ogres de barback,niev nietch nievitch,0,0.639,0.762,4,-5.76,0,0.0701,0.406,0.524,0.0563,0.93,137.165,0,2268,les ogres de barback,les ogres de barback / niev nietch nievitch,1049,validation
robben ford,something for the pain,0,0.73,0.676,9,-5.876,0,0.0315,0.0352,0.0313,0.262,0.513,111.846,0,2269,robben ford,robben ford / something for the pain,1118,train
atman,distant voices,0,0.654,0.38,1,-13.304,0,0.0316,0.62,0.947,0.0998,0.342,91.002,0,2270,atman,atman / distant voices,713,train
annie lennox,erased,0,0.551,0.55,5,-8.096,0,0.0269,0.159,7.19e-05,0.105,0.249,167.916,0,2271,annie lennox,annie lennox / erased,196,train
dashboard confessional,stolen,0,0.632,0.821,3,-3.974,1,0.0281,0.00223,3.22e-06,0.0501,0.366,101.589,1,2272,dashboard confessional,dashboard confessional / stolen,2013,test
steel pulse,house of love,0,0.756,0.744,1,-6.835,0,0.186,0.011,8.52e-06,0.0497,0.692,168.167,0,2273,steel pulse,steel pulse / house of love,143,validation
pat green,threadbare gypsy soul,0,0.579,0.647,9,-7.744,1,0.0295,0.137,3.75e-05,0.0665,0.425,97.679,0,2274,pat green,pat green / threadbare gypsy soul,2265,train
mithotyn,let thy ale swing,0,0.654,0.662,7,-3.667,1,0.0313,0.0909,0.792,0.356,0.521,119.744,0,2275,mithotyn,mithotyn / let thy ale swing,1790,train
scott glasgow,space station liberty,0,0.155,0.529,6,-13.549,1,0.0794,0.579,0.929,0.146,0.0594,78.799,0,2276,scott glasgow,scott glasgow / space station liberty,2240,validation
josh groban,lullaby [with ladysmith black mambazo] (album version),0,0.226,0.143,1,-15.262,1,0.0352,0.891,1.39e-06,0.15,0.252,87.981,0,2277,josh groban,josh groban / lullaby [with ladysmith black mambazo] (album version),910,test
steve vai,brother,0,0.5,0.528,5,-7.46,1,0.0305,0.534,1e-05,0.135,0.217,113.847,0,2278,steve vai,steve vai / brother,679,train
will ackerman,a movie of a placid lake on a moonless night in september - reprise,0,0.188,0.0419,4,-30.402,1,0.0462,0.918,0.904,0.0863,0.0408,185.352,0,2279,will ackerman,will ackerman / a movie of a placid lake on a moonless night in september - reprise,2270,validation
the real kids,now you know,0,0.566,0.92,4,-6.31,1,0.035,0.000414,0.0204,0.182,0.913,131.889,0,2280,the real kids,the real kids / now you know,2271,test
high school musical 3 cast,now or never,0,0.747,0.983,5,-3.883,0,0.181,0.112,0.0,0.706,0.553,114.993,1,2281,high school musical 3 cast,high school musical 3 cast / now or never,2272,validation
death from above 1979,romantic rights,0,0.516,0.961,5,-5.37,0,0.157,0.00316,0.0,0.404,0.458,150.147,0,2282,death from above 1979,death from above 1979 / romantic rights,343,train
2raumwohnung,lachen und weinen,0,0.863,0.62,1,-8.356,0,0.0565,0.0315,0.317,0.364,0.221,111.014,0,2283,2raumwohnung,2raumwohnung / lachen und weinen,2274,train
daryl braithwaite,higher than hope,0,0.705,0.635,1,-11.835,1,0.0369,0.0268,0.000518,0.104,0.599,109.99,1,2284,daryl braithwaite,daryl braithwaite / higher than hope,2275,validation
long beach dub allstars,like a dog,0,0.802,0.596,7,-7.199,1,0.0976,0.00108,0.000254,0.478,0.603,93.402,0,2285,long beach dub allstars,long beach dub allstars / like a dog,1206,train
busdriver,unemployed black astronaut,0,0.791,0.685,10,-10.021,0,0.224,0.121,0.0,0.169,0.363,92.988,0,2286,busdriver,busdriver / unemployed black astronaut,1188,train
deep forest,madazulu,0,0.654,0.879,1,-10.293,0,0.0829,0.0229,0.00428,0.0726,0.784,96.036,0,2287,deep forest,deep forest / madazulu,1009,train
backstreet boys,incomplete,1,0.437,0.589,4,-4.834,1,0.0331,0.231,0.0,0.0768,0.165,133.631,1,2288,backstreet boys,backstreet boys / incomplete,49,train
vertical horizon,best i ever had (grey sky morning),1,0.441,0.563,6,-7.274,1,0.0251,0.0141,3.69e-06,0.101,0.209,85.711,1,2289,vertical horizon,vertical horizon / best i ever had (grey sky morning),541,train
fun lovin criminals,we have all the time in the world,0,0.687,0.588,9,-8.766,1,0.0344,0.0209,0.848,0.11,0.402,91.847,0,2290,fun lovin criminals,fun lovin criminals / we have all the time in the world,2281,train
northern state,last night,0,0.896,0.756,6,-7.037,1,0.309,0.201,0.0,0.0701,0.618,97.02,0,2291,northern state,northern state / last night,2282,test
seether,careless whisper,1,0.413,0.943,2,-4.173,1,0.104,5.34e-05,0.00487,0.068,0.328,134.077,1,2292,seether,seether / careless whisper,2142,train
the black crowes,nonfiction,1,0.608,0.488,5,-7.494,0,0.0227,0.568,3.31e-06,0.114,0.516,81.74,0,2293,the black crowes,the black crowes / nonfiction,494,test
the klf,what time is love?,0,0.618,0.749,6,-9.841,1,0.0803,0.00187,9.51e-05,0.213,0.669,120.099,1,2294,the klf,the klf / what time is love?,2285,train
the balustrade ensemble,crushed pears,0,0.287,0.163,2,-25.369,1,0.0463,0.289,0.8,0.0906,0.141,139.814,0,2295,the balustrade ensemble,the balustrade ensemble / crushed pears,2233,train
obie bermudez,antes (salsa version),0,0.5,0.829,8,-5.663,1,0.0359,0.467,2.68e-06,0.238,0.784,90.001,0,2296,obie bermudez,obie bermudez / antes (salsa version),2287,train
tullycraft,loveless,0,0.688,0.5,0,-14.871,1,0.0916,0.32,0.00949,0.115,0.86,144.583,0,2297,tullycraft,tullycraft / loveless,2288,validation
kari tapio,rakkauden veteraani,0,0.554,0.564,5,-7.634,1,0.0242,0.113,0.0112,0.117,0.504,103.178,0,2298,kari tapio,kari tapio / rakkauden veteraani,2289,train
mary black,flesh and blood,0,0.74,0.581,9,-8.211,1,0.0309,0.536,0.0,0.08,0.562,120.164,0,2299,mary black,mary black / flesh and blood,2290,train
bob marley,corner stone,0,0.883,0.409,1,-10.884,1,0.14,0.00132,0.0,0.368,0.542,99.809,0,2300,bob marley,bob marley / corner stone,21,train
camron,what means the world to you,0,0.857,0.851,0,-7.851,1,0.293,0.0849,0.0,0.316,0.899,143.737,1,2301,camron,camron / what means the world to you,2292,test
gabriel yared,devon,0,0.0671,0.103,4,-18.351,0,0.0429,0.955,0.91,0.0888,0.0359,71.908,0,2302,gabriel yared,gabriel yared / devon,2293,train
montell jordan,get it on tonite,1,0.806,0.494,10,-9.973,0,0.0786,0.278,4.69e-05,0.0633,0.861,99.003,1,2303,montell jordan,montell jordan / get it on tonite,2155,train
50 cent,if i cant,0,0.877,0.64,11,-2.453,0,0.31,0.253,0.0,0.0244,0.887,93.961,1,2304,50 cent,50 cent / if i cant,241,validation
moss,winter in finland,0,0.606,0.567,11,-10.325,0,0.0312,0.0829,0.00391,0.117,0.33,120.067,0,2305,moss,moss / winter in finland,723,train
ten madison,leaving melbourne,0,0.625,0.715,4,-8.195,0,0.0485,0.187,0.928,0.108,0.381,133.342,0,2306,ten madison,ten madison / leaving melbourne,591,test
bone thugs-n-harmony,2 glocks,1,0.897,0.555,1,-5.6,0,0.147,0.0103,5.41e-06,0.0857,0.818,94.056,0,2307,bone thugs-n-harmony,bone thugs-n-harmony / 2 glocks,576,train
vuneny,curse of sound (dub mix),0,0.307,0.784,8,-8.32,1,0.0373,0.000427,0.893,0.149,0.418,99.963,0,2308,vuneny,vuneny / curse of sound (dub mix),2299,train
shedaisy,come home soon,1,0.279,0.431,10,-6.926,1,0.032,0.658,0.0,0.101,0.257,183.18,1,2309,shedaisy,shedaisy / come home soon,218,train
epmd / nocturnal,dungeon master,0,0.641,0.786,6,-6.965,1,0.32,0.00661,0.0,0.0917,0.282,90.395,0,2310,epmd / nocturnal,epmd / nocturnal / dungeon master,2301,train
pennywise,lies,0,0.385,0.988,11,-4.11,0,0.0845,0.00029,0.0116,0.364,0.615,180.18,0,2311,pennywise,pennywise / lies,1737,train
lonestar,youre like comin home,1,0.625,0.698,1,-6.375,1,0.029,0.066,0.0,0.116,0.36,116.028,1,2312,lonestar,lonestar / youre like comin home,892,validation
jonas brothers,paranoid,1,0.635,0.848,10,-4.482,1,0.041,0.00121,0.0,0.13,0.757,120.993,1,2313,jonas brothers,jonas brothers / paranoid,485,validation
amorphis,into hiding,0,0.249,0.755,8,-9.505,0,0.0381,1.5e-06,0.939,0.0544,0.244,129.394,0,2314,amorphis,amorphis / into hiding,730,train
bert kaempfert,happy safari,0,0.72,0.56,7,-8.365,1,0.0297,0.363,0.426,0.114,0.717,98.668,0,2315,bert kaempfert,bert kaempfert / happy safari,2306,train
lady saw,bare as you dare,0,0.632,0.607,11,-11.852,1,0.469,0.235,0.0,0.0797,0.776,194.102,0,2316,lady saw,lady saw / bare as you dare,995,train
u2,sweetest thing,0,0.521,0.651,0,-8.999,1,0.0516,0.0404,1.32e-05,0.16,0.512,141.612,1,2317,u2,u2 / sweetest thing,144,train
eric burdon,ghetto child,0,0.242,0.519,9,-15.436,1,0.0522,0.287,0.00678,0.115,0.427,180.739,0,2318,eric burdon,eric burdon / ghetto child,1436,train
colombiafrica - the mystic orchestra,sambangole / tres golpes na mas,0,0.35,0.743,0,-7.478,1,0.0564,0.00361,0.0645,0.387,0.586,93.309,0,2319,colombiafrica - the mystic orchestra,colombiafrica - the mystic orchestra / sambangole / tres golpes na mas,2310,train
rihanna,breakin dishes,1,0.801,0.674,8,-4.185,0,0.0311,0.000282,0.000139,0.0914,0.875,125.009,0,2320,rihanna,rihanna / breakin dishes,1236,validation
95 south,"whoot, there it is",0,0.783,0.498,7,-14.387,1,0.0556,0.0157,0.245,0.456,0.519,132.952,1,2321,95 south,"95 south / whoot, there it is",2312,validation
charlie byrd,speak low,0,0.639,0.214,1,-24.009,0,0.049,0.742,0.869,0.101,0.678,133.879,0,2322,charlie byrd,charlie byrd / speak low,2107,train
kelly clarkson,cry,1,0.475,0.771,10,-3.777,1,0.0335,0.00276,0.0,0.126,0.147,142.219,0,2323,kelly clarkson,kelly clarkson / cry,1446,train
james horner,the stranger,0,0.275,0.0441,2,-30.517,0,0.0333,0.838,0.624,0.113,0.0771,94.917,0,2324,james horner,james horner / the stranger,2315,test
wilshire,when,0,0.498,0.72,10,-3.841,1,0.0321,0.0293,0.0,0.107,0.31,126.496,0,2325,wilshire,wilshire / when,1877,train
the black crowes,good morning captain,1,0.318,0.565,7,-12.21,1,0.0358,0.223,0.0,0.715,0.463,131.953,0,2326,the black crowes,the black crowes / good morning captain,494,test
tiny tim,you called it madness [but i call it love] [live at royal albert hall],0,0.137,0.369,7,-14.382,0,0.052,0.51,0.000368,0.325,0.221,50.563,0,2327,tiny tim,tiny tim / you called it madness [but i call it love] [live at royal albert hall],1874,train
heaven 17,we blame love,0,0.559,0.902,7,-7.997,1,0.395,0.231,0.0,0.949,0.223,132.927,0,2328,heaven 17,heaven 17 / we blame love,2319,train
brian mcknight,love of my life,1,0.597,0.439,6,-7.364,1,0.0281,0.13,1.35e-05,0.11,0.349,61.904,1,2329,brian mcknight,brian mcknight / love of my life,2320,train
5th ward boyz,ghetto curse words (chopped&screwed),0,0.893,0.395,1,-10.094,0,0.485,0.0964,0.000143,0.344,0.505,143.015,0,2330,5th ward boyz,5th ward boyz / ghetto curse words (chopped&screwed),159,test
heavenly,over and over,0,0.327,0.682,7,-11.215,1,0.0354,0.000351,0.00267,0.424,0.833,173.984,0,2331,heavenly,heavenly / over and over,667,train
taylor swift,the other side of the door,1,0.515,0.815,4,-4.259,1,0.0349,0.223,0.0,0.245,0.498,81.921,1,2332,taylor swift,taylor swift / the other side of the door,250,train
the rapture,the devil,0,0.638,0.777,1,-6.372,1,0.0283,2.78e-06,0.102,0.176,0.437,119.853,0,2333,the rapture,the rapture / the devil,2324,train
rascal flatts,here comes goodbye,1,0.425,0.596,2,-5.909,1,0.0356,0.407,0.0,0.147,0.214,145.977,1,2334,rascal flatts,rascal flatts / here comes goodbye,252,train
red hot chili peppers,tell me baby,1,0.695,0.993,0,-3.102,1,0.0614,0.00194,0.00217,0.0877,0.28,107.933,1,2335,red hot chili peppers,red hot chili peppers / tell me baby,82,train
big dee irwin,swinging on a star,0,0.786,0.771,10,-7.031,1,0.0361,0.742,0.0,0.243,0.901,108.169,0,2336,big dee irwin,big dee irwin / swinging on a star,2327,train
gang starr,mass appeal,0,0.808,0.726,10,-8.435,0,0.252,0.0208,0.276,0.129,0.616,96.12,1,2337,gang starr,gang starr / mass appeal,2328,train
afi,affliction,0,0.265,0.891,8,-5.486,0,0.0596,0.000412,0.022,0.324,0.355,104.557,0,2338,afi,afi / affliction,2156,train
basic channel,radiance i,0,0.369,0.456,1,-16.959,0,0.156,0.573,0.903,0.296,0.359,84.41,0,2339,basic channel,basic channel / radiance i,984,train
lisa stansfield,"never, never gonna give you up",0,0.584,0.827,4,-5.43,0,0.0657,0.0645,1.91e-05,0.56,0.657,84.787,1,2340,lisa stansfield,"lisa stansfield / never, never gonna give you up",2331,train
kekele,affaire mokuwa,0,0.703,0.802,11,-4.771,0,0.033,0.786,0.000802,0.547,0.946,133.202,0,2341,kekele,kekele / affaire mokuwa,2332,train
martin sexton,things you do to me,0,0.748,0.771,1,-9.164,1,0.118,0.0433,0.000127,0.975,0.642,103.219,0,2342,martin sexton,martin sexton / things you do to me,1626,test
trick trick / obie trice,war,0,0.881,0.573,10,-7.143,0,0.543,0.0107,2.78e-05,0.179,0.249,90.053,0,2343,trick trick / obie trice,trick trick / obie trice / war,2334,train
the cure,mint car,0,0.602,0.945,2,-3.293,1,0.0623,0.0663,0.0,0.386,0.761,143.844,1,2344,the cure,the cure / mint car,455,train
joe satriani,just like lightnin,0,0.587,0.633,0,-5.791,1,0.0343,0.00127,0.507,0.108,0.36,191.834,0,2345,joe satriani,joe satriani / just like lightnin,2336,train
aiden,killing machine,0,0.529,0.98,2,-4.871,0,0.167,0.000137,3.46e-05,0.467,0.221,103.943,0,2346,aiden,aiden / killing machine,1004,train
shakira,she wolf,0,0.865,0.69,7,-7.448,1,0.0444,0.289,0.0138,0.225,0.868,121.983,1,2347,shakira,shakira / she wolf,123,test
stevie ray vaughan and double trouble,empty arms,0,0.347,0.78,1,-10.823,0,0.112,0.00525,0.00465,0.299,0.669,147.855,0,2348,stevie ray vaughan and double trouble,stevie ray vaughan and double trouble / empty arms,596,train
carpenters,an old fashioned christmas,0,0.136,0.111,10,-20.732,1,0.0381,0.962,0.00263,0.157,0.0749,54.218,0,2349,carpenters,carpenters / an old fashioned christmas,2340,validation
mary black,turning away,0,0.659,0.489,0,-9.283,0,0.0327,0.214,6.07e-05,0.105,0.338,163.479,0,2350,mary black,mary black / turning away,2290,train
isyss,single for the rest of my life,0,0.721,0.717,6,-8.095,1,0.0394,0.0796,0.00411,0.334,0.805,147.655,1,2351,isyss,isyss / single for the rest of my life,2342,train
sylvia tosun,head over heels,0,0.666,0.747,1,-7.948,1,0.0356,0.000438,0.051,0.637,0.688,125.794,0,2352,sylvia tosun,sylvia tosun / head over heels,2343,train
keb mo,dangerous mood,0,0.627,0.538,5,-9.094,0,0.0344,0.0076,0.00279,0.132,0.352,106.691,0,2353,keb mo,keb mo / dangerous mood,86,validation
maurane / lara fabian,mais la vie,0,0.273,0.262,0,-12.198,0,0.0387,0.84,0.0,0.144,0.316,77.911,0,2354,maurane / lara fabian,maurane / lara fabian / mais la vie,2345,train
skeeter davis,am i that easy to forget,0,0.557,0.236,11,-10.209,1,0.0251,0.876,4.49e-06,0.27,0.519,80.725,0,2355,skeeter davis,skeeter davis / am i that easy to forget,2346,train
luther vandross,take you out,1,0.752,0.575,8,-5.254,1,0.0549,0.077,0.0,0.125,0.569,86.004,1,2356,luther vandross,luther vandross / take you out,112,train
r.e.m.,strange currencies,0,0.334,0.582,0,-7.196,1,0.0306,0.144,0.0153,0.255,0.387,182.726,1,2357,r.e.m.,r.e.m. / strange currencies,2348,validation
paul avgerinos,in my heart,0,0.0706,0.0668,4,-26.717,1,0.0487,0.976,0.978,0.108,0.0279,76.312,0,2358,paul avgerinos,paul avgerinos / in my heart,1153,validation
fu-schnickens,heavenly father,0,0.855,0.519,10,-16.082,0,0.175,0.0319,0.81,0.345,0.35,102.781,0,2359,fu-schnickens,fu-schnickens / heavenly father,1282,train
soul ballet,da da diamonds,0,0.796,0.681,9,-7.236,0,0.0364,0.0543,0.0205,0.0928,0.418,106.005,0,2360,soul ballet,soul ballet / da da diamonds,1752,train
anne dudley,victims of the occupation,0,0.221,0.142,1,-17.122,0,0.0356,0.963,0.883,0.093,0.037,60.237,0,2361,anne dudley,anne dudley / victims of the occupation,2352,test
memphis jug band,memphis jug,0,0.661,0.528,2,-13.164,1,0.0435,0.818,0.501,0.22,0.968,120.72,0,2362,memphis jug band,memphis jug band / memphis jug,2353,train
tum tum,eat or get ate,0,0.695,0.79,11,-3.285,0,0.205,0.014,0.0,0.103,0.697,144.451,0,2363,tum tum,tum tum / eat or get ate,2354,validation
naughty by nature,ring the alarm,1,0.645,0.808,7,-7.068,1,0.374,0.0778,0.0,0.121,0.728,89.003,0,2364,naughty by nature,naughty by nature / ring the alarm,801,test
g unit,stunt 101,0,0.694,0.778,4,-1.492,1,0.395,0.167,0.0,0.065,0.518,95.475,1,2365,g unit,g unit / stunt 101,2356,validation
ma rainey,night time blues,0,0.541,0.322,10,-10.32,1,0.0328,0.995,0.25,0.154,0.605,85.821,0,2366,ma rainey,ma rainey / night time blues,2357,train
ashlee simpson,shadow,0,0.445,0.73,0,-3.823,1,0.0286,0.0418,1.49e-05,0.0983,0.346,77.911,1,2367,ashlee simpson,ashlee simpson / shadow,468,train
glee cast featuring gwyneth paltrow,singing in the rain / umbrella,0,0.596,0.74,0,-5.552,1,0.0486,0.00724,0.0,0.357,0.527,88.938,1,2368,glee cast featuring gwyneth paltrow,glee cast featuring gwyneth paltrow / singing in the rain / umbrella,860,validation
jesse malin,harmony,0,0.562,0.695,1,-7.05,1,0.0349,0.0221,0.000327,0.247,0.361,139.082,0,2369,jesse malin,jesse malin / harmony,628,test
nas,one mic,1,0.783,0.608,0,-5.742,0,0.361,0.0574,0.0,0.102,0.429,91.672,1,2370,nas,nas / one mic,519,train
anti-flag,tearing everyone down,0,0.484,0.988,1,-3.227,0,0.0467,0.0295,1.2e-05,0.221,0.564,109.456,0,2371,anti-flag,anti-flag / tearing everyone down,1200,train
kaizers orchestra,container,0,0.509,0.79,1,-4.375,0,0.0557,0.0148,0.0,0.169,0.787,137.982,0,2372,kaizers orchestra,kaizers orchestra / container,2363,train
martin sexton,ice cream man,0,0.628,0.659,8,-8.664,0,0.0728,0.0416,0.000554,0.977,0.42,133.811,0,2373,martin sexton,martin sexton / ice cream man,1626,test
lil suzy,promise me,1,0.727,0.657,5,-9.577,0,0.0359,0.000203,0.00114,0.0984,0.309,126.011,1,2374,lil suzy,lil suzy / promise me,638,train
mint condition,u send me swingin,0,0.602,0.583,6,-5.886,0,0.0291,0.145,0.0,0.166,0.369,144.029,1,2375,mint condition,mint condition / u send me swingin,2366,test
hank locklin,let me be the one,0,0.651,0.569,7,-10.222,1,0.0435,0.639,0.0,0.287,0.716,108.678,0,2376,hank locklin,hank locklin / let me be the one,2367,train
dmx,stop being greedy,0,0.724,0.719,10,-5.891,0,0.183,0.0119,0.0,0.153,0.146,101.509,1,2377,dmx,dmx / stop being greedy,2137,validation
nightfall,death of neira,0,0.487,0.911,9,-5.353,0,0.0472,7.57e-06,0.192,0.459,0.356,122.039,0,2378,nightfall,nightfall / death of neira,1689,test
seven mary three,cumbersome,0,0.543,0.79,11,-5.932,1,0.0358,0.00811,0.0,0.238,0.339,80.923,1,2379,seven mary three,seven mary three / cumbersome,551,validation
99 posse,rafaniello,0,0.804,0.586,7,-12.546,1,0.0543,0.00667,0.00434,0.0626,0.619,101.865,0,2380,99 posse,99 posse / rafaniello,236,train
mariah carey,make it happen,1,0.811,0.53,2,-8.537,0,0.0355,0.0067,0.0285,0.0801,0.75,107.853,1,2381,mariah carey,mariah carey / make it happen,225,train
josh groban,mai [live],0,0.444,0.592,9,-6.144,1,0.0423,0.387,0.000465,0.967,0.261,126.072,0,2382,josh groban,josh groban / mai [live],910,test
john michael montgomery,be my baby tonight,0,0.634,0.774,9,-7.651,1,0.0384,0.226,2.16e-05,0.397,0.927,156.828,1,2383,john michael montgomery,john michael montgomery / be my baby tonight,1013,train
u2,40,0,0.272,0.684,8,-9.728,1,0.0505,0.0998,0.0145,0.946,0.279,143.079,0,2384,u2,u2 / 40,144,train
call to preserve,hindsight,0,0.381,0.981,10,-1.9,0,0.237,7.72e-05,0.000812,0.354,0.625,103.401,0,2385,call to preserve,call to preserve / hindsight,1715,train
andy & lucas,dime si me quieres,0,0.613,0.926,2,-4.364,1,0.157,0.139,0.0,0.0909,0.625,97.306,0,2386,andy & lucas,andy & lucas / dime si me quieres,120,test
montell jordan,this is how we do it,0,0.799,0.63,0,-9.279,1,0.0748,0.0159,0.0,0.453,0.772,103.647,1,2387,montell jordan,montell jordan / this is how we do it,2155,train
def leppard,stand up (kick love into motion),1,0.403,0.793,9,-8.594,1,0.0383,0.0243,2.55e-05,0.0631,0.79,206.053,1,2388,def leppard,def leppard / stand up (kick love into motion),1655,train
david banner,bush,0,0.78,0.857,6,-3.311,1,0.337,0.0521,0.0,0.103,0.919,149.081,0,2389,david banner,david banner / bush,616,validation
coolio,too hot,0,0.845,0.407,7,-14.983,1,0.203,0.089,0.00985,0.222,0.576,102.598,1,2390,coolio,coolio / too hot,2381,train
yeah yeah yeahs,maps,0,0.502,0.94,7,-5.178,1,0.084,0.000413,0.542,0.553,0.144,119.762,1,2391,yeah yeah yeahs,yeah yeah yeahs / maps,2382,validation
vince gill,tryin to get over you,0,0.569,0.36,2,-10.558,1,0.0279,0.63,8.92e-06,0.144,0.196,60.491,1,2392,vince gill,vince gill / tryin to get over you,2383,train
peggy zina,o hiroteros ehthros mou,0,0.698,0.742,7,-6.19,0,0.0408,0.46,0.0,0.0512,0.887,95.913,0,2393,peggy zina,peggy zina / o hiroteros ehthros mou,2384,validation
bombay rockers,rock tha party,0,0.831,0.728,8,-4.625,1,0.0459,0.0865,0.0,0.113,0.896,109.977,0,2394,bombay rockers,bombay rockers / rock tha party,2385,test
esa pakarinen,miina ja mikko markkinoilla,0,0.705,0.317,7,-12.447,1,0.46,0.636,0.0,0.0633,0.929,178.465,0,2395,esa pakarinen,esa pakarinen / miina ja mikko markkinoilla,2386,train
shanadoo,king kong,0,0.804,0.844,5,-6.372,0,0.0471,0.00794,0.557,0.0418,0.773,139.974,0,2396,shanadoo,shanadoo / king kong,2387,test
maroon 5,give a little more,1,0.753,0.824,0,-4.301,1,0.0385,0.000937,0.00018,0.141,0.937,117.95,1,2397,maroon 5,maroon 5 / give a little more,737,train
alan jackson,drive (for daddy gene),1,0.709,0.61,11,-7.206,1,0.0434,0.317,0.0,0.102,0.475,125.189,1,2398,alan jackson,alan jackson / drive (for daddy gene),594,validation
the killers,all these things that ive done,0,0.558,0.74,6,-6.22,1,0.0448,0.00192,8.97e-06,0.129,0.217,118.293,1,2399,the killers,the killers / all these things that ive done,93,train
milieu,blackwood moth,0,0.708,0.286,10,-13.724,1,0.143,0.0112,0.87,0.138,0.736,174.06,0,2400,milieu,milieu / blackwood moth,2391,train
organized konfusion,hate,0,0.844,0.475,11,-9.027,1,0.414,0.00503,0.0,0.19,0.658,88.107,0,2401,organized konfusion,organized konfusion / hate,2392,test
avril - remix by ana rago,the date (remix by ana rago),0,0.303,0.243,6,-17.821,1,0.0447,0.812,0.0,0.294,0.238,116.863,0,2402,avril - remix by ana rago,avril - remix by ana rago / the date (remix by ana rago),2393,test
ancient astronauts,crescent moon,0,0.532,0.335,10,-7.361,0,0.0611,0.186,0.863,0.317,0.109,136.064,0,2403,ancient astronauts,ancient astronauts / crescent moon,2394,train
john mayer,waiting on the world to change,1,0.577,0.756,2,-5.82,1,0.115,0.159,0.000232,0.249,0.663,176.75,1,2404,john mayer,john mayer / waiting on the world to change,2395,train
smokey robinson,double good everything,0,0.771,0.597,8,-8.696,1,0.0347,0.284,7.09e-05,0.0548,0.875,119.972,1,2405,smokey robinson,smokey robinson / double good everything,2396,validation
selena gomez,tell me something i dont know,0,0.703,0.939,7,-3.314,0,0.177,0.116,0.0,0.0508,0.917,145.024,1,2406,selena gomez,selena gomez / tell me something i dont know,2397,train
dinosaur jr.,been there all the time,0,0.177,0.97,9,-3.168,1,0.202,0.00326,4.52e-06,0.059,0.192,162.366,0,2407,dinosaur jr.,dinosaur jr. / been there all the time,2398,train
sick of it all,sanctuary,0,0.337,0.999,10,-2.622,1,0.191,4.14e-06,0.000247,0.115,0.344,96.107,0,2408,sick of it all,sick of it all / sanctuary,369,train
kane,all i can do,0,0.266,0.317,8,-8.912,1,0.0416,0.111,0.000238,0.137,0.169,184.326,0,2409,kane,kane / all i can do,2400,train
destinys child,lose my breath,1,0.814,0.899,1,-5.958,1,0.0637,0.00727,0.219,0.0979,0.545,119.011,1,2410,destinys child,destinys child / lose my breath,678,test
firehouse,talk of the town,0,0.656,0.747,1,-8.098,1,0.0316,4.11e-05,0.192,0.139,0.958,119.428,0,2411,firehouse,firehouse / talk of the town,285,test
inner circle,"bad boys (theme from cops"")""",0,0.781,0.722,7,-8.376,1,0.0668,0.236,0.00042,0.077,0.532,87.862,1,2412,inner circle,"inner circle / bad boys (theme from cops"")""",2403,train
mudhoney,the money will roll right in,0,0.196,0.886,9,-3.85,0,0.0593,2.75e-05,0.866,0.891,0.52,69.82,0,2413,mudhoney,mudhoney / the money will roll right in,942,train
novika,common tear,0,0.73,0.52,0,-9.246,1,0.031,0.122,0.0141,0.111,0.451,100.014,0,2414,novika,novika / common tear,2405,validation
syl johnson,diamond in the rough,0,0.747,0.624,4,-7.998,0,0.0537,0.65,0.0161,0.0465,0.604,144.568,0,2415,syl johnson,syl johnson / diamond in the rough,2406,test
arrested development,since the last time,1,0.7,0.669,1,-6.312,1,0.242,0.0395,4.02e-06,0.127,0.597,177.916,0,2416,arrested development,arrested development / since the last time,2407,train
amil,get down,0,0.687,0.728,7,-7.125,1,0.0616,0.0026,0.000143,0.186,0.509,90.898,0,2417,amil,amil / get down,1850,train
jesse mccartney,right where you want me,0,0.706,0.548,4,-4.818,0,0.0294,0.00284,7.38e-05,0.0474,0.706,98.995,1,2418,jesse mccartney,jesse mccartney / right where you want me,2409,train
third eye blind,semi-charmed life,0,0.64,0.864,7,-6.576,1,0.0315,0.00832,0.0,0.123,0.7,102.026,1,2419,third eye blind,third eye blind / semi-charmed life,856,train
mxpx,time will tell,0,0.553,0.938,7,-3.78,0,0.104,0.00244,0.355,0.0647,0.322,100.474,0,2420,mxpx,mxpx / time will tell,301,validation
avril lavigne,innocence,1,0.389,0.71,1,-3.664,0,0.0343,0.146,0.0,0.202,0.34,137.752,0,2421,avril lavigne,avril lavigne / innocence,936,train
fantasia,truth is,0,0.707,0.451,11,-10.38,1,0.0761,0.309,0.0,0.0524,0.616,73.209,1,2422,fantasia,fantasia / truth is,2413,train
inhume,inhume,0,0.178,0.975,6,-4.39,0,0.0875,1.18e-06,0.958,0.0691,0.0355,111.023,0,2423,inhume,inhume / inhume,1747,train
aesop rock,limelighters (feat. camp lo) / flunkadelic interlude,0,0.544,0.721,10,-7.722,0,0.84,0.18,0.0,0.232,0.723,86.332,0,2424,aesop rock,aesop rock / limelighters (feat. camp lo) / flunkadelic interlude,1020,validation
bill laswell,digitaria,0,0.522,0.963,2,-9.583,1,0.111,0.0111,0.892,0.0859,0.521,172.914,0,2425,bill laswell,bill laswell / digitaria,2416,train
various production,bside,0,0.578,0.552,1,-16.853,1,0.0558,0.00117,0.676,0.272,0.707,75.985,0,2426,various production,various production / bside,1197,train
jazzy jeff & the fresh prince,im looking for the one (to be with me),0,0.766,0.839,1,-3.338,1,0.173,0.00729,0.0,0.319,0.675,97.394,1,2427,jazzy jeff & the fresh prince,jazzy jeff & the fresh prince / im looking for the one (to be with me),2418,test
dangelo,cruisin,1,0.407,0.525,11,-12.725,0,0.166,0.381,0.000452,0.0816,0.329,74.34,1,2428,dangelo,dangelo / cruisin,357,test
cassidy,im a hustla,0,0.727,0.913,8,-5.571,0,0.306,0.283,0.0,0.527,0.618,90.985,1,2429,cassidy,cassidy / im a hustla,2420,validation
u2,discotheque,1,0.581,0.825,4,-9.689,0,0.0373,0.000859,0.095,0.11,0.663,120.362,1,2430,u2,u2 / discotheque,144,train
theory of a deadman,all or nothing,0,0.419,0.785,10,-4.483,0,0.0313,0.0289,0.0,0.0799,0.332,152.053,1,2431,theory of a deadman,theory of a deadman / all or nothing,2422,train
five for fighting,superman (its not easy),0,0.382,0.416,0,-9.303,1,0.0302,0.0733,0.0,0.0719,0.125,102.089,1,2432,five for fighting,five for fighting / superman (its not easy),2125,train
velvet revolver,fall to pieces,0,0.464,0.887,6,-4.65,1,0.0499,0.000429,0.333,0.126,0.23,132.759,1,2433,velvet revolver,velvet revolver / fall to pieces,2424,train
leona naess,star signs,0,0.474,0.232,4,-13.58,1,0.0408,0.737,5.85e-06,0.155,0.265,130.643,0,2434,leona naess,leona naess / star signs,2087,train
black eyed peas / les nubians / mos def,on my own,0,0.697,0.677,7,-6.702,1,0.325,0.069,0.000197,0.123,0.386,94.923,0,2435,black eyed peas / les nubians / mos def,black eyed peas / les nubians / mos def / on my own,2426,train
inspiral carpets,party in the sky,0,0.418,0.472,7,-11.492,1,0.0295,2.59e-05,0.579,0.109,0.583,93.287,0,2436,inspiral carpets,inspiral carpets / party in the sky,1201,train
slackbaba,and the beat goes om,0,0.356,0.646,8,-11.852,1,0.0454,0.022,0.76,0.108,0.147,169.956,0,2437,slackbaba,slackbaba / and the beat goes om,2428,validation
hannah montana,youll always find your way back home,1,0.577,0.906,8,-3.673,1,0.0583,0.0304,0.0,0.189,0.692,152.946,1,2438,hannah montana,hannah montana / youll always find your way back home,33,validation
house of pain,on point,1,0.814,0.537,1,-10.198,1,0.0691,0.0464,0.000319,0.0928,0.556,104.21,1,2439,house of pain,house of pain / on point,2430,train
africando all stars,mopao,0,0.671,0.666,0,-8.114,1,0.0426,0.637,0.00181,0.0918,0.933,167.666,0,2440,africando all stars,africando all stars / mopao,2431,validation
shinedown,second chance,1,0.46,0.796,0,-4.501,0,0.0333,0.00107,0.0,0.106,0.182,100.011,1,2441,shinedown,shinedown / second chance,912,test
next,butta love,0,0.735,0.441,1,-8.412,0,0.0407,0.0972,0.0,0.0967,0.591,108.015,1,2442,next,next / butta love,2433,train
flutlicht,ahmea,0,0.431,0.993,8,-5.814,1,0.0876,0.000931,0.772,0.126,0.318,140.999,0,2443,flutlicht,flutlicht / ahmea,2434,train
lighter shade of brown,homies,0,0.786,0.396,1,-14.489,1,0.312,0.233,0.000912,0.124,0.376,193.5,1,2444,lighter shade of brown,lighter shade of brown / homies,2435,train
bloc party,zephyrus,0,0.639,0.72,10,-7.318,0,0.349,0.0618,0.00107,0.0802,0.527,160.018,0,2445,bloc party,bloc party / zephyrus,2436,train
u2,the fly,1,0.507,0.934,11,-8.888,0,0.0553,3.52e-05,0.0253,0.161,0.417,108.345,1,2446,u2,u2 / the fly,144,train
dean martin,pennies from heaven,0,0.256,0.102,8,-13.863,1,0.0313,0.95,0.000282,0.208,0.232,62.594,0,2447,dean martin,dean martin / pennies from heaven,2438,train
glee cast,one love (people get ready),1,0.719,0.521,10,-5.661,1,0.0696,0.275,0.0,0.11,0.828,80.534,1,2448,glee cast,glee cast / one love (people get ready),57,train
aesop rock,n.y. electric / hunter interlude,0,0.474,0.743,6,-9.586,1,0.545,0.252,0.0,0.905,0.776,80.79,0,2449,aesop rock,aesop rock / n.y. electric / hunter interlude,1020,validation
joe public,live and learn,0,0.745,0.891,11,-9.464,0,0.0746,0.0867,0.0,0.124,0.654,106.641,1,2450,joe public,joe public / live and learn,2441,train
cockney rejects,big time charlie,0,0.242,0.954,9,-2.971,1,0.0757,0.0288,1.75e-06,0.102,0.578,168.313,0,2451,cockney rejects,cockney rejects / big time charlie,721,train
el gran combo de puerto rico,no hay manera,0,0.832,0.627,7,-6.538,0,0.0494,0.561,0.0,0.115,0.95,96.147,0,2452,el gran combo de puerto rico,el gran combo de puerto rico / no hay manera,2443,train
backstreet boys,pda,1,0.798,0.84,6,-6.559,0,0.0879,0.00518,0.0,0.142,0.867,122.958,0,2453,backstreet boys,backstreet boys / pda,49,train
zombiesuckers,the nightmare begins,0,0.123,0.122,1,-22.049,1,0.034,0.686,0.904,0.152,0.0384,69.854,0,2454,zombiesuckers,zombiesuckers / the nightmare begins,2445,train
outkast,ms. jackson,1,0.843,0.805,4,-5.946,0,0.269,0.142,0.0,0.0771,0.615,94.946,1,2455,outkast,outkast / ms. jackson,293,test
tlc,waterfalls,0,0.77,0.505,1,-7.345,1,0.0828,0.311,7.4e-05,0.0777,0.757,171.798,1,2456,tlc,tlc / waterfalls,782,train
joe nichols,tequila makes her clothes fall off,1,0.658,0.776,2,-5.651,1,0.0308,0.184,1.52e-06,0.0888,0.731,93.941,1,2457,joe nichols,joe nichols / tequila makes her clothes fall off,329,train
the clark family experience,meanwhile back at the ranch,0,0.625,0.574,7,-12.122,1,0.0256,0.213,1.36e-05,0.451,0.696,94.743,1,2458,the clark family experience,the clark family experience / meanwhile back at the ranch,2449,train
snowgoons,platoon goons,0,0.604,0.902,5,-4.382,0,0.343,0.00488,0.0,0.38,0.436,96.002,0,2459,snowgoons,snowgoons / platoon goons,879,test
juana molina,micael,0,0.512,0.522,7,-11.499,0,0.0278,0.778,0.461,0.0997,0.254,123.074,0,2460,juana molina,juana molina / micael,462,train
roger sanchez,lost,0,0.707,0.747,0,-7.203,0,0.0351,0.0194,0.08,0.0926,0.566,127.983,0,2461,roger sanchez,roger sanchez / lost,2452,test
dwight yoakam,fast as you,0,0.628,0.801,4,-7.926,1,0.0282,0.000479,0.0897,0.396,0.843,125.954,1,2462,dwight yoakam,dwight yoakam / fast as you,2453,test
unearth,crow killer,0,0.154,0.942,7,-5.09,1,0.103,8.44e-06,0.0832,0.0738,0.477,177.706,0,2463,unearth,unearth / crow killer,2454,train
nas,got ur self a...,1,0.699,0.869,11,-4.263,0,0.238,0.0118,0.0,0.0982,0.616,93.612,1,2464,nas,nas / got ur self a...,519,train
cross country,a fall song,0,0.366,0.361,9,-11.132,1,0.0306,0.725,0.00055,0.102,0.337,127.742,0,2465,cross country,cross country / a fall song,633,test
kelly rowland,cant nobody,1,0.797,0.791,6,-6.134,1,0.177,0.0311,0.0239,0.139,0.964,97.373,1,2466,kelly rowland,kelly rowland / cant nobody,1943,train
curtis,superstar dog,0,0.812,0.875,10,-11.115,0,0.0452,0.0202,0.878,0.0613,0.912,113.87,0,2467,curtis,curtis / superstar dog,2458,test
69 boyz,tootsee roll,0,0.869,0.725,9,-12.507,0,0.256,0.0453,0.0,0.203,0.699,132.989,1,2468,69 boyz,69 boyz / tootsee roll,2459,train
bullet for my valentine,suffocating under words of sorrow (what can i do),0,0.397,0.978,7,-2.256,0,0.133,0.000718,1.47e-06,0.212,0.552,93.538,0,2469,bullet for my valentine,bullet for my valentine / suffocating under words of sorrow (what can i do),2105,test
finntroll,grottans barn,0,0.4,0.913,7,-6.91,1,0.0383,4.78e-06,0.64,0.297,0.689,150.056,0,2470,finntroll,finntroll / grottans barn,283,train
tiny bradshaw,well oh well,0,0.718,0.858,8,-5.97,1,0.111,0.579,0.0,0.114,0.844,106.313,0,2471,tiny bradshaw,tiny bradshaw / well oh well,2462,test
silverchair,cicada,0,0.272,0.898,9,-5.971,1,0.0512,6.26e-05,0.000155,0.0955,0.364,122.156,0,2472,silverchair,silverchair / cicada,1580,train
the forms,innizar,0,0.237,0.582,2,-8.348,1,0.0344,0.000784,0.00184,0.112,0.283,91.09,0,2473,the forms,the forms / innizar,2220,validation
kem,i cant stop loving you,0,0.7,0.297,3,-9.99,0,0.0459,0.72,3.35e-06,0.125,0.143,141.171,1,2474,kem,kem / i cant stop loving you,2465,test
rise against,drones,0,0.524,0.995,8,-3.717,1,0.054,0.000111,4.91e-06,0.0561,0.427,104.683,0,2475,rise against,rise against / drones,806,test
wolfmother,cosmonaut,0,0.249,0.86,9,-4.032,1,0.0397,4.05e-05,0.0133,0.248,0.206,136.559,0,2476,wolfmother,wolfmother / cosmonaut,826,train
ryandan,wind beneath my wings,0,0.253,0.281,8,-8.051,1,0.0323,0.926,9.7e-05,0.112,0.108,142.513,0,2477,ryandan,ryandan / wind beneath my wings,2468,train
orbital,forever,0,0.621,0.596,9,-13.363,0,0.0378,0.0617,0.212,0.587,0.348,131.996,0,2478,orbital,orbital / forever,127,validation
janet jackson,hold on baby,1,0.0,0.578,9,-35.078,0,0.0,0.0591,0.967,0.5,0.0,0.0,0,2479,janet jackson,janet jackson / hold on baby,275,train
shakira,loba,0,0.853,0.706,7,-7.598,1,0.045,0.403,0.0467,0.0751,0.778,121.99,0,2480,shakira,shakira / loba,123,test
maximilian hecker,sleepy lad,0,0.48,0.357,7,-13.146,1,0.0274,0.911,0.869,0.0654,0.301,76.981,0,2481,maximilian hecker,maximilian hecker / sleepy lad,2231,train
lily allen,u killed it,0,0.645,0.647,4,-6.194,0,0.0342,0.0504,6.9e-05,0.0672,0.605,77.999,0,2482,lily allen,lily allen / u killed it,2473,train
babylon disco,error,0,0.257,0.797,10,-11.055,0,0.11,0.000142,0.893,0.527,0.0649,179.966,0,2483,babylon disco,babylon disco / error,2474,train
sonora carruseles,la chola caderona,0,0.646,0.909,5,-3.508,0,0.0331,0.384,0.127,0.355,0.754,95.942,0,2484,sonora carruseles,sonora carruseles / la chola caderona,2475,train
seventh star,i versus i,0,0.332,0.906,7,-4.431,1,0.0364,7.77e-06,0.755,0.241,0.579,106.341,0,2485,seventh star,seventh star / i versus i,2476,test
neon blonde,new detroit,0,0.249,0.773,7,-5.053,1,0.0402,0.0866,9.89e-06,0.106,0.489,139.515,0,2486,neon blonde,neon blonde / new detroit,2477,validation
britney spears,my prerogative,0,0.751,0.937,10,-4.436,0,0.108,0.0122,0.0,0.0639,0.662,111.029,0,2487,britney spears,britney spears / my prerogative,513,test
david summers,2.000 kilometros,0,0.655,0.667,7,-6.16,1,0.0251,0.479,2.63e-06,0.114,0.498,111.064,0,2488,david summers,david summers / 2.000 kilometros,2479,train
lizzy borden,zanzibar,0,0.466,0.893,8,-4.281,1,0.0475,0.000167,2.15e-05,0.108,0.219,93.0,0,2489,lizzy borden,lizzy borden / zanzibar,2480,train
heavy d / mcgruff,wanna be a player,0,0.858,0.738,9,-9.023,1,0.299,0.0977,0.0,0.261,0.734,97.038,0,2490,heavy d / mcgruff,heavy d / mcgruff / wanna be a player,2481,test
the frequency,stop it,0,0.807,0.776,4,-10.172,0,0.0613,0.00201,0.85,0.0783,0.615,118.012,0,2491,the frequency,the frequency / stop it,2482,validation
epmd,give the people,0,0.709,0.591,10,-14.778,0,0.474,0.159,0.00046,0.271,0.802,98.819,0,2492,epmd,epmd / give the people,42,test
symphony in peril,inherent scars,0,0.496,0.658,11,-6.425,0,0.0371,0.00104,0.754,0.116,0.0388,99.986,0,2493,symphony in peril,symphony in peril / inherent scars,2484,train
call to preserve,hope for the fallen,0,0.287,0.997,5,-1.56,0,0.295,0.00014,0.00496,0.363,0.301,157.255,0,2494,call to preserve,call to preserve / hope for the fallen,1715,train
faith evans,again,1,0.502,0.77,6,-6.046,0,0.265,0.0189,0.0,0.41,0.359,173.787,1,2495,faith evans,faith evans / again,214,train
prince,1999,0,0.866,0.73,5,-8.201,1,0.0767,0.137,0.0,0.0843,0.625,118.523,1,2496,prince,prince / 1999,859,test
train,marry me,1,0.461,0.267,0,-8.514,1,0.0278,0.834,2.03e-05,0.107,0.481,87.918,1,2497,train,train / marry me,2488,test
donell jones,knocks me off my feet,0,0.469,0.594,7,-8.209,1,0.0403,0.0663,0.0,0.0806,0.485,167.223,1,2498,donell jones,donell jones / knocks me off my feet,63,train
k7,come baby come,0,0.832,0.726,11,-7.739,0,0.191,0.0283,0.0,0.0468,0.548,106.118,1,2499,k7,k7 / come baby come,2490,validation
tito rodriguez,mango del monte,0,0.708,0.666,5,-7.871,0,0.0573,0.838,8.61e-05,0.108,0.695,102.165,0,2500,tito rodriguez,tito rodriguez / mango del monte,2491,test
daryl hall & john oates,only love,0,0.718,0.509,9,-12.903,1,0.0429,0.343,0.000137,0.141,0.956,118.278,0,2501,daryl hall & john oates,daryl hall & john oates / only love,2492,train
little willie john,leave my kitten alone,0,0.402,0.627,8,-13.545,1,0.0427,0.691,0.00672,0.187,0.861,103.457,0,2502,little willie john,little willie john / leave my kitten alone,2493,test
dixie chicks,if i fall youre going down with me,0,0.722,0.81,8,-7.463,1,0.0336,0.119,7.13e-06,0.377,0.561,123.272,1,2503,dixie chicks,dixie chicks / if i fall youre going down with me,23,train
michael gettel,turning of a key,0,0.518,0.536,5,-16.848,1,0.03,0.492,0.818,0.0798,0.602,95.029,0,2504,michael gettel,michael gettel / turning of a key,626,test
she satellites,no-satellites,0,0.374,0.893,8,-7.134,1,0.395,0.0209,0.279,0.541,0.186,95.46,0,2505,she satellites,she satellites / no-satellites,2496,test
joe nichols,the impossible,1,0.613,0.59,9,-5.167,1,0.0285,0.367,2.2e-06,0.0737,0.192,78.013,1,2506,joe nichols,joe nichols / the impossible,329,train
beyonce,naughty girl,0,0.588,0.461,6,-8.686,0,0.161,0.237,1.54e-05,0.0913,0.659,200.053,1,2507,beyonce,beyonce / naughty girl,255,train
event horizon,endless ocean,0,0.539,0.602,7,-9.294,1,0.0372,0.000973,0.834,0.0687,0.512,170.735,0,2508,event horizon,event horizon / endless ocean,2499,train
charanga forever,tumba tumba,0,0.448,0.936,1,-4.694,1,0.0632,0.507,0.0,0.205,0.663,101.945,0,2509,charanga forever,charanga forever / tumba tumba,2500,train
linkin park,breaking the habit,1,0.579,0.849,4,-5.218,0,0.0303,0.108,0.0,0.0909,0.581,100.021,1,2510,linkin park,linkin park / breaking the habit,911,validation
arsonists get all the girls,skiff for the suits,0,0.402,0.964,0,-3.385,1,0.11,0.000257,0.00802,0.0755,0.379,103.365,0,2511,arsonists get all the girls,arsonists get all the girls / skiff for the suits,1456,train
pretty ricky,on the hotline,1,0.687,0.871,6,-5.469,1,0.171,0.0133,0.0,0.122,0.629,92.998,1,2512,pretty ricky,pretty ricky / on the hotline,2503,train
wolfchant,guardians of the forest,0,0.496,0.922,8,-4.951,1,0.0615,7.78e-06,0.841,0.0349,0.6,104.978,0,2513,wolfchant,wolfchant / guardians of the forest,2504,test
fergie,london bridge,0,0.748,0.63,1,-5.832,1,0.381,0.214,0.0,0.204,0.61,90.889,1,2514,fergie,fergie / london bridge,796,validation
tullycraft,bee sting stings,0,0.466,0.908,2,-6.192,1,0.124,0.384,7.24e-06,0.157,0.513,138.073,0,2515,tullycraft,tullycraft / bee sting stings,2288,validation
shania twain,man! i feel like a woman!,1,0.678,0.899,10,-2.937,1,0.048,0.637,0.0,0.347,0.757,124.944,1,2516,shania twain,shania twain / man! i feel like a woman!,1110,train
seal,dont cry,1,0.283,0.421,2,-8.112,1,0.0305,0.727,9.45e-05,0.33,0.151,92.545,1,2517,seal,seal / dont cry,1078,validation
sting,when we dance,1,0.638,0.342,11,-11.225,1,0.0255,0.706,0.0965,0.0746,0.31,84.009,1,2518,sting,sting / when we dance,251,train
this or the apocalypse,two wars,0,0.119,0.985,9,-4.095,0,0.132,4.36e-06,0.405,0.372,0.0395,165.033,0,2519,this or the apocalypse,this or the apocalypse / two wars,2510,train
alex ubago,temblando,0,0.384,0.37,9,-7.61,1,0.0324,0.838,0.0,0.112,0.299,99.166,0,2520,alex ubago,alex ubago / temblando,2511,train
patton oswalt,a brief history of shitty comedy,0,0.738,0.578,2,-11.461,1,0.948,0.767,0.0,0.673,0.617,52.374,0,2522,patton oswalt,patton oswalt / a brief history of shitty comedy,2512,train
janitor joe,boyfriend,0,0.187,0.865,7,-13.103,1,0.0372,1.7e-06,0.876,0.142,0.609,160.807,0,2523,janitor joe,janitor joe / boyfriend,2513,train
robin thicke,lost without u,0,0.664,0.351,0,-12.136,1,0.118,0.226,2.38e-06,0.106,0.816,113.204,1,2524,robin thicke,robin thicke / lost without u,2514,validation
marc shaiman,city slickers,0,0.625,0.18,4,-16.52,1,0.0811,0.986,0.909,0.0851,0.288,136.232,0,2525,marc shaiman,marc shaiman / city slickers,1548,train
fast eddie,yo yo get funky,0,0.73,0.976,9,-9.074,1,0.0697,0.185,7.47e-05,0.535,0.732,125.555,0,2526,fast eddie,fast eddie / yo yo get funky,2516,test
dj harry,other side of you,0,0.632,0.838,7,-6.285,1,0.0466,0.0222,0.0697,0.096,0.423,100.018,0,2527,dj harry,dj harry / other side of you,30,train
bizarre inc,miracle,0,0.616,0.793,1,-9.063,0,0.0304,0.0104,0.00837,0.211,0.405,139.853,0,2528,bizarre inc,bizarre inc / miracle,2518,train
dj godfather,intro,0,0.805,0.676,6,-13.333,0,0.234,0.0637,0.000624,0.133,0.665,105.491,0,2529,dj godfather,dj godfather / intro,1973,validation
nicho hinojosa,tus viejas cartas,0,0.474,0.38,4,-8.313,0,0.0329,0.645,0.0,0.0856,0.468,98.145,0,2530,nicho hinojosa,nicho hinojosa / tus viejas cartas,2520,train
tevin campbell,always in my heart,1,0.713,0.677,6,-6.761,1,0.0253,0.0282,5.99e-05,0.144,0.522,124.152,1,2531,tevin campbell,tevin campbell / always in my heart,1964,train
foo fighters,hell,1,0.177,0.941,7,-5.104,1,0.112,1.26e-05,0.00302,0.314,0.313,153.134,0,2532,foo fighters,foo fighters / hell,222,test
u2,new york,1,0.66,0.591,7,-8.356,1,0.0324,0.0487,0.0334,0.137,0.587,125.303,0,2533,u2,u2 / new york,144,train
simple plan,shut up,0,0.507,0.959,1,-4.763,1,0.118,0.00104,0.0,0.147,0.436,165.136,1,2534,simple plan,simple plan / shut up,2524,train
2 minutos,vos no confiaste,0,0.414,0.978,7,-3.63,1,0.0815,0.000417,0.0,0.128,0.615,115.804,0,2535,2 minutos,2 minutos / vos no confiaste,1267,train
brokencyde,freaxxx,0,0.566,0.74,1,-6.693,1,0.144,0.00204,0.0,0.127,0.131,119.884,0,2536,brokencyde,brokencyde / freaxxx,2235,validation
taylor hicks,takin it to the streets,0,0.624,0.832,0,-6.78,1,0.0572,0.143,0.0,0.0799,0.783,145.071,1,2537,taylor hicks,taylor hicks / takin it to the streets,2527,test
ghost machine,what you made me (ugli),0,0.411,0.89,0,-5.505,1,0.0777,0.000121,0.0661,0.612,0.479,160.093,0,2538,ghost machine,ghost machine / what you made me (ugli),2528,train
twin atlantic,what is light? where is laughter? (acoustic version),0,0.566,0.307,9,-5.421,1,0.0463,0.323,0.0,0.133,0.478,141.802,0,2539,twin atlantic,twin atlantic / what is light? where is laughter? (acoustic version),2529,validation
marco beltrami,nomads alive,0,0.17,0.128,8,-25.125,1,0.0372,0.0213,0.653,0.106,0.0342,91.862,0,2540,marco beltrami,marco beltrami / nomads alive,80,train
tamia,cant go for that,1,0.668,0.698,11,-7.036,0,0.0714,0.242,6.32e-05,0.06,0.448,106.041,1,2541,tamia,tamia / cant go for that,666,validation
3 doors down,away from the sun,1,0.532,0.686,0,-6.238,1,0.0254,0.0273,0.0,0.0903,0.304,131.962,1,2542,3 doors down,3 doors down / away from the sun,272,train
daryl hall john oates,ill be around,0,0.869,0.756,7,-5.045,0,0.0284,0.289,2.99e-05,0.12,0.896,114.958,1,2543,daryl hall john oates,daryl hall john oates / ill be around,2533,train
ciara,promise,1,0.697,0.629,9,-5.757,1,0.0425,0.409,3.8e-06,0.0819,0.439,123.279,1,2544,ciara,ciara / promise,2132,train
w.a.s.p.,when the levee breaks,0,0.287,0.973,3,-4.573,1,0.0626,0.00137,0.679,0.18,0.368,145.155,0,2545,w.a.s.p.,w.a.s.p. / when the levee breaks,2535,test
goo goo dolls,black balloon,1,0.339,0.625,1,-8.57,1,0.028,0.057,0.000102,0.229,0.334,104.68,1,2546,goo goo dolls,goo goo dolls / black balloon,466,test
i hate sally,martha served,0,0.192,0.987,1,-5.382,1,0.111,1.06e-05,0.681,0.818,0.202,103.886,0,2547,i hate sally,i hate sally / martha served,2537,train
snoop dogg,lets get blown,0,0.927,0.61,9,-4.738,0,0.207,0.399,0.0209,0.267,0.675,105.943,1,2548,snoop dogg,snoop dogg / lets get blown,292,train
house of pain,jump around,0,0.854,0.71,4,-6.32,0,0.0793,0.0113,8.72e-05,0.166,0.818,106.894,1,2549,house of pain,house of pain / jump around,2430,train
the black keys,tighten up,0,0.504,0.705,6,-6.179,0,0.0665,0.00121,4.12e-06,0.453,0.567,108.965,1,2550,the black keys,the black keys / tighten up,2540,train
bad company,how about that,0,0.661,0.504,2,-10.176,1,0.0279,0.00103,0.0174,0.0735,0.156,113.129,1,2551,bad company,bad company / how about that,2541,train
kenny chesney,beer in mexico,1,0.583,0.909,2,-6.357,1,0.0421,0.00114,0.000455,0.0959,0.473,137.987,1,2552,kenny chesney,kenny chesney / beer in mexico,983,train
elvenking,pathfinders,0,0.255,0.97,2,-3.8,1,0.182,0.000254,0.00107,0.128,0.41,149.794,0,2553,elvenking,elvenking / pathfinders,2543,train
abysmal dawn,compulsory resurrection,0,0.508,0.984,7,-5.762,1,0.151,1.55e-05,0.527,0.0788,0.249,125.159,0,2554,abysmal dawn,abysmal dawn / compulsory resurrection,2544,test
year of desolation,l.s.m.,0,0.281,0.883,2,-5.294,1,0.136,4.7e-05,0.473,0.529,0.256,105.674,0,2555,year of desolation,year of desolation / l.s.m.,2545,test
jacques dutronc,les playboys (version espagnole),0,0.665,0.46,9,-8.373,1,0.0519,0.495,0.0,0.146,0.529,111.406,0,2556,jacques dutronc,jacques dutronc / les playboys (version espagnole),2546,train
epmd,head banger,1,0.659,0.918,11,-3.868,1,0.301,0.0377,0.0,0.298,0.66,96.628,0,2557,epmd,epmd / head banger,42,test
michael gettel,memory in the snow,0,0.46,0.371,2,-13.148,1,0.0296,0.271,0.00904,0.0968,0.267,138.227,0,2558,michael gettel,michael gettel / memory in the snow,626,test
jaime jamgochian,god unchanging,0,0.487,0.723,7,-6.705,1,0.0312,0.0338,0.0,0.0735,0.626,75.96,0,2559,jaime jamgochian,jaime jamgochian / god unchanging,2549,train
f.i.r.,i am here,0,0.416,0.783,5,-5.707,0,0.0739,0.151,0.0,0.101,0.424,172.074,0,2560,f.i.r.,f.i.r. / i am here,2550,train
p.o.d.,alive,1,0.409,0.952,2,-3.761,0,0.0756,1.23e-05,0.000156,0.31,0.55,80.899,1,2561,p.o.d.,p.o.d. / alive,425,train
stephen warbeck,birth of the falls,0,0.0962,0.262,9,-14.738,0,0.0369,0.825,0.963,0.359,0.0754,67.16,0,2562,stephen warbeck,stephen warbeck / birth of the falls,2552,test
soilwork,as the sleeper awakes,0,0.49,0.983,7,-5.286,1,0.14,2.18e-05,0.907,0.295,0.307,114.012,0,2563,soilwork,soilwork / as the sleeper awakes,2553,validation
josh turner,me and god,1,0.59,0.755,3,-6.173,1,0.0286,0.237,5.13e-06,0.124,0.842,153.309,1,2564,josh turner,josh turner / me and god,2554,validation
don francisco,give your heart a home,0,0.576,0.271,7,-14.551,1,0.0316,0.317,0.0652,0.127,0.687,107.115,0,2565,don francisco,don francisco / give your heart a home,2555,train
trentemoller,in progress (original mix),0,0.724,0.697,9,-10.401,0,0.0502,0.00619,0.784,0.158,0.614,124.985,0,2566,trentemoller,trentemoller / in progress (original mix),2556,test
t.i.,top back,1,0.597,0.678,2,-5.743,1,0.3,0.0103,0.0,0.381,0.659,160.074,1,2567,t.i.,t.i. / top back,317,train
r. kelly,u saved me,1,0.651,0.56,6,-7.012,1,0.053,0.598,0.0,0.0873,0.297,104.045,1,2568,r. kelly,r. kelly / u saved me,512,validation
the tokens,ill always love you,0,0.349,0.403,0,-9.072,1,0.0278,0.557,1.01e-06,0.141,0.372,101.83,0,2569,the tokens,the tokens / ill always love you,1085,test
line renaud,cent mille guitares,0,0.707,0.847,7,-2.919,1,0.0349,0.787,0.0,0.126,0.967,127.903,0,2570,line renaud,line renaud / cent mille guitares,340,validation
3 doors down,better life,1,0.431,0.92,11,-5.311,0,0.0351,0.000169,6.1e-06,0.554,0.905,153.03,0,2571,3 doors down,3 doors down / better life,272,train
andrea martin,let me return the favor,0,0.619,0.552,4,-8.927,0,0.167,0.0175,0.0,0.0465,0.63,174.603,1,2572,andrea martin,andrea martin / let me return the favor,2562,train
thirty seconds to mars,the kill (bury me),1,0.32,0.927,4,-3.86,0,0.0695,0.00208,0.000862,0.22,0.316,183.007,1,2573,thirty seconds to mars,thirty seconds to mars / the kill (bury me),2563,validation
akon,angel,1,0.567,0.851,2,-2.465,1,0.0322,0.0897,0.0,0.22,0.361,125.887,1,2574,akon,akon / angel,968,train
skrape,searching for home,0,0.459,0.4,10,-9.745,1,0.0263,0.114,4.2e-06,0.104,0.127,133.924,0,2575,skrape,skrape / searching for home,2565,train
bottom of the hudson,one of us,0,0.643,0.797,10,-7.599,0,0.033,0.283,0.00871,0.106,0.871,105.576,0,2576,bottom of the hudson,bottom of the hudson / one of us,2566,train
radiohead,subterranean homesick alien,0,0.316,0.592,0,-8.916,1,0.0296,0.0498,0.00139,0.103,0.32,150.537,0,2577,radiohead,radiohead / subterranean homesick alien,294,validation
astarte,thorns of charon (pt. 2) - emerge from hades,0,0.13,0.736,9,-3.245,0,0.129,1.39e-05,0.00136,0.136,0.088,143.448,0,2578,astarte,astarte / thorns of charon (pt. 2) - emerge from hades,296,test
r. kelly,happy people,1,0.75,0.63,5,-5.511,0,0.0904,0.0623,0.0,0.107,0.722,97.038,1,2579,r. kelly,r. kelly / happy people,512,validation
the berzerker,humanity,0,0.341,0.904,11,-7.359,0,0.0597,0.0757,0.072,0.41,0.193,171.823,0,2580,the berzerker,the berzerker / humanity,897,train
mariah carey,someday,1,0.685,0.819,1,-8.686,0,0.0405,0.206,2.23e-06,0.0251,0.937,109.855,0,2581,mariah carey,mariah carey / someday,225,train
fall out boy,thriller,1,0.372,0.898,2,-3.338,1,0.118,0.00687,5.6e-06,0.316,0.299,178.829,0,2582,fall out boy,fall out boy / thriller,545,train
billy gilman,oklahoma,0,0.42,0.268,1,-10.217,1,0.0332,0.484,0.0,0.0892,0.27,138.595,1,2583,billy gilman,billy gilman / oklahoma,2573,train
faith hill,where are you christmas?,1,0.389,0.343,10,-9.571,1,0.0299,0.614,0.0,0.127,0.112,110.314,1,2584,faith hill,faith hill / where are you christmas?,1111,validation
glee cast,dont stand so close to me / young girl,1,0.677,0.702,3,-7.319,1,0.0522,0.175,0.0,0.0846,0.791,139.99,1,2585,glee cast,glee cast / dont stand so close to me / young girl,57,train
sarah mclachlan,building a mystery,1,0.505,0.518,2,-8.601,1,0.023,0.403,0.0,0.129,0.472,81.019,1,2586,sarah mclachlan,sarah mclachlan / building a mystery,1697,train
debelah morgan,yesterday,0,0.765,0.643,5,-6.075,0,0.0453,0.0254,1.97e-05,0.257,0.622,128.885,1,2587,debelah morgan,debelah morgan / yesterday,2577,train
ace of base,all that she wants,1,0.798,0.625,11,-9.689,1,0.0548,0.00547,7.98e-05,0.103,0.858,93.764,1,2588,ace of base,ace of base / all that she wants,919,train
basic channel,phylyps trak ii/ii,0,0.87,0.71,10,-11.631,0,0.118,1.98e-05,0.964,0.0449,0.148,127.895,0,2589,basic channel,basic channel / phylyps trak ii/ii,984,train
d12,how come,0,0.745,0.858,9,-2.221,1,0.237,0.28,0.0,0.188,0.547,89.983,1,2590,d12,d12 / how come,2580,train
bare jr.,naked albino,0,0.408,0.708,10,-7.334,1,0.0462,0.0499,5.68e-06,0.746,0.366,107.467,0,2591,bare jr.,bare jr. / naked albino,1401,train
css,music is my hot hot sex,0,0.741,0.717,8,-5.578,0,0.0446,0.016,0.00128,0.0607,0.899,100.012,1,2592,css,css / music is my hot hot sex,2582,train
amoral,metamorphosis,0,0.34,0.938,9,-5.366,0,0.105,0.000157,0.0104,0.0862,0.342,129.975,0,2593,amoral,amoral / metamorphosis,611,train
luiz bonfa,santeleco,0,0.736,0.421,2,-14.623,0,0.0517,0.821,0.00175,0.231,0.96,96.565,0,2594,luiz bonfa,luiz bonfa / santeleco,1818,test
blackalicious,rock the spot,0,0.785,0.695,1,-6.434,1,0.22,0.0209,0.0,0.167,0.806,100.476,0,2595,blackalicious,blackalicious / rock the spot,565,train
lonestar,everythings changed,1,0.679,0.58,5,-7.034,1,0.0238,0.176,0.00153,0.0944,0.429,104.357,1,2596,lonestar,lonestar / everythings changed,892,validation
casiotone for the painfully alone,nashville parthenon,0,0.816,0.42,0,-10.829,1,0.109,0.00189,0.686,0.059,0.852,141.953,0,2597,casiotone for the painfully alone,casiotone for the painfully alone / nashville parthenon,1335,test
sylvester weaver,guitar rag,0,0.467,0.122,2,-22.241,1,0.0366,0.954,0.902,0.132,0.411,111.256,0,2598,sylvester weaver,sylvester weaver / guitar rag,2588,train
papa wemba,bakwetu,0,0.508,0.812,7,-9.92,1,0.0473,0.44,0.0683,0.099,0.95,132.273,0,2599,papa wemba,papa wemba / bakwetu,389,train
photek,under the palms,0,0.196,0.231,7,-13.288,1,0.0385,0.758,0.102,0.124,0.0365,97.519,0,2600,photek,photek / under the palms,66,train
joe bataan,keep the change,0,0.65,0.954,5,-7.559,1,0.0581,0.103,0.745,0.0903,0.902,105.066,0,2601,joe bataan,joe bataan / keep the change,2015,train
the distillers,world comes tumblin down,0,0.164,0.97,7,-3.479,1,0.0692,0.000647,0.00977,0.2,0.318,172.118,0,2602,the distillers,the distillers / world comes tumblin down,374,train
lady antebellum,hello world,1,0.427,0.531,8,-6.985,1,0.0297,0.0555,0.00106,0.0835,0.145,111.079,1,2603,lady antebellum,lady antebellum / hello world,1628,train
tom petty,its good to be king,0,0.523,0.622,2,-6.632,1,0.0245,0.0143,0.0065,0.297,0.446,147.878,1,2604,tom petty,tom petty / its good to be king,2594,test
keith urban,your everything,1,0.549,0.54,9,-5.76,1,0.027,0.0399,0.0,0.0688,0.361,139.714,1,2605,keith urban,keith urban / your everything,320,train
three days grace,animal i have become,0,0.553,0.853,8,-3.668,1,0.0339,0.000684,0.0,0.126,0.506,122.023,1,2606,three days grace,three days grace / animal i have become,2596,train
the berzerker,deform (live),0,0.273,0.996,2,-6.068,1,0.399,0.00126,0.0157,0.309,0.0492,114.835,0,2607,the berzerker,the berzerker / deform (live),897,train
amy winehouse,stronger than me,0,0.881,0.522,0,-4.753,1,0.0372,0.0487,0.000406,0.0637,0.798,91.418,0,2608,amy winehouse,amy winehouse / stronger than me,1106,train
claw hammer,succotash,0,0.287,0.911,11,-6.395,0,0.227,0.00228,0.0687,0.209,0.48,149.771,0,2609,claw hammer,claw hammer / succotash,2599,train
gob,no regrets,0,0.494,0.817,2,-5.955,1,0.0586,0.000143,0.00577,0.107,0.627,133.787,0,2610,gob,gob / no regrets,2082,train
bobby darin,(i heard that) lonesome whistle,0,0.552,0.298,5,-12.086,1,0.0291,0.89,0.0,0.107,0.58,89.118,0,2611,bobby darin,bobby darin / (i heard that) lonesome whistle,2601,test
everyday sunday,comfort zone,0,0.454,0.912,1,-4.84,1,0.0399,2.41e-05,0.0,0.276,0.64,97.216,0,2612,everyday sunday,everyday sunday / comfort zone,2202,validation
taylor swift,better than revenge,1,0.516,0.917,11,-3.186,0,0.0827,0.0139,6.37e-06,0.36,0.635,145.821,1,2613,taylor swift,taylor swift / better than revenge,250,train
backstreet boys,inconsolable,1,0.4,0.754,7,-3.899,1,0.0348,0.0186,0.0,0.316,0.231,160.031,1,2614,backstreet boys,backstreet boys / inconsolable,49,train
marco beltrami,not a kid anymore,0,0.202,0.0148,7,-30.679,0,0.0519,0.964,0.952,0.0842,0.0386,109.499,0,2615,marco beltrami,marco beltrami / not a kid anymore,80,train
sub swara,constructing the absence,0,0.655,0.687,7,-7.89,1,0.0445,0.0915,0.77,0.0865,0.363,152.016,0,2616,sub swara,sub swara / constructing the absence,2606,validation
damage,love ii love,0,0.803,0.684,6,-7.668,0,0.0351,0.0801,0.0,0.0887,0.626,97.011,1,2617,damage,damage / love ii love,2607,train
outkast,wailin,0,0.899,0.393,1,-10.886,1,0.306,0.175,0.000823,0.191,0.547,95.383,0,2618,outkast,outkast / wailin,293,test
opiate for the masses,21st century time bomb,0,0.296,0.939,9,-3.171,1,0.241,9.59e-06,0.178,0.0409,0.358,120.033,0,2619,opiate for the masses,opiate for the masses / 21st century time bomb,2609,train
nickelback,we will rock you,1,0.577,0.905,4,-5.018,0,0.114,0.0404,0.0,0.0685,0.288,80.974,0,2620,nickelback,nickelback / we will rock you,767,train
doyle bramhall,chateau strut,0,0.462,0.779,1,-7.996,1,0.0369,0.0299,0.744,0.125,0.395,147.844,0,2621,doyle bramhall,doyle bramhall / chateau strut,2611,train
vanessa daou,for anything,0,0.595,0.326,7,-13.467,0,0.029,0.29,0.926,0.119,0.477,102.048,0,2622,vanessa daou,vanessa daou / for anything,689,train
modeselektor,tetrispack,0,0.761,0.784,2,-7.951,1,0.313,0.08,0.821,0.0917,0.649,102.977,0,2623,modeselektor,modeselektor / tetrispack,2613,test
the killers,shadowplay,1,0.642,0.805,2,-7.238,1,0.0476,0.000781,0.579,0.393,0.352,145.029,1,2624,the killers,the killers / shadowplay,93,train
anthony cruz,make it up,0,0.441,0.706,2,-5.926,0,0.182,0.538,0.0,0.168,0.721,78.251,0,2625,anthony cruz,anthony cruz / make it up,2615,validation
the escape club,call it poison,0,0.63,0.727,10,-7.256,0,0.0412,0.00237,0.000364,0.29,0.559,110.747,1,2626,the escape club,the escape club / call it poison,2616,test
angelica,angel baby,0,0.866,0.391,0,-7.632,1,0.0453,0.197,0.000377,0.0822,0.462,126.434,1,2627,angelica,angelica / angel baby,2617,train
bruno mars,marry you,1,0.62,0.832,10,-4.848,1,0.036,0.332,0.0,0.104,0.481,144.926,1,2628,bruno mars,bruno mars / marry you,469,validation
boyz ii men,motownphilly,1,0.756,0.858,2,-9.649,1,0.0682,0.0171,2.17e-05,0.194,0.758,114.144,1,2629,boyz ii men,boyz ii men / motownphilly,557,validation
joe diffie,a night to remember,0,0.559,0.639,10,-5.087,1,0.0272,0.0144,1.12e-06,0.14,0.234,75.478,1,2630,joe diffie,joe diffie / a night to remember,2620,train
jah cure,how can i,0,0.628,0.609,4,-5.569,0,0.0412,0.00335,2.8e-05,0.346,0.563,80.367,0,2631,jah cure,jah cure / how can i,1021,train
yung berg featuring casha,the business,0,0.63,0.726,7,-5.372,1,0.177,0.00867,0.0,0.0864,0.327,133.317,1,2632,yung berg featuring casha,yung berg featuring casha / the business,2622,train
bryan adams,the only thing that looks good on me is you,1,0.665,0.927,7,-4.65,1,0.0355,0.0241,0.0,0.111,0.95,122.864,1,2633,bryan adams,bryan adams / the only thing that looks good on me is you,2623,train
sara evans,born to fly,0,0.612,0.663,1,-9.314,1,0.035,0.00931,0.0152,0.0637,0.558,100.178,1,2634,sara evans,sara evans / born to fly,1937,train
taya wooden,mothers rastas,0,0.651,0.136,1,-25.055,0,0.18,0.125,0.000484,0.0795,0.301,80.007,0,2635,taya wooden,taya wooden / mothers rastas,2625,test
boyz n da hood,dem boyz,0,0.782,0.63,1,-5.683,1,0.162,0.00161,0.0,0.151,0.295,78.516,1,2636,boyz n da hood,boyz n da hood / dem boyz,2626,test
talking heads,two note swivel (unfinished outtake),0,0.883,0.468,7,-11.893,1,0.0434,0.00735,0.525,0.111,0.799,116.123,0,2637,talking heads,talking heads / two note swivel (unfinished outtake),2627,train
harry gregson-williams,sanchez family,0,0.335,0.269,8,-16.433,1,0.128,0.473,0.869,0.113,0.0356,159.997,0,2638,harry gregson-williams,harry gregson-williams / sanchez family,844,train
methods of mayhem / scott kirkland,narcotic,0,0.812,0.949,1,-3.016,1,0.194,0.00361,0.17,0.323,0.587,115.996,0,2639,methods of mayhem / scott kirkland,methods of mayhem / scott kirkland / narcotic,2629,train
frankie j,dont wanna try,0,0.655,0.433,5,-7.577,0,0.0348,0.444,0.0,0.221,0.199,130.127,1,2640,frankie j,frankie j / dont wanna try,2043,train
cascada,what hurts the most,1,0.572,0.985,9,-6.43,1,0.111,0.0131,9.66e-06,0.335,0.254,142.039,1,2641,cascada,cascada / what hurts the most,1906,test
estopa,exiliado en el lavabo,0,0.69,0.434,11,-12.579,0,0.035,0.215,1.3e-05,0.0963,0.514,142.852,0,2642,estopa,estopa / exiliado en el lavabo,2632,train
ace of base,whenever youre near me,1,0.626,0.863,0,-4.625,1,0.0362,0.0862,0.000841,0.0793,0.636,97.067,1,2643,ace of base,ace of base / whenever youre near me,919,train
gabriel yared,ship in a painting,0,0.195,0.481,9,-15.872,1,0.0391,0.152,0.966,0.0885,0.101,63.904,0,2644,gabriel yared,gabriel yared / ship in a painting,2293,train
jewel,standing still,1,0.618,0.647,2,-7.308,1,0.0344,0.115,6.12e-06,0.113,0.315,123.889,1,2645,jewel,jewel / standing still,1223,validation
michael morales,i dont wanna see you,0,0.677,0.734,7,-9.722,1,0.0287,0.0237,0.0,0.0523,0.726,124.851,1,2646,michael morales,michael morales / i dont wanna see you,2636,train
martina mcbride,thanks a lot,1,0.683,0.538,7,-6.956,1,0.0297,0.104,0.0019,0.0595,0.825,167.917,0,2647,martina mcbride,martina mcbride / thanks a lot,224,test
rihanna,dont stop the music,1,0.835,0.669,6,-5.582,0,0.0643,0.0336,6.92e-05,0.0535,0.542,122.668,1,2648,rihanna,rihanna / dont stop the music,1236,validation
rise against,intro/chamber the cartridge,0,0.259,0.994,8,-3.96,1,0.39,0.000359,4.58e-05,0.695,0.175,164.458,0,2649,rise against,rise against / intro/chamber the cartridge,806,test
every time i die,after one quarter of a revolution,0,0.275,0.989,7,-4.254,1,0.274,0.000481,0.0,0.0913,0.0776,112.458,0,2650,every time i die,every time i die / after one quarter of a revolution,1725,train
belphegor,the sukkubus lustrate,0,0.444,0.947,2,-1.113,1,0.0636,0.000184,0.261,0.277,0.176,120.031,0,2651,belphegor,belphegor / the sukkubus lustrate,2641,test
jeckyll & hyde,time flies,0,0.741,0.979,7,-6.869,0,0.0639,0.00116,0.69,0.813,0.728,140.005,0,2652,jeckyll & hyde,jeckyll & hyde / time flies,2642,train
otis spann,no more doggin,0,0.521,0.54,0,-12.225,1,0.0386,0.262,0.000493,0.307,0.898,124.524,0,2653,otis spann,otis spann / no more doggin,100,train
less than jake,short on ideas / one last cigarette,0,0.227,0.971,0,-1.736,1,0.0893,0.00276,0.00155,0.137,0.578,170.649,0,2654,less than jake,less than jake / short on ideas / one last cigarette,2644,train
tlc,unpretty,1,0.648,0.622,7,-6.063,1,0.0428,0.00152,5.97e-05,0.109,0.51,88.684,1,2655,tlc,tlc / unpretty,782,train
xlnc,pichleh janam dee,0,0.602,0.473,1,-12.794,0,0.0511,0.0587,2.37e-05,0.311,0.327,160.1,0,2656,xlnc,xlnc / pichleh janam dee,2646,train
in extremo,vollmond,0,0.645,0.898,2,-2.532,0,0.0303,0.00184,0.000328,0.0784,0.227,96.013,0,2657,in extremo,in extremo / vollmond,2647,validation
regina belle,quiet time,0,0.592,0.726,7,-7.55,0,0.0607,0.15,0.0,0.0467,0.633,92.629,0,2658,regina belle,regina belle / quiet time,2648,validation
al denson,rain love,0,0.541,0.646,9,-7.841,1,0.0283,0.141,2.38e-06,0.0866,0.481,80.121,0,2659,al denson,al denson / rain love,2649,validation
bobaflex,turn the heat up,0,0.594,0.902,10,-3.218,0,0.0503,0.0158,0.0,0.35,0.567,93.019,0,2660,bobaflex,bobaflex / turn the heat up,1428,train
lady gaga,alejandro,1,0.632,0.789,11,-6.61,0,0.0557,0.00043,0.00144,0.356,0.35,98.986,1,2661,lady gaga,lady gaga / alejandro,700,test
styles p,intro,0,0.509,0.666,1,-10.573,1,0.184,0.00103,0.000432,0.122,0.543,175.722,0,2662,styles p,styles p / intro,2652,train
keane,is it any wonder?,0,0.495,0.945,11,-2.789,0,0.0376,5.4e-05,8.82e-05,0.296,0.772,129.386,1,2663,keane,keane / is it any wonder?,2653,test
tim mcgraw,watch the wind blow by,1,0.517,0.608,10,-7.206,1,0.0265,0.0924,0.0,0.0707,0.506,62.65,1,2664,tim mcgraw,tim mcgraw / watch the wind blow by,205,validation
johnny gill,wrap my body tight,0,0.704,0.753,11,-8.439,0,0.054,0.05,0.135,0.0525,0.966,101.488,1,2665,johnny gill,johnny gill / wrap my body tight,2655,train
brooks & dunn,husbands and wives,1,0.591,0.388,5,-8.069,1,0.0267,0.653,0.000214,0.167,0.122,105.977,1,2666,brooks & dunn,brooks & dunn / husbands and wives,54,test
nick cave & the bad seeds,new morning (live),0,0.312,0.474,7,-9.513,1,0.0284,0.316,5.3e-06,0.967,0.351,140.914,0,2667,nick cave & the bad seeds,nick cave & the bad seeds / new morning (live),902,train
stone temple pilots,sour girl,0,0.394,0.663,0,-6.619,1,0.0295,0.0769,0.00644,0.239,0.737,207.575,1,2668,stone temple pilots,stone temple pilots / sour girl,2658,train
busta rhymes,genesis,0,0.772,0.765,4,-9.58,1,0.32,0.132,2.1e-06,0.373,0.726,94.293,0,2669,busta rhymes,busta rhymes / genesis,1527,test
frost,la familia,0,0.833,0.704,4,-7.107,1,0.181,0.0351,0.000309,0.123,0.647,101.407,1,2670,frost,frost / la familia,2660,train
eliane elias,all the things you are,0,0.372,0.0787,5,-26.804,0,0.0455,0.995,0.928,0.121,0.148,139.764,0,2671,eliane elias,eliane elias / all the things you are,2661,validation
ffh,why do i,0,0.523,0.573,0,-7.602,1,0.0282,0.145,6.67e-06,0.224,0.513,82.052,0,2672,ffh,ffh / why do i,658,train
alice in chains,brother,0,0.405,0.365,1,-10.927,1,0.0307,0.557,0.00048,0.89,0.076,85.781,0,2673,alice in chains,alice in chains / brother,43,train
brady seals,"another you, another me",0,0.611,0.406,0,-8.71,1,0.03,0.323,0.0,0.0841,0.154,123.492,1,2674,brady seals,"brady seals / another you, another me",2664,train
radiohead,everything in its right place,0,0.293,0.462,5,-11.412,0,0.0453,0.699,0.0444,0.0954,0.0623,124.004,0,2675,radiohead,radiohead / everything in its right place,294,validation
carl smith,loose talk,0,0.743,0.455,2,-10.84,1,0.0369,0.727,0.0,0.26,0.964,113.381,0,2676,carl smith,carl smith / loose talk,347,train
paul brown,side steppin,0,0.85,0.669,5,-8.575,0,0.0322,0.182,0.0749,0.333,0.872,113.996,0,2677,paul brown,paul brown / side steppin,169,train
regina belle,if i ruled the world,0,0.556,0.32,0,-9.125,1,0.0851,0.695,5.02e-06,0.451,0.161,137.709,0,2678,regina belle,regina belle / if i ruled the world,2648,validation
son by four,purest of pain (a puro dolor),0,0.593,0.939,7,-3.431,1,0.0616,0.45,1.33e-05,0.109,0.743,134.108,1,2679,son by four,son by four / purest of pain (a puro dolor),2669,train
jennifer lopez featuring styles & jadakiss,jenny from the block,0,0.847,0.754,6,-5.444,1,0.193,0.00804,4.49e-06,0.0517,0.957,100.0,1,2680,jennifer lopez featuring styles & jadakiss,jennifer lopez featuring styles & jadakiss / jenny from the block,2670,train
ricky martin,loaded,1,0.506,0.951,9,-4.305,0,0.0796,0.0109,7.18e-05,0.0536,0.748,199.811,1,2681,ricky martin,ricky martin / loaded,2671,test
kenny chesney,i go back,1,0.513,0.805,5,-6.918,1,0.0466,0.0421,0.0,0.208,0.69,89.963,1,2682,kenny chesney,kenny chesney / i go back,983,train
lloyd,lay it down,0,0.524,0.793,1,-5.051,0,0.0629,0.0208,0.0,0.0825,0.551,156.052,1,2683,lloyd,lloyd / lay it down,2673,train
bill engvall with special guest travis tritt,heres your sign (get the picture),0,0.586,0.936,7,-6.605,1,0.549,0.337,0.0,0.928,0.732,178.068,1,2684,bill engvall with special guest travis tritt,bill engvall with special guest travis tritt / heres your sign (get the picture),2674,validation
arrested development,ease my mind,1,0.896,0.659,4,-7.483,0,0.224,0.00655,5.65e-06,0.0494,0.522,96.897,1,2685,arrested development,arrested development / ease my mind,2407,train
artists for haiti,we are the world 25: for haiti,0,0.348,0.717,4,-5.634,1,0.0882,0.311,0.0,0.0786,0.28,66.21,1,2686,artists for haiti,artists for haiti / we are the world 25: for haiti,2676,train
mary j. blige,i can love you,0,0.635,0.614,7,-7.165,1,0.197,0.0179,0.000201,0.415,0.736,174.213,1,2687,mary j. blige,mary j. blige / i can love you,107,test
buddy miles,midnight rider,0,0.528,0.584,7,-10.315,1,0.0348,0.119,3.75e-05,0.149,0.499,93.25,0,2688,buddy miles,buddy miles / midnight rider,2678,train
los amigos invisibles,nerio compra una contestadora,0,0.599,0.257,11,-20.466,0,0.305,0.971,0.0432,0.111,0.746,88.278,0,2689,los amigos invisibles,los amigos invisibles / nerio compra una contestadora,747,train
onerepublic,stop and stare,0,0.49,0.849,4,-4.234,1,0.035,0.0593,0.0,0.082,0.303,92.494,1,2690,onerepublic,onerepublic / stop and stare,179,test
david cook,i did it for you,1,0.342,0.827,9,-3.821,1,0.0369,0.00623,0.0,0.0783,0.413,175.655,0,2691,david cook,david cook / i did it for you,2135,test
glee cast featuring jonathan groff,like a prayer,0,0.544,0.871,6,-5.686,0,0.062,0.197,0.0,0.292,0.311,111.004,1,2692,glee cast featuring jonathan groff,glee cast featuring jonathan groff / like a prayer,821,train
christopher wilde,starstruck,0,0.555,0.8,0,-4.835,1,0.0776,0.0353,0.0,0.0783,0.801,174.007,1,2693,christopher wilde,christopher wilde / starstruck,2683,test
juanes,me enamora,1,0.684,0.85,4,-3.867,0,0.034,0.0173,0.0,0.0913,0.922,94.003,1,2694,juanes,juanes / me enamora,1557,train
rihanna,only girl (in the world),1,0.78,0.714,11,-4.155,0,0.0382,0.119,4.1e-06,0.217,0.666,125.924,1,2695,rihanna,rihanna / only girl (in the world),1236,validation
pascal obispo,la machine,0,0.554,0.875,4,-7.976,1,0.0614,0.0788,3.2e-05,0.954,0.301,130.063,0,2696,pascal obispo,pascal obispo / la machine,2686,train
swizz beatz,its me snitches,0,0.724,0.919,9,-4.492,1,0.177,0.024,0.0124,0.242,0.286,91.991,1,2697,swizz beatz,swizz beatz / its me snitches,2687,validation
bigelf,superstar,0,0.514,0.589,5,-4.098,1,0.0422,0.0344,0.0,0.851,0.729,120.287,0,2698,bigelf,bigelf / superstar,2688,train
my chemical romance,the end. [live in mexico],1,0.204,0.906,11,-9.925,0,0.373,0.0693,1.85e-05,0.521,0.187,178.226,0,2699,my chemical romance,my chemical romance / the end. [live in mexico],1098,train
tinariwen,chatma,0,0.81,0.422,9,-10.832,1,0.0353,0.217,0.133,0.0754,0.31,106.002,0,2700,tinariwen,tinariwen / chatma,1211,train
siouxsie,into a swan,0,0.608,0.854,6,-6.473,1,0.0349,0.0973,0.000108,0.318,0.809,114.927,0,2701,siouxsie,siouxsie / into a swan,2691,train
esa pakarinen,vanhapoika-severi,0,0.727,0.591,0,-10.187,1,0.15,0.772,1.29e-06,0.0977,0.962,155.51,0,2702,esa pakarinen,esa pakarinen / vanhapoika-severi,2386,train
michelle branch,all you wanted,0,0.499,0.72,8,-9.101,1,0.0286,0.00466,0.00303,0.122,0.652,96.103,1,2703,michelle branch,michelle branch / all you wanted,1566,train
george strait,"easy come, easy go",0,0.822,0.374,2,-14.982,1,0.0329,0.607,0.00265,0.0608,0.758,106.659,1,2704,george strait,"george strait / easy come, easy go",154,train
martha wainwright,comin tonight,0,0.567,0.751,9,-4.399,1,0.0343,0.24,5.12e-06,0.102,0.705,127.132,0,2705,martha wainwright,martha wainwright / comin tonight,2695,train
dru down,pimp of the year,0,0.931,0.513,2,-4.655,1,0.263,0.108,0.000435,0.272,0.3,101.064,1,2706,dru down,dru down / pimp of the year,1416,train
toby keith,whiskey girl,1,0.645,0.876,6,-3.665,1,0.0527,0.0154,0.0,0.215,0.544,123.059,1,2707,toby keith,toby keith / whiskey girl,270,train
jack off jill,horrible,0,0.516,0.828,10,-6.894,0,0.21,0.000975,3.44e-05,0.0658,0.94,178.293,0,2708,jack off jill,jack off jill / horrible,2698,validation
50 cent,u not like me,1,0.803,0.852,11,-1.848,1,0.332,0.0549,0.0,0.0718,0.803,91.577,0,2709,50 cent,50 cent / u not like me,241,validation
kool moe dee,death blow,0,0.844,0.711,11,-8.722,0,0.161,0.00262,1.86e-06,0.317,0.556,107.021,0,2710,kool moe dee,kool moe dee / death blow,2700,train
albert collins,same old thing,0,0.712,0.591,0,-11.609,1,0.0394,0.12,0.00135,0.0454,0.737,94.485,0,2711,albert collins,albert collins / same old thing,2701,train
alexandre desplat,meeting daisy,0,0.265,0.069,2,-21.332,1,0.0311,0.993,0.888,0.109,0.036,79.579,0,2712,alexandre desplat,alexandre desplat / meeting daisy,1816,validation
carlos vives,cancion de amor eterno,0,0.496,0.209,9,-17.058,0,0.0375,0.901,0.00288,0.106,0.187,132.615,0,2713,carlos vives,carlos vives / cancion de amor eterno,1786,test
leann rimes,looking through your eyes,1,0.487,0.271,10,-11.566,1,0.0283,0.618,0.0,0.16,0.194,80.126,1,2714,leann rimes,leann rimes / looking through your eyes,280,train
reba mcentire,till you love me,1,0.385,0.423,7,-7.912,1,0.0294,0.692,0.0,0.111,0.393,110.549,1,2715,reba mcentire,reba mcentire / till you love me,1119,train
luke vibert,mate tron,0,0.703,0.726,0,-10.627,1,0.0373,0.00946,0.926,0.0644,0.462,124.995,0,2716,luke vibert,luke vibert / mate tron,706,test
richard galliano,les forains,0,0.179,0.193,9,-11.947,0,0.0334,0.957,0.826,0.157,0.239,172.243,0,2717,richard galliano,richard galliano / les forains,532,train
jimi hendrix,lullaby for the summer,0,0.421,0.926,10,-7.187,0,0.0403,0.0561,0.000759,0.0276,0.94,128.997,0,2718,jimi hendrix,jimi hendrix / lullaby for the summer,1912,train
lil wayne,a milli,1,0.679,0.684,6,-8.559,1,0.278,0.0527,0.000895,0.177,0.755,151.748,1,2719,lil wayne,lil wayne / a milli,719,test
the fever,bye bye betty blue,0,0.251,0.879,10,-3.896,1,0.0821,0.021,0.000616,0.164,0.468,144.56,0,2720,the fever,the fever / bye bye betty blue,2710,train
lisa lisa and cult jam,let the beat hit em,0,0.757,0.828,1,-7.113,1,0.0488,0.00131,0.000706,0.236,0.825,112.994,1,2721,lisa lisa and cult jam,lisa lisa and cult jam / let the beat hit em,2711,train
billy currington,thats how country boys roll,1,0.681,0.915,2,-2.944,1,0.0344,0.0685,0.0,0.112,0.889,120.965,1,2722,billy currington,billy currington / thats how country boys roll,2185,test
bone thugs-n-harmony,servin tha fiends,1,0.681,0.672,10,-4.841,0,0.26,0.0399,0.0,0.0834,0.635,79.824,0,2723,bone thugs-n-harmony,bone thugs-n-harmony / servin tha fiends,576,train
richie ray & bobby cruz,el gallo y la vaca,0,0.708,0.83,7,-5.187,1,0.0431,0.137,2.49e-06,0.614,0.954,101.734,0,2724,richie ray & bobby cruz,richie ray & bobby cruz / el gallo y la vaca,2714,train
little brother,second chances feat. bilal & darien brockington,0,0.54,0.626,11,-7.352,0,0.399,0.196,0.0,0.0648,0.693,94.128,0,2725,little brother,little brother / second chances feat. bilal & darien brockington,2715,validation
the veronicas,take me on the floor,0,0.61,0.9,11,-2.304,0,0.0453,0.00345,7.86e-06,0.272,0.621,139.969,1,2726,the veronicas,the veronicas / take me on the floor,2716,train
esser,headlock,0,0.817,0.834,10,-6.389,0,0.098,0.00668,5.43e-06,0.162,0.743,122.03,0,2727,esser,esser / headlock,2717,train
steve vai,angel food,0,0.493,0.637,4,-9.626,1,0.052,0.0903,0.823,0.847,0.43,147.742,0,2728,steve vai,steve vai / angel food,679,train
whitney houston,i learned from the best,1,0.609,0.563,5,-6.284,0,0.0328,0.0109,7.76e-06,0.156,0.306,148.949,1,2729,whitney houston,whitney houston / i learned from the best,623,test
grupo batuque,ole ola,0,0.434,0.978,8,-3.617,1,0.0563,0.00415,0.000567,0.504,0.65,134.102,0,2730,grupo batuque,grupo batuque / ole ola,2720,train
monica,u shouldve known better,1,0.753,0.516,6,-5.164,1,0.0308,0.191,0.0,0.275,0.826,122.019,1,2731,monica,monica / u shouldve known better,1716,test
beck,the new pollution,0,0.677,0.804,1,-6.724,1,0.0295,0.0635,0.0761,0.328,0.854,132.08,1,2732,beck,beck / the new pollution,1017,train
glee cast,i want to hold your hand,1,0.484,0.261,7,-10.951,1,0.0267,0.664,1.09e-05,0.17,0.215,78.015,1,2733,glee cast,glee cast / i want to hold your hand,57,train
francis lai,la valse du mariage,0,0.219,0.452,7,-7.001,0,0.0306,0.779,0.96,0.178,0.428,178.261,0,2734,francis lai,francis lai / la valse du mariage,1920,train
u2,vertigo,1,0.391,0.831,2,-3.892,1,0.0613,0.000153,0.00192,0.141,0.683,139.946,1,2735,u2,u2 / vertigo,144,train
busdriver,(bloody paw on the) kill floor,0,0.768,0.836,6,-5.64,1,0.172,0.175,0.0,0.298,0.731,77.509,0,2736,busdriver,busdriver / (bloody paw on the) kill floor,1188,train
stone sour,bother,0,0.272,0.281,1,-7.634,1,0.0287,0.388,2.29e-05,0.158,0.141,89.914,1,2737,stone sour,stone sour / bother,2727,train
ghorwane,matarlatanta,0,0.553,0.704,0,-11.39,1,0.0748,0.78,3.98e-06,0.0644,0.684,96.798,0,2738,ghorwane,ghorwane / matarlatanta,2728,train
hoku,another dumb blonde,0,0.69,0.932,1,-4.747,1,0.0841,0.242,0.0,0.0825,0.517,123.9,1,2739,hoku,hoku / another dumb blonde,2729,train
she moves,its your love,0,0.595,0.293,0,-15.942,1,0.0306,0.595,1.02e-06,0.111,0.412,141.416,1,2740,she moves,she moves / its your love,2730,train
michael jackson,tabloid junkie,1,0.814,0.877,1,-7.134,0,0.152,0.0866,7.36e-05,0.277,0.58,111.179,0,2741,michael jackson,michael jackson / tabloid junkie,254,test
bryan ferry,going down,0,0.672,0.718,4,-9.712,0,0.0365,0.499,0.705,0.168,0.92,157.722,0,2742,bryan ferry,bryan ferry / going down,304,test
erja lyytinen,soul of a man,0,0.536,0.166,7,-11.397,1,0.0364,0.889,0.0,0.109,0.456,168.041,0,2743,erja lyytinen,erja lyytinen / soul of a man,2733,test
trivium,the deceived,0,0.512,0.946,6,-3.854,0,0.0393,4.03e-05,0.00696,0.326,0.429,106.038,0,2744,trivium,trivium / the deceived,2734,train
crystal waters,what i need,0,0.789,0.843,2,-8.743,1,0.086,0.0221,0.000343,0.11,0.621,123.132,1,2745,crystal waters,crystal waters / what i need,2735,train
vangelis,el greco: movement iii,0,0.205,0.082,7,-19.806,1,0.0325,0.983,0.891,0.147,0.0757,177.19,0,2746,vangelis,vangelis / el greco: movement iii,113,test
richard galliano,french touch,0,0.647,0.567,4,-10.191,0,0.0388,0.407,0.441,0.151,0.674,113.256,0,2747,richard galliano,richard galliano / french touch,532,train
michael jackson,you rock my world,1,0.854,0.673,4,-3.132,0,0.185,0.038,0.000227,0.255,0.955,95.0,1,2748,michael jackson,michael jackson / you rock my world,254,test
jennifer lopez,waiting for tonight,1,0.694,0.941,10,-6.108,0,0.0408,0.00224,0.0826,0.109,0.854,125.014,1,2749,jennifer lopez,jennifer lopez / waiting for tonight,348,validation
abysmal dawn,programmed to consume,0,0.407,0.986,1,-6.494,1,0.286,0.000364,0.275,0.121,0.111,125.317,0,2750,abysmal dawn,abysmal dawn / programmed to consume,2544,test
fuel,falls on me,0,0.327,0.793,9,-6.484,0,0.0367,9.7e-05,0.239,0.107,0.174,164.262,1,2751,fuel,fuel / falls on me,1957,train
marc lavoine,si tu veux le savoir,0,0.594,0.214,4,-13.276,1,0.0374,0.866,0.0149,0.116,0.298,140.143,0,2752,marc lavoine,marc lavoine / si tu veux le savoir,2742,train
cleopatra,cleopatras theme,0,0.705,0.673,6,-8.347,1,0.0502,0.137,0.0,0.423,0.814,103.809,1,2753,cleopatra,cleopatra / cleopatras theme,2743,validation
40 grit,a part of me,0,0.477,0.727,9,-9.038,0,0.0284,0.469,0.435,0.114,0.473,148.337,0,2754,40 grit,40 grit / a part of me,1186,test
warrior king,breath of fresh air,0,0.625,0.714,10,-6.017,1,0.241,0.412,0.0,0.207,0.775,83.72,0,2755,warrior king,warrior king / breath of fresh air,800,train
beyonce,get me bodied,1,0.865,0.829,0,-6.981,0,0.315,0.0673,0.0,0.253,0.651,96.511,1,2756,beyonce,beyonce / get me bodied,255,train
the crystal method,realizer,0,0.649,0.765,10,-6.435,0,0.0324,0.0536,0.85,0.0819,0.438,129.988,0,2757,the crystal method,the crystal method / realizer,536,train
warren barfield,unleashed,0,0.703,0.693,4,-6.274,1,0.0663,0.276,0.0,0.537,0.933,98.092,0,2758,warren barfield,warren barfield / unleashed,2748,train
collin raye,"one boy, one girl",0,0.607,0.483,0,-7.294,1,0.0257,0.671,0.0,0.0978,0.252,114.353,1,2759,collin raye,"collin raye / one boy, one girl",2749,validation
owl city,on the wing,0,0.6,0.756,10,-6.675,1,0.032,0.000494,0.000482,0.145,0.0941,115.0,0,2760,owl city,owl city / on the wing,2147,train
shelby lynne,old times sake,0,0.717,0.184,7,-14.876,1,0.0338,0.57,0.0005,0.0753,0.192,61.14,0,2761,shelby lynne,shelby lynne / old times sake,450,train
bryan adams,thought id died and gone to heaven,0,0.438,0.735,4,-8.114,1,0.0301,0.0632,0.0,0.0943,0.527,174.335,1,2762,bryan adams,bryan adams / thought id died and gone to heaven,2623,train
dmx,look thru my eyes,0,0.907,0.643,10,-8.575,0,0.277,0.234,0.0,0.117,0.684,95.75,0,2763,dmx,dmx / look thru my eyes,2137,validation
lost boyz,certain things we do,1,0.693,0.548,9,-11.17,1,0.2,0.0112,0.0,0.0748,0.74,90.244,0,2764,lost boyz,lost boyz / certain things we do,1196,train
celine dion,misled,1,0.707,0.93,5,-6.477,0,0.0324,0.0868,0.00109,0.0986,0.89,109.877,1,2765,celine dion,celine dion / misled,1835,train
gloria estefan,heavens what i feel,1,0.62,0.903,5,-5.045,1,0.0383,0.18,0.0,0.12,0.427,130.992,1,2766,gloria estefan,gloria estefan / heavens what i feel,1362,test
dimmu borgir,master of disharmony,0,0.153,0.958,9,-5.637,1,0.0766,6.25e-06,0.545,0.345,0.124,106.551,0,2767,dimmu borgir,dimmu borgir / master of disharmony,484,test
hot club of cowtown,the magic violin,0,0.637,0.762,11,-8.895,0,0.0681,0.494,0.793,0.159,0.961,148.036,0,2768,hot club of cowtown,hot club of cowtown / the magic violin,1718,train
the frequency,own me,0,0.677,0.679,11,-10.939,0,0.0903,0.265,0.763,0.0735,0.889,76.845,0,2769,the frequency,the frequency / own me,2482,validation
tantric,walk away,0,0.514,0.973,2,-1.992,1,0.0422,0.000221,3.7e-06,0.117,0.871,160.048,0,2770,tantric,tantric / walk away,2760,train
crematorium,dying under a binary star,0,0.413,0.942,6,-4.742,0,0.0727,0.000111,0.00269,0.0541,0.372,84.975,0,2771,crematorium,crematorium / dying under a binary star,2761,test
lenny kravitz,rock and roll is dead,0,0.36,0.932,2,-7.726,1,0.0565,0.000343,0.0314,0.111,0.805,185.926,1,2772,lenny kravitz,lenny kravitz / rock and roll is dead,372,train
floor,assassin,0,0.274,0.971,1,-6.983,0,0.111,7.02e-06,0.331,0.107,0.535,170.807,0,2773,floor,floor / assassin,1797,train
terror fabulous,position,0,0.938,0.523,9,-7.689,0,0.25,0.0299,0.0,0.304,0.662,126.687,0,2774,terror fabulous,terror fabulous / position,2764,train
my chemical romance,na na na (na na na na na na na na na),1,0.411,0.986,8,-2.522,0,0.0583,0.000264,0.00148,0.371,0.649,165.981,1,2775,my chemical romance,my chemical romance / na na na (na na na na na na na na na),1098,train
natural selection,do anything,0,0.654,0.749,11,-9.221,0,0.0537,0.0746,0.0,0.114,0.663,93.847,1,2776,natural selection,natural selection / do anything,2766,validation
fruko y sus tesos,la fruta bomba,0,0.826,0.845,8,-6.804,1,0.0457,0.149,0.000366,0.0331,0.892,105.88,0,2777,fruko y sus tesos,fruko y sus tesos / la fruta bomba,2767,test
collin raye,someone you used to know,1,0.589,0.369,9,-11.477,1,0.0242,0.123,2.21e-06,0.114,0.295,98.997,1,2778,collin raye,collin raye / someone you used to know,2749,validation
coldworld,schmerzensschreie,0,0.255,0.429,2,-5.255,0,0.0834,0.2,0.92,0.106,0.0376,135.161,0,2779,coldworld,coldworld / schmerzensschreie,2769,train
at all cost,drugs,0,0.376,0.846,3,-6.234,0,0.219,0.335,0.236,0.0823,0.0697,107.835,0,2780,at all cost,at all cost / drugs,2770,validation
sugarbomb,posterchild for tragedy,0,0.571,0.562,8,-6.088,1,0.0282,0.000905,0.0137,0.188,0.474,122.86,0,2781,sugarbomb,sugarbomb / posterchild for tragedy,140,train
2 minutos,rompan todo,0,0.411,0.964,0,-3.722,1,0.132,0.000626,0.0,0.434,0.825,105.563,0,2782,2 minutos,2 minutos / rompan todo,1267,train
agnostic front,rock star,0,0.38,0.967,0,-2.12,1,0.0428,0.0466,0.0,0.113,0.77,99.868,0,2783,agnostic front,agnostic front / rock star,786,test
terry callier,holdin on,0,0.526,0.465,9,-12.022,0,0.107,0.559,0.000175,0.34,0.831,169.205,0,2784,terry callier,terry callier / holdin on,763,train
christina aguilera,show me how you burlesque,1,0.753,0.708,7,-5.389,1,0.265,0.0081,0.0,0.188,0.323,105.521,1,2785,christina aguilera,christina aguilera / show me how you burlesque,36,train
avril lavigne,losing grip,0,0.534,0.888,8,-4.667,0,0.0972,0.00128,6.15e-06,0.0772,0.582,158.368,1,2786,avril lavigne,avril lavigne / losing grip,936,train
black eyed peas / terry dexter,magic,0,0.878,0.775,7,-3.747,1,0.0554,0.0691,4.87e-06,0.0557,0.899,103.635,0,2787,black eyed peas / terry dexter,black eyed peas / terry dexter / magic,2777,train
george michael,amazing,1,0.805,0.754,10,-6.825,0,0.0394,0.0884,1.77e-06,0.117,0.88,128.429,0,2788,george michael,george michael / amazing,1107,train
sonora carruseles,vitamina,0,0.675,0.785,5,-8.232,1,0.055,0.391,0.111,0.106,0.745,108.31,0,2789,sonora carruseles,sonora carruseles / vitamina,2475,train
hannah montana,this is the life,0,0.583,0.816,4,-4.215,1,0.0303,0.000493,1.33e-06,0.384,0.503,141.054,1,2790,hannah montana,hannah montana / this is the life,33,validation
real mccoy,automatic lover (call for love),0,0.688,0.98,5,-4.862,0,0.034,0.0693,0.462,0.16,0.538,132.992,1,2791,real mccoy,real mccoy / automatic lover (call for love),2781,train
maroon 5,sunday morning,0,0.607,0.76,0,-5.229,1,0.0482,0.0745,0.0,0.0595,0.805,88.059,1,2792,maroon 5,maroon 5 / sunday morning,737,train
juelz santana,there it go (the whistle song),0,0.947,0.883,6,-6.306,0,0.208,0.022,0.000478,0.422,0.56,100.004,0,2793,juelz santana,juelz santana / there it go (the whistle song),2783,train
!!!,myth takes,0,0.754,0.77,11,-7.83,0,0.0272,0.133,0.747,0.293,0.904,97.109,0,2794,!!!,!!! / myth takes,2784,train
maxwell,ascension (dont ever wonder),0,0.753,0.471,0,-10.48,1,0.0317,0.0805,0.0299,0.131,0.778,96.038,1,2795,maxwell,maxwell / ascension (dont ever wonder),2785,test
keith urban,only you can love me this way,1,0.566,0.429,2,-9.478,1,0.0286,0.457,3.38e-05,0.173,0.325,147.957,1,2796,keith urban,keith urban / only you can love me this way,320,train
martina mcbride,when god-fearin women get the blues,1,0.603,0.707,2,-6.215,1,0.0804,0.118,0.0,0.14,0.455,141.837,1,2797,martina mcbride,martina mcbride / when god-fearin women get the blues,224,test
ephraim lewis,drowning in your eyes,0,0.689,0.419,5,-12.625,0,0.0369,0.239,0.012,0.169,0.529,110.446,1,2798,ephraim lewis,ephraim lewis / drowning in your eyes,2788,test
j.j. cale,midnight in memphis,0,0.774,0.428,0,-14.134,1,0.0345,0.169,0.676,0.0794,0.866,111.328,0,2799,j.j. cale,j.j. cale / midnight in memphis,2789,validation
the disposable heroes of hiphoprisy,music and politics,0,0.722,0.307,2,-16.995,1,0.165,0.837,0.294,0.123,0.461,89.947,0,2800,the disposable heroes of hiphoprisy,the disposable heroes of hiphoprisy / music and politics,2790,train
the ocean,catharsis of a heretic,0,0.596,0.492,5,-8.287,0,0.0313,0.206,0.00245,0.128,0.677,139.984,0,2801,the ocean,the ocean / catharsis of a heretic,2791,validation
t.i.,24s,1,0.739,0.725,6,-4.301,1,0.203,0.227,0.0,0.0991,0.582,162.06,1,2802,t.i.,t.i. / 24s,317,train
jeremy spencer,maria de santiago,0,0.728,0.458,4,-13.35,0,0.0336,0.793,0.373,0.127,0.391,126.165,0,2803,jeremy spencer,jeremy spencer / maria de santiago,1301,train
evanescence,good enough,0,0.39,0.208,0,-11.402,1,0.035,0.913,0.000348,0.124,0.0546,114.838,0,2804,evanescence,evanescence / good enough,2794,validation
ashton shepherd,old memory,0,0.468,0.408,3,-5.35,1,0.0284,0.626,2.89e-06,0.114,0.174,128.941,0,2805,ashton shepherd,ashton shepherd / old memory,2795,train
deekline & wizard,sun is shining,0,0.712,0.851,0,-7.133,1,0.0521,0.0222,0.7,0.182,0.88,136.065,0,2806,deekline & wizard,deekline & wizard / sun is shining,2796,train
hole,doll parts,0,0.416,0.53,7,-8.182,1,0.0255,0.161,1.34e-06,0.108,0.379,102.029,1,2807,hole,hole / doll parts,2797,train
dora the explorer,mary had a little lamb,0,0.745,0.937,4,-2.563,0,0.0642,0.0701,0.373,0.403,0.94,142.032,0,2808,dora the explorer,dora the explorer / mary had a little lamb,71,train
josh gracin,nothin to lose,0,0.612,0.884,7,-3.92,1,0.0372,0.394,1.44e-06,0.434,0.877,121.007,1,2809,josh gracin,josh gracin / nothin to lose,1568,test
gene clark,set you free this time,0,0.592,0.423,2,-12.923,1,0.0264,0.646,0.0,0.0745,0.801,98.545,0,2810,gene clark,gene clark / set you free this time,2800,train
amy winehouse,in my bed,0,0.56,0.812,10,-8.769,0,0.062,0.128,8.04e-06,0.0887,0.748,95.588,0,2811,amy winehouse,amy winehouse / in my bed,1106,train
dave brockie experience,slips of paper,0,0.527,0.797,1,-6.28,1,0.0733,0.00479,0.0,0.0591,0.613,138.164,0,2812,dave brockie experience,dave brockie experience / slips of paper,1977,train
jennifer lopez featuring big pun & fat joe,feelin so good,0,0.738,0.84,10,-7.995,0,0.0606,0.00437,0.00629,0.0807,0.862,107.755,1,2813,jennifer lopez featuring big pun & fat joe,jennifer lopez featuring big pun & fat joe / feelin so good,2803,train
kyle eastwood,samba de paris,0,0.483,0.54,10,-12.192,1,0.0317,0.617,0.798,0.0653,0.531,110.677,0,2814,kyle eastwood,kyle eastwood / samba de paris,2804,test
patsy cline,i cried all the way to the altar,0,0.484,0.23,7,-8.025,1,0.029,0.621,0.0,0.0691,0.5,92.665,0,2815,patsy cline,patsy cline / i cried all the way to the altar,2805,test
furry lewis,old hobo,0,0.461,0.354,10,-6.292,0,0.037,0.856,0.0,0.109,0.349,141.877,0,2816,furry lewis,furry lewis / old hobo,2806,train
anti-flag,on independence day,0,0.301,0.96,10,-6.003,0,0.158,0.00197,6.99e-05,0.0735,0.408,155.283,0,2817,anti-flag,anti-flag / on independence day,1200,train
tim mcgraw,unbroken,1,0.595,0.792,1,-6.979,0,0.0286,0.0865,0.0,0.0769,0.536,119.8,1,2819,tim mcgraw,tim mcgraw / unbroken,205,validation
stevie ray vaughan and double trouble,chitlins con carne,0,0.734,0.398,6,-12.539,0,0.0342,0.0447,0.0967,0.196,0.567,111.788,0,2820,stevie ray vaughan and double trouble,stevie ray vaughan and double trouble / chitlins con carne,596,train
kitaro,trong com,0,0.493,0.137,4,-22.166,1,0.158,0.993,6e-05,0.65,0.64,110.501,0,2821,kitaro,kitaro / trong com,149,validation
janet jackson,if,0,0.653,0.976,11,-5.173,0,0.0797,0.0374,0.00173,0.561,0.447,105.575,1,2822,janet jackson,janet jackson / if,275,train
3 doors down,here without you,1,0.536,0.55,10,-6.733,0,0.0248,0.0537,0.0,0.134,0.234,144.018,1,2823,3 doors down,3 doors down / here without you,272,train
luther vandross,the rush,0,0.628,0.932,1,-8.914,1,0.0508,0.000996,0.309,0.0511,0.969,187.925,1,2824,luther vandross,luther vandross / the rush,112,train
def leppard,make love like a man,0,0.367,0.91,2,-7.289,1,0.049,0.0392,0.0,0.298,0.578,205.76,1,2825,def leppard,def leppard / make love like a man,1655,train
mother superior,get that girl (remix),0,0.477,0.741,11,-6.971,1,0.0706,0.0432,1.04e-05,0.129,0.809,145.088,0,2826,mother superior,mother superior / get that girl (remix),2815,train
mobb deep,(the grave prelude),0,0.51,0.733,10,-13.59,1,0.496,0.143,0.0,0.435,0.394,95.26,0,2827,mobb deep,mobb deep / (the grave prelude),1175,train
atb,collides with beauty,0,0.595,0.896,9,-6.789,0,0.0407,0.0418,0.603,0.681,0.797,136.988,0,2828,atb,atb / collides with beauty,1349,test
pagan wanderer lu,knight -> king 4,0,0.588,0.523,7,-5.971,1,0.0276,0.343,0.157,0.17,0.195,135.025,0,2829,pagan wanderer lu,pagan wanderer lu / knight -> king 4,2818,train
toni braxton,best friend,1,0.65,0.499,11,-8.818,1,0.0291,0.52,0.0,0.225,0.359,123.775,0,2830,toni braxton,toni braxton / best friend,4,train
restless heart,when she cries,0,0.666,0.521,9,-10.993,1,0.0292,0.114,0.0,0.0604,0.361,105.223,1,2831,restless heart,restless heart / when she cries,2820,train
wu-tang clan,c.r.e.a.m. (cash rules everything around me),0,0.675,0.659,9,-8.787,0,0.95,0.706,0.0,0.113,0.172,79.457,1,2832,wu-tang clan,wu-tang clan / c.r.e.a.m. (cash rules everything around me),2821,test
soul asylum,slowly rising,0,0.484,0.725,7,-6.429,1,0.0665,0.00396,0.0,0.364,0.0984,148.867,0,2833,soul asylum,soul asylum / slowly rising,1560,train
j.b. lenoir,i feel so good,0,0.836,0.616,11,-6.614,0,0.0524,0.508,2.93e-05,0.133,0.891,130.04,0,2834,j.b. lenoir,j.b. lenoir / i feel so good,1465,train
bodies in the gears of the apparatus,xenophobic hate machine,0,0.195,0.929,4,-6.136,1,0.0874,1.74e-06,0.811,0.1,0.213,133.209,0,2835,bodies in the gears of the apparatus,bodies in the gears of the apparatus / xenophobic hate machine,2824,train
dave valentin,sunshower,0,0.418,0.471,10,-11.197,1,0.0518,0.732,0.103,0.0722,0.342,124.666,0,2836,dave valentin,dave valentin / sunshower,2825,train
yami bolo,put down your weapons,0,0.667,0.735,0,-5.263,1,0.328,0.297,0.0,0.4,0.668,75.099,0,2837,yami bolo,yami bolo / put down your weapons,2092,test
queens of the stone age,this lullaby,1,0.515,0.202,4,-18.629,0,0.0464,0.922,0.00155,0.1,0.541,158.102,0,2838,queens of the stone age,queens of the stone age / this lullaby,920,validation
rita chiarelli,chiove,0,0.329,0.0517,8,-14.781,1,0.0404,0.917,1.65e-06,0.111,0.169,78.724,0,2839,rita chiarelli,rita chiarelli / chiove,461,validation
will ackerman,a movie of a placid lake on a moonless night in september,0,0.287,0.144,1,-17.977,0,0.0302,0.913,0.769,0.104,0.0379,91.451,0,2840,will ackerman,will ackerman / a movie of a placid lake on a moonless night in september,2270,validation
robin fox,wonderland,0,0.524,0.923,7,-7.836,1,0.0496,0.00462,0.213,0.124,0.15,140.005,0,2841,robin fox,robin fox / wonderland,2830,train
captain hollywood project,find another way,0,0.577,0.752,0,-8.664,1,0.0392,0.00548,0.0563,0.422,0.823,158.966,0,2842,captain hollywood project,captain hollywood project / find another way,465,validation
natasha bedingfield,pocketful of sunshine,1,0.721,0.88,9,-3.896,0,0.0454,0.191,0.0,0.0769,0.655,110.021,1,2843,natasha bedingfield,natasha bedingfield / pocketful of sunshine,917,test
dave matthews band,tripping billies,0,0.569,0.932,11,-5.659,0,0.0388,0.000496,0.0342,0.259,0.944,120.858,0,2844,dave matthews band,dave matthews band / tripping billies,2833,validation
mxpx,drum machine joy,0,0.185,0.69,5,-5.097,1,0.0365,0.00133,3.56e-06,0.0737,0.777,193.658,0,2845,mxpx,mxpx / drum machine joy,301,validation
lit,lovely day,0,0.423,0.933,10,-4.029,1,0.0603,0.000353,0.0,0.125,0.405,134.881,0,2846,lit,lit / lovely day,2835,train
firehose,tien an man dream again,0,0.412,0.903,7,-8.651,1,0.0471,0.0817,0.86,0.325,0.893,176.965,0,2847,firehose,firehose / tien an man dream again,1693,validation
naughty by nature,family tree,1,0.852,0.718,11,-3.676,0,0.307,0.0582,0.0,0.167,0.207,92.036,0,2848,naughty by nature,naughty by nature / family tree,801,test
eberhard weber,unfinished self-portrait,0,0.713,0.0405,8,-25.847,1,0.0308,0.903,0.924,0.1,0.518,99.352,0,2849,eberhard weber,eberhard weber / unfinished self-portrait,2838,train
truckfighters,traffic,0,0.245,0.856,11,-4.976,1,0.0558,0.129,0.886,0.0893,0.446,147.294,0,2850,truckfighters,truckfighters / traffic,2839,test
long beach dub allstars,kablammin it,0,0.589,0.779,5,-3.674,1,0.0717,0.0139,0.0,0.0962,0.582,139.066,0,2851,long beach dub allstars,long beach dub allstars / kablammin it,1206,train
reba,what do you say,1,0.458,0.567,8,-8.199,1,0.0483,0.193,0.0,0.0968,0.332,171.199,1,2852,reba,reba / what do you say,2841,test
lloyd banks,south side story,0,0.631,0.715,1,-2.825,1,0.198,0.00996,0.0,0.0756,0.216,85.33,0,2853,lloyd banks,lloyd banks / south side story,2842,train
alice in chains,angry chair,0,0.325,0.937,8,-6.295,1,0.085,0.0443,0.0,0.0442,0.158,106.989,0,2854,alice in chains,alice in chains / angry chair,43,train
arc angels,see what tomorrow brings,0,0.562,0.512,8,-10.096,1,0.0339,0.0588,5.74e-06,0.0989,0.373,126.044,0,2855,arc angels,arc angels / see what tomorrow brings,739,train
stevie ray vaughan,crossfire,0,0.477,0.715,8,-7.81,1,0.0329,0.037,0.00852,0.0991,0.891,116.102,0,2856,stevie ray vaughan,stevie ray vaughan / crossfire,2845,test
buddy jewell,sweet southern comfort,1,0.495,0.612,2,-6.57,1,0.0303,0.41,0.0,0.0974,0.366,148.083,1,2857,buddy jewell,buddy jewell / sweet southern comfort,2846,train
backstreet boys,drowning,1,0.568,0.782,6,-5.968,1,0.0396,0.0799,0.0,0.0985,0.481,141.942,1,2858,backstreet boys,backstreet boys / drowning,49,train
masta ace incorporated,sittin on chrome,0,0.863,0.624,1,-10.79,1,0.229,0.00417,0.000836,0.324,0.558,91.069,1,2859,masta ace incorporated,masta ace incorporated / sittin on chrome,2848,train
glee cast,losing my religion,1,0.565,0.725,10,-6.442,0,0.0302,0.000393,0.0,0.289,0.625,125.407,1,2860,glee cast,glee cast / losing my religion,57,train
keith sweat,ill give all my love to you,0,0.62,0.514,8,-7.948,1,0.0417,0.431,0.0,0.148,0.453,140.062,1,2861,keith sweat,keith sweat / ill give all my love to you,2850,train
terror squad / remy / prospect / armageddon,hum drum,0,0.703,0.818,1,-5.12,1,0.314,0.115,0.0,0.14,0.45,89.609,0,2862,terror squad / remy / prospect / armageddon,terror squad / remy / prospect / armageddon / hum drum,2851,train
jan wayne,groovin,0,0.78,0.941,2,-5.459,0,0.0944,0.0611,0.00511,0.0823,0.464,140.014,0,2863,jan wayne,jan wayne / groovin,839,train
staind,for you,1,0.318,0.958,10,-2.683,1,0.442,0.0603,4.68e-06,0.0981,0.3,163.089,1,2864,staind,staind / for you,1441,test
candlebox,breathe me in,0,0.374,0.611,1,-5.51,0,0.0314,0.0242,2.05e-05,0.0747,0.326,130.119,0,2865,candlebox,candlebox / breathe me in,2854,train
"10,000 maniacs",these are days,0,0.611,0.833,3,-7.554,1,0.0351,0.0218,0.000204,0.0923,0.793,108.498,1,2866,"10,000 maniacs","10,000 maniacs / these are days",2855,train
saosin,bury your head (acoustic),0,0.46,0.638,6,-3.71,0,0.0304,0.143,0.0,0.112,0.0995,125.034,0,2867,saosin,saosin / bury your head (acoustic),2856,train
don francisco,gotta tell somebody,0,0.404,0.469,9,-10.905,0,0.0683,0.586,0.0,0.0799,0.315,101.57,0,2868,don francisco,don francisco / gotta tell somebody,2555,train
onyx,slam,0,0.879,0.692,4,-12.958,1,0.352,0.0706,0.00426,0.915,0.804,98.329,1,2869,onyx,onyx / slam,1578,train
korn,twisted transistor,1,0.58,0.983,5,-3.291,0,0.0636,0.00043,0.00694,0.0801,0.416,110.053,1,2870,korn,korn / twisted transistor,51,train
martina mcbride,concrete angel,1,0.622,0.392,1,-9.737,1,0.0253,0.498,0.0,0.146,0.274,77.991,1,2871,martina mcbride,martina mcbride / concrete angel,224,test
screamin jay hawkins,talk about me,0,0.556,0.553,6,-11.098,1,0.0572,0.784,0.00015,0.221,0.964,155.052,0,2872,screamin jay hawkins,screamin jay hawkins / talk about me,2861,train
the suicide machines,your silence,0,0.388,0.994,10,-2.388,1,0.188,0.0252,3.14e-06,0.094,0.302,145.028,0,2873,the suicide machines,the suicide machines / your silence,1518,train
damn yankees,high enough,0,0.273,0.537,2,-9.612,1,0.0306,0.0241,0.0,0.0922,0.232,81.814,1,2874,damn yankees,damn yankees / high enough,2207,train
paula abdul,rush rush,0,0.706,0.44,4,-11.577,1,0.0493,0.763,0.0,0.0958,0.395,90.012,1,2875,paula abdul,paula abdul / rush rush,2238,train
josh turner,long black train,0,0.472,0.709,10,-6.471,1,0.051,0.228,2.2e-05,0.114,0.84,169.867,1,2876,josh turner,josh turner / long black train,2554,validation
hot chip,ready for the floor (radio edit),0,0.758,0.752,4,-5.508,1,0.0424,0.00997,5.44e-06,0.0701,0.93,129.012,0,2877,hot chip,hot chip / ready for the floor (radio edit),2866,test
deborah coleman,confused,0,0.585,0.872,2,-3.163,1,0.0351,0.00343,0.0,0.0697,0.571,127.015,0,2878,deborah coleman,deborah coleman / confused,848,train
alex ubago,ciudad desierta,0,0.513,0.763,7,-5.562,1,0.0305,0.214,1.45e-06,0.268,0.488,135.016,0,2879,alex ubago,alex ubago / ciudad desierta,2511,train
scott matthews,city headache,0,0.419,0.469,4,-17.083,0,0.053,0.423,0.0333,0.133,0.511,173.858,0,2880,scott matthews,scott matthews / city headache,710,test
luke bryan,country man,0,0.739,0.836,4,-4.433,1,0.0307,0.031,0.0,0.494,0.858,120.001,1,2881,luke bryan,luke bryan / country man,276,train
christina aguilera,hurt,1,0.327,0.295,4,-6.907,0,0.0313,0.775,0.0,0.107,0.143,148.574,1,2882,christina aguilera,christina aguilera / hurt,36,train
alexandre desplat,hidden documents,0,0.582,0.0137,5,-29.851,1,0.0312,0.988,0.913,0.0848,0.144,91.996,0,2883,alexandre desplat,alexandre desplat / hidden documents,1816,validation
kandi,dont think im not,0,0.859,0.622,11,-8.196,1,0.0445,0.0661,0.0,0.0394,0.433,134.007,1,2884,kandi,kandi / dont think im not,2873,train
kasia stankiewicz,zolte slonie,0,0.534,0.578,0,-7.283,1,0.0251,0.0472,0.235,0.179,0.179,133.989,0,2885,kasia stankiewicz,kasia stankiewicz / zolte slonie,2874,train
susan boyle,wild horses,0,0.23,0.152,8,-13.992,1,0.0353,0.911,0.00493,0.122,0.116,89.475,1,2886,susan boyle,susan boyle / wild horses,2875,test
arrested development,mr. wendal,0,0.884,0.37,8,-11.353,1,0.112,0.0188,0.00423,0.026,0.883,109.997,1,2887,arrested development,arrested development / mr. wendal,2407,train
lionel richie,just for you,1,0.657,0.599,11,-8.388,0,0.03,0.1,3.06e-06,0.0957,0.531,115.007,1,2888,lionel richie,lionel richie / just for you,240,test
die fantastischen vier,was wollen wir noch mehr?,0,0.649,0.686,10,-7.673,1,0.123,0.412,0.0,0.254,0.67,95.928,0,2889,die fantastischen vier,die fantastischen vier / was wollen wir noch mehr?,2878,train
johnny horton,got the bull by the horns,0,0.724,0.575,9,-13.687,1,0.0415,0.529,0.0,0.123,0.957,83.0,0,2890,johnny horton,johnny horton / got the bull by the horns,355,train
keyshia cole,you complete me,1,0.683,0.664,2,-4.813,0,0.0581,0.611,0.0,0.234,0.725,111.491,1,2891,keyshia cole,keyshia cole / you complete me,1840,train
semisonic,gone to the movies,0,0.675,0.323,0,-9.983,1,0.0259,0.504,0.000927,0.0881,0.646,98.121,0,2892,semisonic,semisonic / gone to the movies,99,train
shai,i dont wanna be alone,0,0.77,0.442,0,-7.998,1,0.026,0.603,0.0,0.0779,0.616,104.228,1,2893,shai,shai / i dont wanna be alone,2882,train
eiffel 65,blue (da ba dee),0,0.822,0.969,7,-11.471,0,0.0582,0.259,0.000162,0.39,0.765,128.007,1,2894,eiffel 65,eiffel 65 / blue (da ba dee),2883,train
jope ruonansuu,rant kanaria,0,0.73,0.379,9,-9.169,0,0.0381,0.596,6.78e-05,0.0594,0.415,110.922,0,2895,jope ruonansuu,jope ruonansuu / rant kanaria,1425,validation
information society,slipping away/here is kazmeyer,0,0.526,0.428,9,-15.124,1,0.0295,0.0917,4.32e-06,0.261,0.206,89.97,0,2896,information society,information society / slipping away/here is kazmeyer,384,train
coo coo cal,my projects,0,0.803,0.955,6,-3.819,0,0.293,0.178,2.41e-05,0.593,0.814,95.289,1,2897,coo coo cal,coo coo cal / my projects,2886,test
the field mice,below the stars,0,0.427,0.273,7,-13.551,1,0.0305,0.0442,0.897,0.0927,0.294,140.02,0,2898,the field mice,the field mice / below the stars,2887,train
olivia ruiz,vitrier,0,0.38,0.365,5,-7.723,0,0.0534,0.492,3.6e-06,0.372,0.42,158.394,0,2899,olivia ruiz,olivia ruiz / vitrier,2888,train
tyrese,sweet lady,0,0.588,0.522,9,-6.254,0,0.0383,0.233,0.0,0.24,0.584,66.024,1,2900,tyrese,tyrese / sweet lady,451,train
kalibas,from ivory towers above the control grid,0,0.28,0.9,1,-6.535,1,0.133,0.000589,0.183,0.358,0.296,104.072,0,2901,kalibas,kalibas / from ivory towers above the control grid,2890,train
francis dunnery,too much saturn,0,0.575,0.825,10,-5.622,1,0.0634,0.249,0.0,0.317,0.908,129.82,0,2902,francis dunnery,francis dunnery / too much saturn,777,test
the chap,we are not impartial,0,0.6,0.215,6,-9.342,0,0.0321,0.612,0.0076,0.135,0.213,144.023,0,2903,the chap,the chap / we are not impartial,18,train
cradle of filth,summer dying fast,0,0.205,0.95,2,-5.769,0,0.108,0.000925,0.1,0.432,0.0635,97.761,0,2904,cradle of filth,cradle of filth / summer dying fast,2893,train
queensryche,silent lucidity,0,0.462,0.628,7,-5.659,1,0.0274,0.0534,0.00025,0.12,0.0981,140.049,1,2905,queensryche,queensryche / silent lucidity,2894,train
luniz,i got 5 on it,0,0.6,0.706,10,-7.899,0,0.361,0.209,0.0,0.125,0.58,173.926,1,2906,luniz,luniz / i got 5 on it,2895,train
john mayer,free fallin,1,0.315,0.296,5,-13.262,1,0.0317,0.771,0.0,0.702,0.436,172.638,1,2907,john mayer,john mayer / free fallin,2395,train
capleton,when me a move,0,0.758,0.476,1,-14.757,1,0.151,0.354,0.0,0.139,0.815,102.471,0,2908,capleton,capleton / when me a move,2219,train
trent tomlinson,one wing in the fire,0,0.614,0.529,3,-7.43,1,0.0308,0.459,0.0,0.129,0.45,141.929,1,2909,trent tomlinson,trent tomlinson / one wing in the fire,2898,validation
david nail,red light,0,0.386,0.802,9,-2.468,1,0.0372,0.101,1.11e-05,0.211,0.428,163.907,1,2910,david nail,david nail / red light,2899,train
lifehouse,first time,1,0.442,0.952,3,-2.214,1,0.0541,2.41e-05,0.0,0.205,0.505,130.682,1,2911,lifehouse,lifehouse / first time,158,validation
beyonce,sweet dreams,1,0.694,0.825,1,-5.986,1,0.111,0.0895,1.86e-05,0.0618,0.788,121.949,1,2912,beyonce,beyonce / sweet dreams,255,train
modeselektor,we do it too,0,0.559,0.984,10,-7.312,0,0.0989,0.00743,0.788,0.0686,0.596,188.0,0,2913,modeselektor,modeselektor / we do it too,2613,test
russ irwin,my heart belongs to you,0,0.491,0.34,3,-12.18,1,0.0293,0.645,1.46e-06,0.112,0.226,133.305,1,2914,russ irwin,russ irwin / my heart belongs to you,2903,train
black box,strike it up,0,0.871,0.874,6,-7.63,0,0.061,0.0101,0.000326,0.0808,0.911,118.385,1,2915,black box,black box / strike it up,2904,test
metallica,nothing else matters,1,0.558,0.364,4,-11.258,0,0.0265,0.0505,5.02e-06,0.0753,0.17,142.171,1,2916,metallica,metallica / nothing else matters,87,test
britney spears,shattered glass,1,0.831,0.489,0,-6.475,0,0.0533,0.0483,1.33e-05,0.074,0.376,120.054,1,2917,britney spears,britney spears / shattered glass,513,test
rob thomas,someday,1,0.573,0.905,10,-5.954,1,0.0343,0.0408,0.0,0.113,0.683,135.943,1,2918,rob thomas,rob thomas / someday,2907,train
boy george,"the crying game (from the crying game"")""",0,0.584,0.668,4,-8.829,0,0.0289,0.0737,0.0134,0.162,0.544,100.036,1,2919,boy george,"boy george / the crying game (from the crying game"")""",2908,train
mad lion,take it easy,0,0.945,0.67,5,-12.821,0,0.222,0.631,0.0,0.199,0.599,99.357,1,2920,mad lion,mad lion / take it easy,2909,train
tina turner,why must we wait until tonight,0,0.734,0.55,8,-12.691,1,0.032,0.399,0.000913,0.342,0.672,89.75,1,2921,tina turner,tina turner / why must we wait until tonight,2910,validation
simple minds,chelsea girl (live),0,0.426,0.813,2,-6.534,1,0.0287,0.0021,0.00475,0.232,0.568,106.679,0,2922,simple minds,simple minds / chelsea girl (live),908,train
lost boyz,get your hustle on,1,0.707,0.569,6,-10.09,1,0.171,0.021,1.95e-06,0.0688,0.629,93.137,0,2923,lost boyz,lost boyz / get your hustle on,1196,train
galactic,squarebiz,0,0.738,0.731,9,-4.129,1,0.214,0.0503,0.0,0.0457,0.864,91.807,0,2924,galactic,galactic / squarebiz,681,train
k-os,b-boy stance,0,0.768,0.874,0,-5.766,0,0.248,0.199,0.0,0.0789,0.843,98.038,0,2925,k-os,k-os / b-boy stance,1095,train
sleepy john estes,need more blues,0,0.577,0.233,11,-10.31,1,0.0373,0.943,0.0035,0.105,0.478,84.506,0,2926,sleepy john estes,sleepy john estes / need more blues,2915,train
danny elfman,the kingdom - titles,0,0.612,0.613,1,-13.796,1,0.0569,0.458,0.823,0.152,0.483,128.646,0,2927,danny elfman,danny elfman / the kingdom - titles,2916,train
stanley clarke,what if i forget the champagne,0,0.505,0.343,0,-15.343,0,0.0307,0.74,0.859,0.112,0.196,123.211,0,2928,stanley clarke,stanley clarke / what if i forget the champagne,2917,train
workhorse,serus,0,0.369,0.817,0,-6.447,1,0.0403,4.39e-05,0.0227,0.307,0.274,123.352,0,2929,workhorse,workhorse / serus,2918,test
facto delafe y las flores azules,desde el este,0,0.85,0.539,3,-7.109,1,0.0327,0.0292,0.0397,0.0549,0.956,96.031,0,2930,facto delafe y las flores azules,facto delafe y las flores azules / desde el este,2919,train
jesse malin,almost grown,0,0.569,0.851,11,-5.749,1,0.0381,0.0726,0.0,0.0611,0.925,137.854,0,2931,jesse malin,jesse malin / almost grown,628,test
ashanti,foolish,0,0.477,0.728,0,-5.71,1,0.0831,0.358,0.0,0.11,0.69,89.209,1,2932,ashanti,ashanti / foolish,2921,test
janet jackson,just a little while,1,0.771,0.779,0,-3.571,1,0.0629,0.056,3.36e-05,0.0831,0.972,135.1,1,2933,janet jackson,janet jackson / just a little while,275,train
tin hat trio,width of the world,0,0.243,0.259,7,-12.661,1,0.0298,0.615,0.0673,0.1,0.105,146.268,0,2934,tin hat trio,tin hat trio / width of the world,2923,train
nine inch nails,the frail,0,0.189,0.00423,0,-34.898,1,0.0436,0.946,0.898,0.244,0.203,72.819,0,2935,nine inch nails,nine inch nails / the frail,430,train
ty herndon,steam,1,0.676,0.738,6,-6.693,1,0.0262,0.0497,2.7e-06,0.0784,0.697,101.944,1,2936,ty herndon,ty herndon / steam,2209,test
edward maya & vika jigulina,stereo love,0,0.668,0.749,1,-6.695,0,0.0331,0.0234,0.000298,0.0697,0.128,127.113,1,2937,edward maya & vika jigulina,edward maya & vika jigulina / stereo love,2926,train
paul glazby,beautiful,0,0.66,0.934,6,-9.477,0,0.0748,8.6e-05,0.724,0.122,0.514,149.839,0,2938,paul glazby,paul glazby / beautiful,2927,validation
candyman,nightgown,0,0.888,0.857,11,-6.741,1,0.0966,0.01,0.00139,0.0169,0.811,127.908,1,2939,candyman,candyman / nightgown,2928,test
outkast,"so fresh, so clean",1,0.725,0.64,5,-7.905,0,0.332,0.0278,0.0,0.099,0.915,166.029,1,2940,outkast,"outkast / so fresh, so clean",293,test
klaus badelt,after the fire,0,0.348,0.000549,7,-27.004,0,0.0617,0.995,0.967,0.0797,0.192,67.746,0,2941,klaus badelt,klaus badelt / after the fire,89,train
panzer ag,when i am you,0,0.5,0.954,2,-3.599,1,0.0577,0.000115,0.869,0.209,0.333,119.989,0,2942,panzer ag,panzer ag / when i am you,2931,train
toby keith,a little too late,1,0.408,0.752,11,-5.725,1,0.0478,0.188,3.92e-05,0.141,0.604,201.713,1,2943,toby keith,toby keith / a little too late,270,train
blind willie mctell,boll weevil,0,0.569,0.223,0,-16.41,1,0.0828,0.995,0.0112,0.179,0.881,69.197,0,2944,blind willie mctell,blind willie mctell / boll weevil,2933,validation
david arkenstone,drifting,0,0.724,0.474,10,-11.693,1,0.0578,0.407,0.838,0.0977,0.572,80.018,0,2945,david arkenstone,david arkenstone / drifting,1842,validation
trisha yearwood,ill still love you more,1,0.488,0.528,6,-6.127,0,0.03,0.571,0.0,0.206,0.164,147.871,1,2946,trisha yearwood,trisha yearwood / ill still love you more,2935,train
2 minutos,14 botellas,0,0.272,0.977,2,-5.769,1,0.0758,2.94e-06,0.425,0.405,0.674,113.508,0,2947,2 minutos,2 minutos / 14 botellas,1267,train
arthur tracy,a sailboat in the moonlight,0,0.362,0.172,0,-15.122,1,0.0428,0.982,0.0705,0.153,0.178,67.36,0,2948,arthur tracy,arthur tracy / a sailboat in the moonlight,1291,test
t-la rock,back to burn,0,0.835,0.862,7,-7.071,1,0.162,0.0271,0.0134,0.0822,0.696,97.788,0,2949,t-la rock,t-la rock / back to burn,2938,train
the highwaymen,the road goes on forever,0,0.681,0.683,2,-8.79,1,0.0461,0.552,0.0,0.0529,0.643,111.559,0,2950,the highwaymen,the highwaymen / the road goes on forever,2939,train
thirty seconds to mars,from yesterday,0,0.467,0.876,10,-4.841,1,0.0693,0.00578,0.00592,0.035,0.131,135.055,1,2951,thirty seconds to mars,thirty seconds to mars / from yesterday,2563,validation
autumnblaze,her golden robe in silence veiled,0,0.353,0.602,9,-11.948,0,0.0377,0.0126,0.591,0.1,0.451,118.751,0,2952,autumnblaze,autumnblaze / her golden robe in silence veiled,208,validation
brad paisley,american saturday night,1,0.487,0.938,4,-5.466,1,0.0533,0.0721,2.63e-05,0.522,0.733,157.795,1,2953,brad paisley,brad paisley / american saturday night,502,train
coldplay,speed of sound,1,0.523,0.898,11,-6.765,0,0.0567,0.00491,0.0345,0.0746,0.355,123.085,1,2954,coldplay,coldplay / speed of sound,181,test
jack johnson,adrift,1,0.64,0.198,0,-15.429,1,0.0387,0.86,0.0186,0.108,0.36,80.805,0,2955,jack johnson,jack johnson / adrift,974,train
sizzla,love & devotion,0,0.798,0.758,7,-6.276,1,0.263,0.136,0.0,0.107,0.547,98.822,0,2956,sizzla,sizzla / love & devotion,486,train
lady antebellum,lookin for a good time,0,0.665,0.936,7,-2.97,1,0.0544,0.0146,0.0,0.125,0.848,122.003,1,2957,lady antebellum,lady antebellum / lookin for a good time,1628,train
peter gallagher,everytime it rains,0,0.67,0.316,5,-10.855,1,0.0305,0.797,1.23e-05,0.115,0.0593,104.081,0,2958,peter gallagher,peter gallagher / everytime it rains,2947,train
mariah carey,all i want for christmas is you,1,0.335,0.625,7,-7.462,1,0.0386,0.164,0.0,0.0708,0.346,150.277,1,2959,mariah carey,mariah carey / all i want for christmas is you,225,train
hannah montana,he could be the one,1,0.602,0.894,4,-3.975,1,0.032,0.00154,0.0,0.433,0.643,125.988,1,2960,hannah montana,hannah montana / he could be the one,33,validation
voice of the beehive,monsters and angels,0,0.573,0.557,9,-9.778,1,0.0283,0.000247,2.26e-05,0.271,0.519,81.536,1,2961,voice of the beehive,voice of the beehive / monsters and angels,2950,train
bally sagoo,punjabian di chale glassi,0,0.717,0.944,6,-2.844,0,0.0853,0.317,1.85e-06,0.361,0.865,95.999,0,2962,bally sagoo,bally sagoo / punjabian di chale glassi,2951,train
simply red,thrill me,0,0.618,0.921,2,-6.598,0,0.045,0.0696,0.0263,0.176,0.875,93.988,0,2963,simply red,simply red / thrill me,426,train
hannah montana,lifes what you make it,1,0.633,0.936,0,-3.252,1,0.0493,0.041,0.0,0.589,0.832,143.984,1,2964,hannah montana,hannah montana / lifes what you make it,33,validation
ten madison,cup horn,0,0.721,0.855,10,-9.002,0,0.0538,0.105,0.854,0.111,0.664,95.006,0,2965,ten madison,ten madison / cup horn,591,test
staind,its been awhile,0,0.509,0.774,6,-4.054,1,0.0338,0.00189,0.000549,0.143,0.0824,116.529,1,2966,staind,staind / its been awhile,1441,test
novika,mikawa miya,0,0.624,0.601,0,-9.767,1,0.05,0.178,0.00324,0.201,0.52,90.002,0,2967,novika,novika / mikawa miya,2405,validation
the tragically hip,the drop-off,0,0.284,0.958,6,-3.657,0,0.0748,0.000131,1.75e-06,0.342,0.769,110.076,0,2968,the tragically hip,the tragically hip / the drop-off,1645,train
daler mehndi,teri nau ke paune teen,0,0.729,0.975,0,-3.692,1,0.213,0.356,1.82e-05,0.487,0.764,146.941,0,2969,daler mehndi,daler mehndi / teri nau ke paune teen,2958,validation
helen love,rollercoasting,0,0.666,0.529,3,-12.079,0,0.0298,0.104,1.34e-06,0.0684,0.819,99.69,0,2970,helen love,helen love / rollercoasting,1036,train
sticky fingaz,oh my god,0,0.704,0.815,1,-5.433,1,0.247,0.00756,2.06e-06,0.928,0.435,90.998,0,2971,sticky fingaz,sticky fingaz / oh my god,2960,train
sonny terry,my baby likes to shuffle,0,0.661,0.54,4,-12.85,1,0.0434,0.977,0.75,0.257,0.826,150.207,0,2972,sonny terry,sonny terry / my baby likes to shuffle,2961,validation
incubus,just a phase,0,0.611,0.563,9,-7.722,1,0.0291,0.15,0.547,0.539,0.0938,108.002,0,2973,incubus,incubus / just a phase,895,validation
bryan adams,do i have to say the words?,1,0.507,0.581,7,-9.315,1,0.0294,0.0804,3.19e-06,0.167,0.485,128.095,1,2974,bryan adams,bryan adams / do i have to say the words?,2623,train
tito puente,mambo suavecito,0,0.782,0.56,11,-10.162,0,0.0908,0.452,0.00151,0.0653,0.962,88.799,0,2975,tito puente,tito puente / mambo suavecito,399,train
justin timberlake,what goes around...comes around,0,0.685,0.723,7,-4.791,1,0.176,0.131,0.000935,0.592,0.385,75.995,1,2976,justin timberlake,justin timberlake / what goes around...comes around,901,train
the click,hurricane,0,0.824,0.48,0,-6.745,0,0.144,0.178,0.0,0.167,0.724,88.029,1,2977,the click,the click / hurricane,2966,validation
byther smith,so unhappy,0,0.386,0.493,0,-9.647,1,0.0431,0.748,0.00792,0.135,0.727,184.69,0,2978,byther smith,byther smith / so unhappy,2967,train
sylver,sympathy,0,0.726,0.781,9,-8.962,0,0.0481,0.185,0.0275,0.182,0.451,138.898,0,2979,sylver,sylver / sympathy,2968,train
daddy yankee,a lo clasico,0,0.853,0.84,4,-3.63,0,0.116,0.0476,0.0,0.142,0.816,91.024,0,2980,daddy yankee,daddy yankee / a lo clasico,1676,train
james hunter,class act,0,0.772,0.605,2,-5.958,0,0.0401,0.562,0.0,0.147,0.939,101.867,0,2981,james hunter,james hunter / class act,2970,validation
tim exile,family galaxy,0,0.256,0.766,1,-7.05,1,0.116,0.000361,0.868,0.0955,0.358,174.88,0,2982,tim exile,tim exile / family galaxy,221,validation
50 cent,just a lil bit,1,0.489,0.692,1,-6.672,1,0.41,0.0322,0.00608,0.315,0.527,96.946,1,2983,50 cent,50 cent / just a lil bit,241,validation
david banner,play,0,0.834,0.652,1,-7.899,0,0.18,0.000235,0.0933,0.206,0.548,95.015,1,2984,david banner,david banner / play,616,validation
the rebel pebbles,dream lover,0,0.528,0.819,4,-8.211,1,0.0389,0.00911,2.68e-05,0.322,0.757,140.055,1,2985,the rebel pebbles,the rebel pebbles / dream lover,2974,train
tom petty and the heartbreakers,"walls (from shes the one"")""",0,0.654,0.622,5,-5.592,1,0.0267,0.00784,4.45e-05,0.195,0.616,119.088,1,2986,tom petty and the heartbreakers,"tom petty and the heartbreakers / walls (from shes the one"")""",1055,test
dub pistols feat. tk,revitalise,0,0.633,0.907,10,-6.014,1,0.0315,0.000682,0.358,0.336,0.402,100.036,0,2987,dub pistols feat. tk,dub pistols feat. tk / revitalise,2976,train
hi-c,im not your puppet,0,0.718,0.729,0,-5.389,0,0.267,0.0403,0.0,0.171,0.651,188.51,1,2988,hi-c,hi-c / im not your puppet,2977,train
kaija koo,viimeiset hitaat,0,0.535,0.267,0,-12.239,1,0.032,0.695,0.0,0.0698,0.343,115.227,0,2989,kaija koo,kaija koo / viimeiset hitaat,354,train
sir mix-a-lot,baby got back,0,0.933,0.666,8,-11.277,1,0.308,0.00458,0.0,0.0908,0.635,128.466,1,2990,sir mix-a-lot,sir mix-a-lot / baby got back,2979,test
new found glory,sucker,0,0.568,0.962,6,-5.034,1,0.0686,5.16e-05,0.0269,0.316,0.665,125.023,0,2991,new found glory,new found glory / sucker,2980,test
dark party,active,0,0.564,0.805,5,-4.156,0,0.0455,0.047,0.71,0.101,0.391,175.947,0,2992,dark party,dark party / active,2981,train
b2k featuring fabolous,badaboom,0,0.8,0.644,4,-4.898,1,0.148,0.0215,0.00059,0.0924,0.816,96.015,1,2993,b2k featuring fabolous,b2k featuring fabolous / badaboom,2982,test
behemoth,hello space boy,0,0.204,0.919,5,-4.207,1,0.0654,0.00511,0.0201,0.0629,0.0623,80.661,0,2994,behemoth,behemoth / hello space boy,641,test
mary j. blige,ooh!,1,0.635,0.8,11,-6.075,0,0.0339,0.000284,0.000254,0.0627,0.283,93.06,1,2995,mary j. blige,mary j. blige / ooh!,107,test
sophie b. hawkins,did we not choose each other,0,0.649,0.575,11,-8.839,1,0.0316,0.636,0.0,0.253,0.752,146.741,0,2996,sophie b. hawkins,sophie b. hawkins / did we not choose each other,734,train
cocoa tea,hurry up and come,0,0.793,0.688,1,-5.598,0,0.0911,0.146,0.0,0.247,0.804,159.952,0,2997,cocoa tea,cocoa tea / hurry up and come,1776,validation
martina mcbride,blessed,0,0.587,0.629,7,-7.439,1,0.0424,0.183,0.0,0.0686,0.425,114.993,1,2998,martina mcbride,martina mcbride / blessed,224,test
wendo kolosoy,marie marie,0,0.579,0.61,7,-8.358,1,0.0326,0.658,0.00527,0.12,0.786,165.611,0,2999,wendo kolosoy,wendo kolosoy / marie marie,2988,train
cassie,me & u,0,0.803,0.454,8,-4.802,0,0.0294,0.352,0.0,0.0655,0.739,99.99,1,3000,cassie,cassie / me & u,2989,validation
ice cube,why we thugs,1,0.683,0.59,1,-5.423,1,0.458,0.326,0.0,0.148,0.653,100.892,1,3001,ice cube,ice cube / why we thugs,1998,train
muse,uprising,0,0.602,0.905,2,-4.046,1,0.0775,0.000202,0.064,0.117,0.411,128.019,1,3002,muse,muse / uprising,2991,train
vilma palma e vampiros,verano traidor,0,0.749,0.693,11,-7.087,0,0.038,0.00325,0.000489,0.389,0.719,102.098,0,3003,vilma palma e vampiros,vilma palma e vampiros / verano traidor,2071,train
tim exile,post-toxic finger disorder,0,0.178,0.997,10,-4.64,0,0.274,0.00417,0.0525,0.342,0.419,176.975,0,3004,tim exile,tim exile / post-toxic finger disorder,221,validation
alicia keys,heartburn,1,0.717,0.63,4,-9.109,1,0.365,0.218,0.00405,0.0378,0.839,119.846,0,3005,alicia keys,alicia keys / heartburn,439,train
love jones,matter of fact,0,0.596,0.626,7,-7.655,0,0.0809,0.337,2.19e-05,0.157,0.641,102.525,0,3006,love jones,love jones / matter of fact,809,test
martha wainwright,who was i kidding,0,0.388,0.228,7,-9.105,1,0.032,0.679,9e-05,0.109,0.168,79.006,0,3007,martha wainwright,martha wainwright / who was i kidding,2695,train
eighteen visions,our darkest days,0,0.523,0.877,3,-5.088,0,0.0503,0.00294,0.0,0.59,0.29,131.026,0,3008,eighteen visions,eighteen visions / our darkest days,2997,validation
patience dabany,abagui alobi,0,0.578,0.965,5,-4.362,1,0.0985,0.0216,0.0736,0.752,0.805,124.709,0,3009,patience dabany,patience dabany / abagui alobi,2998,validation
toby keith,how do you like me now?!,1,0.632,0.83,0,-4.665,1,0.0463,0.0807,7.47e-06,0.123,0.69,109.387,1,3010,toby keith,toby keith / how do you like me now?!,270,train
jibbs,chain hang low,0,0.797,0.586,4,-6.98,0,0.269,0.0263,5.44e-05,0.123,0.768,157.151,1,3011,jibbs,jibbs / chain hang low,3000,train
bessie smith,gin house blues,0,0.566,0.121,4,-8.548,1,0.0363,0.996,0.0158,0.356,0.388,75.89,0,3012,bessie smith,bessie smith / gin house blues,961,train
set your goals,this very moment,0,0.267,0.941,8,-3.698,1,0.0705,0.00259,5.88e-05,0.107,0.377,132.66,0,3014,set your goals,set your goals / this very moment,607,test
disembowelment,your prophetic throne of ivory,0,0.267,0.814,7,-7.948,0,0.066,0.0213,0.546,0.125,0.039,113.866,0,3015,disembowelment,disembowelment / your prophetic throne of ivory,3003,train
mungo jerry,pushbike song,0,0.805,0.407,9,-16.025,1,0.323,0.0963,0.0,0.0728,0.804,167.688,0,3016,mungo jerry,mungo jerry / pushbike song,3004,test
cocoa tea,getting closer,0,0.765,0.848,11,-5.935,0,0.0691,0.0238,0.0,0.332,0.864,83.002,0,3017,cocoa tea,cocoa tea / getting closer,1776,validation
jamie oneal,somebodys hero,0,0.493,0.735,1,-6.012,1,0.0432,0.0771,0.0,0.107,0.626,164.059,1,3018,jamie oneal,jamie oneal / somebodys hero,3006,train
ffh,listen,0,0.629,0.348,10,-14.378,1,0.378,0.719,0.0,0.292,0.925,69.987,0,3019,ffh,ffh / listen,658,train
katy perry,teenage dream,1,0.719,0.804,10,-4.581,1,0.0355,0.0132,3.02e-06,0.139,0.605,119.999,1,3020,katy perry,katy perry / teenage dream,1091,train
whitney houston & deborah cox,"same script, different cast",0,0.677,0.649,9,-8.612,1,0.0355,0.00729,0.215,0.098,0.204,131.109,1,3021,whitney houston & deborah cox,"whitney houston & deborah cox / same script, different cast",3009,test
shania twain,that dont impress me much,0,0.745,0.869,10,-4.828,0,0.0574,0.153,0.0,0.139,0.963,125.005,1,3022,shania twain,shania twain / that dont impress me much,1110,train
willie colon,guajira y ven,0,0.673,0.632,0,-8.7,0,0.115,0.387,4.12e-05,0.0717,0.775,96.299,0,3023,willie colon,willie colon / guajira y ven,3011,validation
helmet,street crab,0,0.354,0.754,9,-10.807,0,0.0572,0.00532,0.00938,0.104,0.353,140.629,0,3024,helmet,helmet / street crab,664,test
gorilla zoe,hood figga,0,0.814,0.713,1,-5.089,1,0.107,0.0162,0.0,0.123,0.145,174.264,1,3025,gorilla zoe,gorilla zoe / hood figga,3013,validation
lords of the underground,tic toc,1,0.805,0.573,1,-8.549,1,0.287,0.0701,3.3e-06,0.112,0.437,91.794,1,3026,lords of the underground,lords of the underground / tic toc,993,validation
aerosmith,milkcow blues,0,0.252,0.752,0,-10.901,1,0.0522,0.012,0.0114,0.0977,0.564,208.578,0,3027,aerosmith,aerosmith / milkcow blues,490,train
joe satriani,house full of bullets,0,0.422,0.896,11,-6.25,0,0.0344,0.000292,0.837,0.14,0.67,92.446,0,3028,joe satriani,joe satriani / house full of bullets,2336,train
jack off jill,yellow brick road,0,0.358,0.909,11,-4.923,0,0.111,0.00143,0.0665,0.289,0.43,154.74,0,3029,jack off jill,jack off jill / yellow brick road,2698,validation
michael w. smith,somebody love me,0,0.441,0.538,9,-8.597,1,0.0253,0.241,0.0,0.105,0.302,151.82,1,3030,michael w. smith,michael w. smith / somebody love me,2134,train
guns n roses,locomotive (complicity),0,0.474,0.983,4,-7.251,1,0.0889,0.00763,0.000758,0.0475,0.435,118.182,0,3031,guns n roses,guns n roses / locomotive (complicity),834,train
skeeter davis,santa claus is coming to town,0,0.665,0.324,7,-16.743,1,0.0299,0.306,3.34e-06,0.305,0.712,150.669,0,3032,skeeter davis,skeeter davis / santa claus is coming to town,2346,train
jennifer lopez,que hiciste,1,0.641,0.659,2,-7.149,0,0.0857,0.541,6.02e-06,0.162,0.628,116.148,1,3033,jennifer lopez,jennifer lopez / que hiciste,348,validation
michael whalen,a new heart,0,0.573,0.303,0,-15.861,1,0.0393,0.158,0.93,0.111,0.0318,110.083,0,3034,michael whalen,michael whalen / a new heart,3022,train
falco,monarchy now,0,0.646,0.92,6,-6.247,1,0.107,0.0432,6.38e-05,0.414,0.677,94.795,0,3035,falco,falco / monarchy now,3023,train
stacy earl,slowly,0,0.539,0.407,8,-13.017,1,0.0264,0.639,6.95e-05,0.0613,0.264,80.156,1,3036,stacy earl,stacy earl / slowly,3024,train
casiotone for the painfully alone,attic room,0,0.37,0.673,0,-5.106,1,0.0961,0.621,0.655,0.0605,0.525,98.346,0,3037,casiotone for the painfully alone,casiotone for the painfully alone / attic room,1335,test
dru hill,i love you,0,0.57,0.697,11,-7.303,0,0.0522,0.366,0.0,0.507,0.545,123.995,1,3038,dru hill,dru hill / i love you,1802,train
fruko y sus tesos,tania,0,0.669,0.679,0,-7.894,1,0.0481,0.241,1.17e-05,0.681,0.862,103.434,0,3039,fruko y sus tesos,fruko y sus tesos / tania,2767,test
jennifer lopez,we gotta talk,1,0.783,0.896,5,-3.942,1,0.0892,0.0253,0.00047,0.112,0.841,132.688,0,3040,jennifer lopez,jennifer lopez / we gotta talk,348,validation
kassav,loko,0,0.656,0.816,8,-6.309,1,0.12,0.0798,5.35e-05,0.208,0.694,195.962,0,3041,kassav,kassav / loko,1524,test
train,meet virginia,0,0.675,0.553,7,-7.775,1,0.0486,0.0863,7.58e-06,0.118,0.594,90.02,1,3042,train,train / meet virginia,2488,test
atari teenage riot,live at brixton academy 1999,0,0.0973,0.677,8,-7.61,1,0.386,0.00159,0.395,0.353,0.0331,58.258,0,3043,atari teenage riot,atari teenage riot / live at brixton academy 1999,2228,train
prince and the new power generation,the morning papers,0,0.514,0.719,0,-5.381,0,0.0443,0.177,4.09e-05,0.197,0.437,131.639,1,3044,prince and the new power generation,prince and the new power generation / the morning papers,3032,test
los chunguitos,por la calle abajo,0,0.679,0.812,5,-5.579,1,0.0395,0.266,0.0,0.117,0.882,77.114,0,3045,los chunguitos,los chunguitos / por la calle abajo,3033,validation
jason aldean,laughed until we cried,1,0.547,0.485,7,-5.368,1,0.0292,0.467,0.0,0.0736,0.243,145.057,1,3046,jason aldean,jason aldean / laughed until we cried,930,train
tin hat trio,scrap,0,0.529,0.475,7,-13.761,0,0.0788,0.985,0.9,0.125,0.562,109.099,0,3047,tin hat trio,tin hat trio / scrap,2923,train
finger eleven,one thing,0,0.593,0.554,1,-9.286,1,0.0336,0.476,0.0,0.0804,0.489,151.953,1,3048,finger eleven,finger eleven / one thing,404,test
toad the wet sprocket,fall down,0,0.444,0.886,0,-5.705,1,0.0335,0.115,0.000688,0.164,0.736,151.974,1,3049,toad the wet sprocket,toad the wet sprocket / fall down,3037,train
vhs or beta,you got me (the juan maclean dub),0,0.821,0.948,1,-6.7,1,0.0384,0.107,0.874,0.61,0.607,126.003,0,3050,vhs or beta,vhs or beta / you got me (the juan maclean dub),686,train
boyz ii men,in my life,1,0.585,0.439,2,-10.066,1,0.0285,0.823,1.92e-06,0.143,0.442,95.036,0,3051,boyz ii men,boyz ii men / in my life,557,validation
it dies today,one the road (to damnation),0,0.329,0.963,4,-3.501,1,0.145,1.87e-05,0.00138,0.222,0.205,116.847,0,3052,it dies today,it dies today / one the road (to damnation),3040,train
oldelaf et monsieur d,rue de nantes,0,0.592,0.498,1,-11.6,0,0.399,0.294,0.0,0.951,0.934,110.31,0,3053,oldelaf et monsieur d,oldelaf et monsieur d / rue de nantes,2005,train
lost boyz,lifestyles of the rich and shameless,1,0.732,0.653,2,-10.277,1,0.202,0.00148,0.0,0.072,0.579,92.312,1,3054,lost boyz,lost boyz / lifestyles of the rich and shameless,1196,train
fantasia,when i see u,1,0.569,0.596,8,-6.486,1,0.171,0.457,8.99e-05,0.205,0.757,93.134,1,3055,fantasia,fantasia / when i see u,2413,train
kim wilson,got to let you go,0,0.374,0.585,5,-10.227,0,0.0481,0.907,0.116,0.956,0.727,163.376,0,3056,kim wilson,kim wilson / got to let you go,3044,train
george michael,jesus to a child,0,0.534,0.415,1,-11.781,0,0.0278,0.314,0.000365,0.0847,0.188,173.561,1,3057,george michael,george michael / jesus to a child,1107,train
the fray,you found me,0,0.338,0.803,8,-5.412,0,0.0413,0.0187,0.0,0.136,0.4,151.994,1,3058,the fray,the fray / you found me,3046,test
dimmu borgir,broderskapets ring,0,0.151,0.96,7,-4.986,0,0.0727,1.66e-06,0.862,0.16,0.19,180.095,0,3059,dimmu borgir,dimmu borgir / broderskapets ring,484,test
nestor torres,this side of paradise,0,0.674,0.75,7,-7.08,1,0.0319,0.207,0.0119,0.118,0.791,97.865,0,3060,nestor torres,nestor torres / this side of paradise,3048,train
shai hulud,we who finish last,0,0.327,0.995,5,-3.808,1,0.172,0.0076,0.0,0.902,0.335,136.241,0,3061,shai hulud,shai hulud / we who finish last,3049,train
darwin hobbs,you are god (broken album version),0,0.381,0.382,8,-8.432,1,0.0579,0.702,0.0,0.108,0.244,145.989,0,3062,darwin hobbs,darwin hobbs / you are god (broken album version),32,train
the postal service,we will become silhouettes,0,0.611,0.561,2,-8.33,1,0.0324,0.0682,0.0928,0.12,0.134,155.01,1,3063,the postal service,the postal service / we will become silhouettes,3051,test
michael gettel,wind and water,0,0.48,0.382,6,-14.01,0,0.0307,0.843,0.903,0.588,0.12,76.541,0,3064,michael gettel,michael gettel / wind and water,626,test
sonic subjunkies,turntable terrorist,0,0.394,0.974,6,-10.829,0,0.158,0.866,0.562,0.241,0.0334,99.656,0,3065,sonic subjunkies,sonic subjunkies / turntable terrorist,2018,train
d4l,betcha cant do it like me,0,0.901,0.359,10,-8.198,0,0.248,0.00956,0.0,0.0752,0.219,149.019,1,3066,d4l,d4l / betcha cant do it like me,3054,validation
lustra,scotty doesnt know,0,0.317,0.887,0,-4.525,1,0.0472,0.000449,9.23e-06,0.363,0.544,174.009,1,3067,lustra,lustra / scotty doesnt know,3055,train
terry callier,blues,0,0.608,0.626,7,-6.77,1,0.0382,0.155,0.0,0.0774,0.859,81.733,0,3068,terry callier,terry callier / blues,763,train
andy griggs,tonight i wanna be your man,1,0.404,0.364,3,-11.249,1,0.0331,0.392,0.0,0.123,0.21,139.493,1,3069,andy griggs,andy griggs / tonight i wanna be your man,978,train
otis spann,must have been the devil,0,0.56,0.504,2,-9.026,1,0.0311,0.989,0.443,0.177,0.731,118.412,0,3070,otis spann,otis spann / must have been the devil,100,train
trey songz,i need a girl,0,0.602,0.785,7,-6.129,1,0.0578,0.245,0.0,0.19,0.565,84.038,1,3071,trey songz,trey songz / i need a girl,6,train
capleton,raggy road,1,0.549,0.696,8,-5.845,0,0.284,0.241,0.0,0.413,0.889,73.932,0,3072,capleton,capleton / raggy road,2219,train
meredith brooks,what would happen,0,0.709,0.444,6,-9.291,0,0.0296,0.616,0.00597,0.0382,0.622,100.299,1,3073,meredith brooks,meredith brooks / what would happen,3061,train
the wiseguys,start the commotion,0,0.688,0.979,1,-4.196,0,0.0491,0.00039,0.717,0.319,0.958,119.901,1,3074,the wiseguys,the wiseguys / start the commotion,3062,validation
sergio dalma,un cachito de ti,0,0.521,0.809,11,-5.275,1,0.0321,0.19,0.0,0.321,0.76,164.015,0,3075,sergio dalma,sergio dalma / un cachito de ti,1187,train
all time low,umbrella,0,0.421,0.761,1,-3.835,1,0.0362,0.00261,0.0,0.124,0.681,175.937,0,3076,all time low,all time low / umbrella,3064,train
fabolous,you be killin em,0,0.664,0.909,6,-3.552,0,0.22,0.444,0.0,0.525,0.557,93.977,1,3077,fabolous,fabolous / you be killin em,3065,train
jerrod niemann,"lover, lover",0,0.879,0.567,7,-6.509,1,0.0586,0.184,0.0,0.622,0.948,112.472,1,3078,jerrod niemann,"jerrod niemann / lover, lover",3066,validation
ray barretto,guarare,0,0.602,0.648,8,-7.551,1,0.0805,0.477,0.000357,0.092,0.764,92.648,0,3079,ray barretto,ray barretto / guarare,3067,train
crystal bowersox,up to the mountain,0,0.351,0.362,0,-6.573,1,0.0275,0.701,4.52e-06,0.122,0.151,115.135,1,3080,crystal bowersox,crystal bowersox / up to the mountain,3068,train
ll cool j / freeway,what you want,0,0.554,0.919,1,-4.696,1,0.378,0.0098,0.0,0.0247,0.759,106.227,0,3081,ll cool j / freeway,ll cool j / freeway / what you want,3069,test
guns n roses,since i dont have you,0,0.466,0.632,6,-6.94,1,0.0326,0.465,0.000256,0.135,0.246,68.893,1,3082,guns n roses,guns n roses / since i dont have you,834,train
del tha funkee homosapien,mistadobalina,0,0.85,0.797,10,-7.429,0,0.136,0.0964,8.38e-06,0.34,0.63,99.615,0,3083,del tha funkee homosapien,del tha funkee homosapien / mistadobalina,3071,validation
disturbed,inside the fire,1,0.463,0.962,7,-6.43,1,0.0704,0.000233,0.109,0.0906,0.66,94.003,1,3084,disturbed,disturbed / inside the fire,1379,train
debbie davies,backseat driver,0,0.673,0.858,9,-5.75,1,0.0393,0.0378,0.000363,0.135,0.934,125.198,0,3085,debbie davies,debbie davies / backseat driver,1,test
little milton,little bluebird,0,0.468,0.316,10,-13.117,1,0.0381,0.148,3.85e-06,0.0506,0.367,160.102,0,3086,little milton,little milton / little bluebird,2059,test
us3,cantaloop (flip fantasia),0,0.852,0.655,5,-11.498,0,0.0645,0.107,2.07e-05,0.137,0.952,115.962,1,3087,us3,us3 / cantaloop (flip fantasia),3075,test
bt,henrys death,0,0.471,0.865,11,-8.2,0,0.0401,0.0207,0.71,0.0947,0.448,150.049,0,3088,bt,bt / henrys death,335,train
every time i die,your touch versus death,0,0.271,0.931,4,-9.761,0,0.0788,0.000233,0.515,0.121,0.145,97.242,0,3089,every time i die,every time i die / your touch versus death,1725,train
weezer,dope nose,0,0.416,0.724,10,-4.87,1,0.0512,0.000336,0.0788,0.247,0.819,127.357,0,3090,weezer,weezer / dope nose,3078,validation
gorillaz,white light,0,0.595,0.831,11,-7.846,0,0.265,0.00135,0.822,0.34,0.407,154.845,0,3091,gorillaz,gorillaz / white light,297,train
becoming the archetype,end of the age,0,0.402,0.863,2,-5.091,0,0.0663,7.98e-05,0.182,0.0401,0.138,170.328,0,3092,becoming the archetype,becoming the archetype / end of the age,1393,test
alan silvestri,full house,0,0.202,0.183,0,-16.931,1,0.0402,0.985,0.8,0.126,0.0762,138.258,0,3093,alan silvestri,alan silvestri / full house,3081,train
deep forest,sweet lullaby,0,0.566,0.531,11,-16.375,0,0.0413,0.427,0.0196,0.13,0.548,175.965,1,3094,deep forest,deep forest / sweet lullaby,1009,train
anne dudley,still lost in the forest,0,0.132,0.175,4,-19.001,0,0.0346,0.905,0.226,0.115,0.0373,89.34,0,3095,anne dudley,anne dudley / still lost in the forest,2352,test
the soup dragons,divine thing,0,0.682,0.951,7,-3.952,1,0.0757,0.0117,0.000134,0.755,0.823,118.399,1,3096,the soup dragons,the soup dragons / divine thing,3084,train
tim hughes,dance,0,0.524,0.876,0,-7.533,1,0.0347,0.000114,0.0,0.851,0.588,146.02,0,3097,tim hughes,tim hughes / dance,3085,train
deitrick haddon,stir the gift,0,0.569,0.69,7,-6.072,1,0.119,0.363,0.0,0.407,0.468,139.76,0,3098,deitrick haddon,deitrick haddon / stir the gift,3086,test
sonora carruseles,que suene mi campana,0,0.807,0.873,8,-5.579,1,0.0415,0.211,0.00429,0.18,0.654,100.895,0,3099,sonora carruseles,sonora carruseles / que suene mi campana,2475,train
king curtis,ode to billie joe  (live @ fillmore west),0,0.632,0.623,7,-13.231,1,0.037,0.561,0.491,0.776,0.531,108.623,0,3100,king curtis,king curtis / ode to billie joe (live @ fillmore west),3088,train
deep forest,green and blue,0,0.64,0.653,6,-10.349,0,0.0872,0.0484,5.11e-05,0.22,0.548,174.005,0,3101,deep forest,deep forest / green and blue,1009,train
marshall crenshaw,from now until then,0,0.396,0.712,2,-5.468,1,0.0483,0.128,0.0,0.125,0.488,121.561,0,3102,marshall crenshaw,marshall crenshaw / from now until then,1624,train
j. cole,who dat,0,0.722,0.813,11,-5.524,0,0.306,0.165,0.0,0.0459,0.659,90.029,1,3103,j. cole,j. cole / who dat,3091,validation
outkast,call of da wild,0,0.75,0.794,9,-6.521,1,0.351,0.0318,0.0,0.0829,0.579,177.785,0,3104,outkast,outkast / call of da wild,293,test
nick cave & the bad seeds,still in love,0,0.408,0.305,0,-11.291,1,0.0367,0.284,0.000148,0.171,0.0566,116.804,0,3105,nick cave & the bad seeds,nick cave & the bad seeds / still in love,902,train
deborah allen,i will always love you,0,0.382,0.14,6,-9.727,1,0.0293,0.771,2.49e-06,0.13,0.186,132.916,0,3106,deborah allen,deborah allen / i will always love you,3094,test
maxwell,pretty wings,1,0.563,0.402,9,-10.496,1,0.0668,0.252,2.07e-06,0.0886,0.2,115.561,1,3107,maxwell,maxwell / pretty wings,2785,test
miley cyrus,see you again,0,0.685,0.919,9,-5.039,0,0.203,0.0137,3.29e-05,0.114,0.715,138.95,1,3108,miley cyrus,miley cyrus / see you again,1125,test
brasilian tropical orchestra,yesterday,0,0.287,0.288,5,-14.708,1,0.0313,0.418,0.925,0.106,0.0728,80.381,0,3109,brasilian tropical orchestra,brasilian tropical orchestra / yesterday,3097,train
naughty by nature,written on ya kitten,1,0.887,0.576,7,-15.075,1,0.348,0.0154,0.0,0.263,0.555,93.707,1,3110,naughty by nature,naughty by nature / written on ya kitten,801,test
bottom of the hudson,eagle eye,0,0.559,0.646,4,-5.881,0,0.0378,0.00601,0.127,0.27,0.0656,149.319,0,3111,bottom of the hudson,bottom of the hudson / eagle eye,2566,train
cause and effect,another minute,0,0.633,0.9,11,-10.731,0,0.0345,0.0641,0.000134,0.264,0.961,125.922,1,3112,cause and effect,cause and effect / another minute,3100,test
the northern pikes,she aint pretty,0,0.623,0.787,4,-8.519,0,0.0356,0.112,0.0,0.139,0.769,133.91,1,3113,the northern pikes,the northern pikes / she aint pretty,3101,validation
trick pony,pour me,0,0.484,0.905,10,-3.993,1,0.135,0.0936,0.0,0.286,0.767,182.058,1,3114,trick pony,trick pony / pour me,3102,train
junior kimbrough,lonesome road,0,0.43,0.268,0,-11.926,1,0.0292,0.966,0.24,0.214,0.255,62.563,0,3115,junior kimbrough,junior kimbrough / lonesome road,1447,train
minnie riperton,les fleurs,0,0.437,0.525,8,-8.074,1,0.0497,0.767,4.16e-05,0.25,0.478,152.469,0,3116,minnie riperton,minnie riperton / les fleurs,3104,test
trixter,give it to me good,0,0.58,0.751,6,-11.353,1,0.0416,0.0224,0.00644,0.112,0.453,115.972,1,3117,trixter,trixter / give it to me good,940,train
tanto metro & devonte,give it to her,1,0.76,0.612,7,-6.403,1,0.219,0.0116,0.0,0.12,0.675,95.018,1,3118,tanto metro & devonte,tanto metro & devonte / give it to her,1409,test
irma thomas,we all need love,0,0.694,0.326,3,-10.689,1,0.0446,0.633,0.0,0.245,0.259,130.897,0,3119,irma thomas,irma thomas / we all need love,55,train
zombie nation,kernkraft 400,0,0.714,0.528,6,-8.789,1,0.0692,0.00415,0.854,0.0819,0.297,139.983,1,3120,zombie nation,zombie nation / kernkraft 400,3108,validation
jaheim,put that woman first,0,0.649,0.536,5,-8.804,0,0.132,0.492,0.0,0.184,0.513,78.935,1,3121,jaheim,jaheim / put that woman first,111,train
eminem,when im gone,1,0.535,0.73,1,-5.574,1,0.355,0.0529,0.0,0.253,0.723,74.89,1,3122,eminem,eminem / when im gone,94,validation
zombina & the skeletones,i was a human bomb for the fbi,0,0.318,0.973,2,-6.293,1,0.251,0.00349,0.874,0.226,0.415,189.782,0,3123,zombina & the skeletones,zombina & the skeletones / i was a human bomb for the fbi,2020,test
evanescence,call me when youre sober,0,0.45,0.883,7,-4.094,1,0.0524,0.00193,0.0,0.293,0.328,93.41,1,3124,evanescence,evanescence / call me when youre sober,2794,validation
ms. dynamite / kymani marley,seed will grow,0,0.867,0.469,7,-11.611,1,0.212,0.0362,0.00126,0.092,0.792,90.002,0,3125,ms. dynamite / kymani marley,ms. dynamite / kymani marley / seed will grow,3113,test
steve riley & the mamou playboys,between eunice & opelousas,0,0.729,0.995,0,-4.632,1,0.0404,0.373,0.813,0.198,0.983,112.733,0,3126,steve riley & the mamou playboys,steve riley & the mamou playboys / between eunice & opelousas,862,train
this is hell,realization: remorse,0,0.481,0.708,6,-5.832,1,0.0366,6.85e-05,0.295,0.158,0.0568,124.949,0,3127,this is hell,this is hell / realization: remorse,3115,validation
the murmurs,you suck,0,0.458,0.477,1,-7.767,1,0.0308,0.492,9.32e-06,0.164,0.258,149.33,1,3128,the murmurs,the murmurs / you suck,3116,train
alexandre desplat,the epi-pen,0,0.237,0.242,1,-15.979,1,0.0456,0.298,0.669,0.134,0.029,140.428,0,3129,alexandre desplat,alexandre desplat / the epi-pen,1816,validation
immature,never lie,0,0.7,0.41,9,-10.644,0,0.0301,0.648,1.53e-05,0.111,0.333,142.118,1,3130,immature,immature / never lie,3118,train
halfway to gone,turnpike,0,0.348,0.795,11,-5.114,0,0.0466,1.47e-05,0.733,0.0466,0.213,122.529,0,3131,halfway to gone,halfway to gone / turnpike,473,train
intex systems,vapour fragments,0,0.463,0.532,6,-14.367,1,0.0497,0.535,0.714,0.141,0.374,182.128,0,3132,intex systems,intex systems / vapour fragments,3120,test
pedro aznar,amor de juventud,0,0.539,0.191,7,-13.295,1,0.0284,0.765,6.03e-06,0.154,0.0987,84.938,0,3133,pedro aznar,pedro aznar / amor de juventud,3121,train
krystof,svedomi,0,0.671,0.772,9,-6.617,1,0.0427,0.0201,6.49e-05,0.114,0.379,88.045,0,3134,krystof,krystof / svedomi,3122,train
chamillionaire,good morning,0,0.679,0.817,5,-4.127,1,0.0859,0.0494,0.0,0.158,0.361,88.064,1,3135,chamillionaire,chamillionaire / good morning,3123,train
faith hill,sunshine and summertime,1,0.638,0.807,1,-6.489,1,0.032,0.0731,0.0,0.0594,0.778,118.997,1,3136,faith hill,faith hill / sunshine and summertime,1111,validation
garth brooks,more than a memory,0,0.543,0.342,1,-8.162,1,0.0304,0.555,0.0,0.115,0.244,137.292,1,3137,garth brooks,garth brooks / more than a memory,1149,test
jason mraz,the remedy (i wont worry),0,0.589,0.867,10,-4.523,1,0.0385,0.04,0.0,0.306,0.795,94.519,1,3138,jason mraz,jason mraz / the remedy (i wont worry),3126,train
t.g. sheppard,only one you,0,0.813,0.62,4,-12.454,0,0.0274,0.49,0.186,0.0636,0.97,95.274,0,3139,t.g. sheppard,t.g. sheppard / only one you,504,validation
spice girls,headlines (friendship never ends),0,0.549,0.721,1,-4.795,1,0.0249,0.091,0.0,0.2,0.534,143.931,1,3140,spice girls,spice girls / headlines (friendship never ends),3128,train
maximilian hecker,let me out,0,0.474,0.191,2,-12.002,1,0.0296,0.865,0.000175,0.0996,0.0562,132.002,0,3141,maximilian hecker,maximilian hecker / let me out,2231,train
mono,life in mono,0,0.479,0.809,4,-7.402,0,0.0341,0.0111,0.748,0.237,0.472,169.888,1,3142,mono,mono / life in mono,3130,train
the galactic heroes,cherokee,0,0.305,0.645,9,-10.082,1,0.0643,0.0705,0.0153,0.282,0.898,187.13,0,3143,the galactic heroes,the galactic heroes / cherokee,3131,validation
blake shelton,nobody but me,0,0.637,0.682,2,-4.632,1,0.0291,0.376,0.0,0.17,0.541,81.016,1,3144,blake shelton,blake shelton / nobody but me,1962,train
jesse mccartney,leavin,1,0.693,0.709,9,-5.787,1,0.0608,0.0352,3.4e-06,0.0688,0.889,79.237,1,3145,jesse mccartney,jesse mccartney / leavin,2409,train
ruben studdard,sorry 2004,0,0.721,0.472,9,-7.574,1,0.0619,0.076,0.0,0.332,0.462,129.964,1,3146,ruben studdard,ruben studdard / sorry 2004,3134,train
paramore,crushcrushcrush,0,0.631,0.793,1,-4.086,0,0.0468,0.000218,5.65e-05,0.0976,0.648,136.96,1,3147,paramore,paramore / crushcrushcrush,9,train
jennifer lopez,if you had my love,0,0.68,0.625,11,-7.0,0,0.0353,0.0645,5.81e-05,0.109,0.814,94.02,1,3148,jennifer lopez,jennifer lopez / if you had my love,348,validation
pacha massive,just want to see ya,0,0.899,0.475,0,-9.584,0,0.191,0.261,0.0474,0.1,0.684,139.914,0,3149,pacha massive,pacha massive / just want to see ya,1356,train
ace of base,living in danger,0,0.669,0.931,11,-7.161,0,0.0488,0.000573,0.56,0.106,0.829,102.079,1,3150,ace of base,ace of base / living in danger,919,train
terry dexter,beautiful one,0,0.571,0.405,1,-7.67,1,0.0297,0.86,1.75e-06,0.127,0.206,100.927,0,3151,terry dexter,terry dexter / beautiful one,3139,validation
unk,walk it out,0,0.794,0.777,1,-3.696,0,0.0813,0.0982,0.0,0.202,0.706,160.022,1,3152,unk,unk / walk it out,593,train
brooke valentine,american girl,0,0.861,0.623,9,-6.299,1,0.0694,0.0735,8.22e-05,0.113,0.941,130.429,0,3153,brooke valentine,brooke valentine / american girl,3141,test
wyclef jean,guantanamera,0,0.833,0.431,2,-8.992,1,0.178,0.00195,0.000278,0.124,0.385,87.97,0,3154,wyclef jean,wyclef jean / guantanamera,267,train
cliff edwards/disney studio chorus,when you wish upon a star,0,0.257,0.293,9,-13.539,1,0.0391,0.957,0.0249,0.371,0.0818,87.645,0,3155,cliff edwards/disney studio chorus,cliff edwards/disney studio chorus / when you wish upon a star,3143,validation
franz ferdinand,take me out,0,0.278,0.676,9,-8.821,1,0.0371,0.000423,0.000899,0.136,0.494,104.545,1,3156,franz ferdinand,franz ferdinand / take me out,3144,train
mint condition,call me,1,0.705,0.555,5,-11.269,0,0.0743,0.00131,4.71e-05,0.962,0.583,97.795,0,3157,mint condition,mint condition / call me,2366,test
vitamin c,graduation (friends forever),0,0.583,0.637,0,-6.464,1,0.0459,0.00722,0.0419,0.177,0.315,80.004,1,3158,vitamin c,vitamin c / graduation (friends forever),501,test
harry gregson-williams,whip fight,0,0.638,0.642,8,-15.477,1,0.0375,0.102,0.561,0.68,0.419,146.03,0,3159,harry gregson-williams,harry gregson-williams / whip fight,844,train
winston reedy,daughter of zion,0,0.687,0.465,6,-8.134,0,0.06,0.0363,0.0414,0.0539,0.545,76.807,0,3160,winston reedy,winston reedy / daughter of zion,3148,train
reba,wrong night,0,0.528,0.925,9,-6.194,1,0.0955,0.214,0.0,0.249,0.905,156.872,1,3161,reba,reba / wrong night,2841,test
zo2,comin home,0,0.237,0.923,7,-5.412,1,0.107,0.0455,1.27e-06,0.0215,0.361,86.825,0,3162,zo2,zo2 / comin home,1636,test
ginuwine,differences,1,0.562,0.594,3,-4.578,0,0.0558,0.318,0.0,0.311,0.423,62.876,1,3163,ginuwine,ginuwine / differences,313,test
ginuwine,in those jeans,1,0.691,0.541,1,-5.873,1,0.0776,0.508,0.0,0.0753,0.319,127.683,1,3164,ginuwine,ginuwine / in those jeans,313,test
meat puppets,backwater,0,0.484,0.821,9,-6.564,1,0.0435,0.199,0.00191,0.195,0.541,111.931,1,3165,meat puppets,meat puppets / backwater,3153,validation
w.a.s.p.,phantoms in the mirror,0,0.507,0.992,3,-6.097,0,0.114,0.0029,0.909,0.06,0.208,117.03,0,3166,w.a.s.p.,w.a.s.p. / phantoms in the mirror,2535,test
marco beltrami,revelations,0,0.207,0.0291,8,-27.095,1,0.0437,0.976,0.972,0.305,0.0326,61.006,0,3167,marco beltrami,marco beltrami / revelations,80,train
joe rogan,fear factor (shiny happy jihad),0,0.55,0.851,5,-7.492,1,0.932,0.779,0.0,0.908,0.317,105.368,0,3168,joe rogan,joe rogan / fear factor (shiny happy jihad),2116,train
bone thugs-n-harmony,thuggish ruggish bone,0,0.683,0.74,11,-6.041,0,0.0462,0.00228,0.0,0.238,0.65,129.515,1,3169,bone thugs-n-harmony,bone thugs-n-harmony / thuggish ruggish bone,576,train
fito paez,la ley de la vida,0,0.711,0.769,11,-6.058,0,0.037,0.341,0.0,0.454,0.75,124.946,0,3170,fito paez,fito paez / la ley de la vida,2016,validation
kane,rain down on me,0,0.463,0.879,5,-3.456,0,0.0602,0.00116,1.14e-05,0.11,0.334,132.884,0,3171,kane,kane / rain down on me,2400,train
behemoth,malice,0,0.193,0.955,2,-5.101,1,0.121,2.24e-05,0.894,0.299,0.0829,119.568,0,3172,behemoth,behemoth / malice,641,test
eddie turner,rise,0,0.57,0.934,7,-6.268,1,0.0722,0.0101,0.819,0.286,0.714,91.131,0,3173,eddie turner,eddie turner / rise,906,test
joey negro,make a move on me,0,0.735,0.819,1,-7.172,1,0.07,0.00291,0.000892,0.0981,0.716,128.298,0,3174,joey negro,joey negro / make a move on me,3162,train
kenny chesney,never wanted nothing more,1,0.528,0.742,7,-7.044,1,0.0526,0.0412,1.99e-05,0.236,0.746,177.842,1,3175,kenny chesney,kenny chesney / never wanted nothing more,983,train
vilma palma e vampiros,bye bye,0,0.634,0.84,6,-5.933,1,0.0351,0.00168,0.0237,0.207,0.393,97.998,0,3176,vilma palma e vampiros,vilma palma e vampiros / bye bye,2071,train
sean paul,get busy,0,0.735,0.824,10,-4.143,0,0.036,0.615,0.0,0.158,0.726,100.202,1,3177,sean paul,sean paul / get busy,3165,train
nelly,n dey say,1,0.867,0.784,0,-4.145,1,0.0379,0.25,0.0,0.152,0.704,97.66,1,3178,nelly,nelly / n dey say,735,train
lil band o gold,first you cry,0,0.264,0.386,10,-13.063,1,0.0322,0.667,0.965,0.155,0.186,142.211,0,3179,lil band o gold,lil band o gold / first you cry,394,train
kenny chesney,dont blink,1,0.604,0.605,4,-8.516,1,0.0352,0.115,1.22e-05,0.305,0.647,147.925,1,3180,kenny chesney,kenny chesney / dont blink,983,train
lord sterling,poison lips,0,0.202,0.895,6,-6.822,0,0.0874,0.000113,0.0569,0.131,0.419,142.454,0,3181,lord sterling,lord sterling / poison lips,3169,validation
hatiras,lost in space,0,0.673,0.991,1,-5.273,0,0.119,0.000288,0.13,0.373,0.34,130.013,0,3182,hatiras,hatiras / lost in space,3170,test
goldfish,tracy,0,0.54,0.475,11,-6.949,0,0.0427,0.148,0.0272,0.145,0.0856,104.165,0,3183,goldfish,goldfish / tracy,913,train
lyrics born,stop complaining/remix/jam,0,0.471,0.834,11,-5.104,0,0.216,0.0726,0.0,0.381,0.471,110.531,0,3184,lyrics born,lyrics born / stop complaining/remix/jam,2056,train
beherit,suck my blood,0,0.21,0.857,2,-5.798,1,0.0796,2.14e-05,0.0998,0.464,0.0978,149.739,0,3185,beherit,beherit / suck my blood,185,train
lighthouse family,ocean drive,0,0.616,0.698,7,-9.379,1,0.0315,0.0191,0.0279,0.1,0.879,90.655,0,3186,lighthouse family,lighthouse family / ocean drive,3174,train
glee cast,last christmas,1,0.63,0.757,5,-6.005,1,0.0254,0.00716,0.0,0.348,0.65,106.885,1,3187,glee cast,glee cast / last christmas,57,train
brad paisley,anything like me,1,0.545,0.522,2,-9.241,1,0.0341,0.422,0.0,0.119,0.446,164.869,1,3188,brad paisley,brad paisley / anything like me,502,train
the cranberries,linger,0,0.439,0.434,7,-14.918,1,0.0265,0.0783,4.87e-05,0.14,0.204,94.845,1,3189,the cranberries,the cranberries / linger,3177,train
ying yang twins,whistle while you twurk,0,0.935,0.608,1,-7.236,0,0.085,0.00155,0.0,0.342,0.0664,101.992,1,3190,ying yang twins,ying yang twins / whistle while you twurk,3178,validation
clay walker,fall,1,0.55,0.543,0,-6.986,1,0.0287,0.193,0.0,0.0994,0.208,138.003,1,3191,clay walker,clay walker / fall,3179,train
dragonforce,through the fire and flames,0,0.113,0.951,0,-4.743,0,0.129,0.00176,0.00718,0.334,0.139,200.024,1,3192,dragonforce,dragonforce / through the fire and flames,3180,test
u2,electrical storm,1,0.229,0.5,4,-6.769,1,0.0312,0.166,0.000248,0.454,0.185,96.022,1,3193,u2,u2 / electrical storm,144,train
madonna,american life,1,0.787,0.583,11,-7.16,0,0.176,0.0438,0.0,0.282,0.706,101.96,1,3194,madonna,madonna / american life,248,validation
martin denny,manila,0,0.665,0.312,0,-18.015,0,0.0634,0.557,0.44,0.0829,0.727,126.058,0,3195,martin denny,martin denny / manila,3183,test
ai ai ai,com una flama,0,0.766,0.873,5,-4.994,0,0.0333,0.484,0.0,0.0908,0.888,91.987,0,3196,ai ai ai,ai ai ai / com una flama,3184,train
les ogres de barback,flamme & co,0,0.564,0.381,2,-9.999,0,0.0358,0.862,0.000503,0.0968,0.333,132.088,0,3197,les ogres de barback,les ogres de barback / flamme & co,1049,validation
ashton shepherd,sounds so good,0,0.523,0.897,4,-3.487,1,0.0423,0.291,0.0,0.288,0.634,154.263,0,3198,ashton shepherd,ashton shepherd / sounds so good,2795,train
beres hammond,call on the father,0,0.588,0.509,4,-8.24,0,0.143,0.145,0.0,0.255,0.907,155.413,0,3199,beres hammond,beres hammond / call on the father,3187,test
mademoiselle sane,cabaret,0,0.687,0.738,5,-5.682,0,0.0558,0.638,0.0,0.492,0.96,121.892,0,3200,mademoiselle sane,mademoiselle sane / cabaret,3188,validation
tim mcgraw,indian outlaw,0,0.664,0.739,9,-7.229,1,0.0415,0.0364,4.99e-05,0.282,0.759,110.101,1,3201,tim mcgraw,tim mcgraw / indian outlaw,205,validation
floor,ignis,0,0.259,0.914,4,-9.438,1,0.0563,0.0161,0.889,0.0808,0.536,144.659,0,3202,floor,floor / ignis,1797,train
alias,more than words can say,0,0.412,0.376,4,-11.789,1,0.029,0.609,0.00223,0.11,0.153,69.064,1,3203,alias,alias / more than words can say,3191,train
jason mraz,song for a friend (live from montalvo),1,0.336,0.512,11,-10.912,0,0.0641,0.527,2.24e-05,0.705,0.242,86.492,0,3204,jason mraz,jason mraz / song for a friend (live from montalvo),3126,train
aly & aj,greatest time of year,0,0.517,0.828,5,-5.076,1,0.0436,0.000199,0.0,0.73,0.86,150.957,1,3205,aly & aj,aly & aj / greatest time of year,1749,train
laissez faire,in paradise,0,0.71,0.846,7,-6.677,1,0.0835,0.00881,0.0274,0.347,0.78,122.718,1,3206,laissez faire,laissez faire / in paradise,3194,test
leona naess,chase,0,0.577,0.674,11,-5.36,1,0.0303,0.00818,0.002,0.667,0.45,93.283,0,3207,leona naess,leona naess / chase,2087,train
the movement,jump!,0,0.521,0.765,0,-14.367,1,0.0912,0.0027,0.0419,0.33,0.0924,135.025,1,3208,the movement,the movement / jump!,3196,train
kimberley locke,8th world wonder,0,0.537,0.758,7,-4.065,1,0.0249,0.0103,0.0,0.131,0.295,100.041,1,3209,kimberley locke,kimberley locke / 8th world wonder,3197,train
the distillers,oh serena,0,0.297,0.973,3,-2.971,1,0.0793,0.00288,0.00434,0.468,0.49,163.035,0,3210,the distillers,the distillers / oh serena,374,train
shawn colvin,these four walls,1,0.47,0.506,9,-7.976,1,0.0308,0.49,3.51e-05,0.378,0.376,165.339,0,3211,shawn colvin,shawn colvin / these four walls,523,train
sheryl crow,soak up the sun,1,0.715,0.75,4,-4.898,1,0.0448,0.0418,0.0,0.139,0.71,119.992,1,3212,sheryl crow,sheryl crow / soak up the sun,40,validation
dario marianelli,why did you all lie to me?,0,0.131,0.0541,7,-24.079,0,0.0389,0.938,0.933,0.127,0.0357,98.316,0,3213,dario marianelli,dario marianelli / why did you all lie to me?,3201,train
metallica,sad but true,1,0.632,0.845,7,-6.336,1,0.0333,0.000773,0.00152,0.0618,0.433,89.232,1,3214,metallica,metallica / sad but true,87,test
grace gale,la matanza,0,0.477,0.905,0,-5.901,0,0.0428,0.00923,5.3e-05,0.111,0.676,155.075,0,3215,grace gale,grace gale / la matanza,3203,train
dilated peoples,big business,0,0.705,0.852,11,-8.157,1,0.291,0.462,1.93e-06,0.112,0.696,97.254,0,3216,dilated peoples,dilated peoples / big business,3204,train
david benoit,frieda,0,0.473,0.468,0,-9.46,1,0.0469,0.581,0.781,0.136,0.384,73.214,0,3217,david benoit,david benoit / frieda,3205,train
cut copy,unforgettable season,0,0.336,0.972,10,-2.418,1,0.202,0.0375,0.718,0.262,0.435,130.03,0,3218,cut copy,cut copy / unforgettable season,3206,test
vulture industries,the benevolent path,0,0.415,0.879,7,-3.64,0,0.0543,8.63e-05,0.148,0.157,0.205,100.042,0,3219,vulture industries,vulture industries / the benevolent path,3207,validation
daddy yankee,llamado de emergencia,0,0.699,0.91,4,-4.405,0,0.036,0.217,2.66e-06,0.146,0.792,97.971,0,3220,daddy yankee,daddy yankee / llamado de emergencia,1676,train
uriah heep,son of a bitch,0,0.484,0.808,0,-7.975,1,0.0552,0.00334,0.00253,0.162,0.745,141.187,0,3221,uriah heep,uriah heep / son of a bitch,1099,train
workhorse,flight of the elephant,0,0.527,0.436,5,-8.567,1,0.0248,0.00564,0.899,0.229,0.221,60.04,0,3222,workhorse,workhorse / flight of the elephant,2918,test
mastodon,megalodon,0,0.268,0.982,2,-6.778,1,0.0543,3.5e-06,0.873,0.137,0.366,131.2,0,3223,mastodon,mastodon / megalodon,46,test
speaker,joking,0,0.511,0.822,9,-4.503,0,0.0398,0.0153,3.11e-06,0.6,0.365,132.035,0,3224,speaker,speaker / joking,3212,validation
beenie man,politrix,1,0.801,0.673,8,-6.326,1,0.108,0.293,0.0,0.0908,0.793,97.814,0,3225,beenie man,beenie man / politrix,37,test
hellsongs,rock the night,0,0.527,0.184,4,-12.483,0,0.0329,0.933,0.0114,0.124,0.217,124.508,0,3226,hellsongs,hellsongs / rock the night,3214,train
jack johnson,fortunate fool,1,0.781,0.267,4,-10.363,1,0.0508,0.614,0.00362,0.123,0.299,129.318,0,3227,jack johnson,jack johnson / fortunate fool,974,train
dark fortress,evenfall,0,0.449,0.931,3,-4.487,1,0.0545,3.85e-05,0.288,0.092,0.149,128.01,0,3228,dark fortress,dark fortress / evenfall,189,train
ryan leslie,diamond girl,0,0.762,0.737,10,-2.533,0,0.333,0.338,0.0,0.415,0.79,93.904,1,3229,ryan leslie,ryan leslie / diamond girl,3217,train
sister rosetta tharpe,what he done for me,0,0.507,0.415,3,-12.166,1,0.079,0.809,3.23e-06,0.565,0.962,179.897,0,3230,sister rosetta tharpe,sister rosetta tharpe / what he done for me,3218,train
jade,dont walk away,0,0.831,0.915,10,-7.501,0,0.128,0.147,0.00571,0.196,0.881,102.979,1,3231,jade,jade / dont walk away,1836,train
martriden,blank eye stare,0,0.197,0.961,5,-4.566,0,0.108,3.66e-05,0.598,0.0933,0.198,138.361,0,3232,martriden,martriden / blank eye stare,3220,train
panzer ag,bereit,0,0.623,0.98,1,-3.731,1,0.0916,0.00129,0.791,0.352,0.296,100.013,0,3233,panzer ag,panzer ag / bereit,2931,train
unearth,fuel the fire,0,0.166,0.927,0,-6.364,1,0.0952,1.14e-05,0.182,0.119,0.277,89.214,0,3234,unearth,unearth / fuel the fire,2454,train
sixpence none the richer,kiss me,0,0.526,0.749,3,-6.964,1,0.0283,0.023,1.76e-06,0.0692,0.421,99.982,1,3235,sixpence none the richer,sixpence none the richer / kiss me,3223,train
collin raye,anyone else,1,0.623,0.646,5,-9.888,1,0.0316,0.035,0.0,0.0736,0.492,121.301,1,3236,collin raye,collin raye / anyone else,2749,validation
eve,tambourine,0,0.825,0.855,1,-4.155,1,0.223,0.227,0.0,0.354,0.548,102.631,1,3237,eve,eve / tambourine,3225,train
robben ford,spoonful,0,0.528,0.879,11,-6.392,0,0.0967,0.0185,0.114,0.877,0.639,126.099,0,3238,robben ford,robben ford / spoonful,1118,train
young buck,shorty wanna ride,0,0.586,0.619,1,-6.116,1,0.199,0.00408,0.0,0.134,0.326,120.125,1,3239,young buck,young buck / shorty wanna ride,3227,train
keep of kalessin,many are we,0,0.374,0.997,3,-5.078,1,0.202,0.00087,0.805,0.255,0.036,109.883,0,3240,keep of kalessin,keep of kalessin / many are we,463,train
ricky martin,shake your bon-bon,0,0.638,0.937,0,-4.642,1,0.0444,0.0942,0.0,0.327,0.762,100.03,1,3241,ricky martin,ricky martin / shake your bon-bon,2671,test
embrace the end,intensity in ten cities,0,0.551,0.988,7,-3.074,1,0.17,6.75e-05,0.00021,0.198,0.222,116.025,0,3242,embrace the end,embrace the end / intensity in ten cities,3230,train
portable,theresa,0,0.912,0.308,1,-18.026,1,0.34,0.0437,0.771,0.0741,0.486,115.957,0,3243,portable,portable / theresa,3231,train
richie mcdonald,if every day could be christmas,0,0.501,0.569,10,-3.913,1,0.0279,0.292,0.0,0.177,0.193,99.573,0,3244,richie mcdonald,richie mcdonald / if every day could be christmas,3232,validation
the pharcyde,storm,0,0.908,0.633,1,-4.142,1,0.0872,0.0342,0.194,0.0352,0.866,97.611,0,3245,the pharcyde,the pharcyde / storm,246,train
the vaughan brothers,hillbillies from outerspace,0,0.753,0.306,8,-13.827,1,0.0634,0.275,0.788,0.605,0.782,141.939,0,3247,the vaughan brothers,the vaughan brothers / hillbillies from outerspace,3234,train
dynamite deluxe,eimsbush bis 0711,0,0.715,0.797,6,-7.335,1,0.338,0.0424,0.0,0.607,0.758,76.103,0,3248,dynamite deluxe,dynamite deluxe / eimsbush bis 0711,3235,train
jon secada,"too late, too soon",1,0.642,0.45,8,-9.53,1,0.0382,0.452,0.00152,0.107,0.187,160.651,1,3249,jon secada,"jon secada / too late, too soon",327,train
lara,nur eine nacht mit dir,0,0.672,0.777,1,-5.697,1,0.0269,0.0612,0.000841,0.0947,0.606,124.013,0,3250,lara,lara / nur eine nacht mit dir,807,train
shapeshifters,chime,0,0.748,0.873,8,-7.068,1,0.0479,5.51e-05,0.915,0.0973,0.344,127.012,0,3251,shapeshifters,shapeshifters / chime,3238,test
dinosaur jr,on the brink,0,0.242,0.888,7,-7.214,0,0.0663,0.00286,0.00516,0.197,0.612,109.807,0,3252,dinosaur jr,dinosaur jr / on the brink,1080,train
tommy lee,good times,0,0.495,0.837,7,-4.289,1,0.0397,0.000968,1.08e-06,0.225,0.544,89.06,1,3253,tommy lee,tommy lee / good times,3240,test
julie roberts,break down here,0,0.641,0.485,1,-8.127,1,0.0328,0.142,0.0,0.0997,0.229,126.103,1,3254,julie roberts,julie roberts / break down here,1097,train
hinder,better than me,0,0.452,0.675,2,-5.172,0,0.0305,0.206,1.27e-06,0.172,0.23,139.87,1,3255,hinder,hinder / better than me,3242,validation
gregory isaacs,out deh,0,0.838,0.39,7,-9.963,0,0.0636,0.797,0.000222,0.117,0.961,138.621,0,3256,gregory isaacs,gregory isaacs / out deh,3243,test
akon,over the edge,1,0.526,0.648,5,-5.747,0,0.0366,0.0386,0.0,0.234,0.299,128.007,0,3257,akon,akon / over the edge,968,train
g-unit,poppin them thangs,0,0.768,0.813,6,-1.418,0,0.189,0.252,0.0,0.0839,0.918,88.023,0,3258,g-unit,g-unit / poppin them thangs,3245,train
k-os,aquacityboy,0,0.43,0.914,10,-3.81,1,0.239,0.0181,0.0,0.244,0.741,93.037,0,3259,k-os,k-os / aquacityboy,1095,train
phil vassar,carlene,0,0.587,0.88,4,-5.725,1,0.0324,0.0784,0.0,0.182,0.778,129.222,1,3260,phil vassar,phil vassar / carlene,70,train
alex ubago,20 horas de nada,0,0.487,0.443,2,-7.947,1,0.0302,0.545,1.63e-06,0.121,0.245,121.826,0,3261,alex ubago,alex ubago / 20 horas de nada,2511,train
five,slam dunk,0,0.72,0.927,7,-3.972,1,0.0437,0.02,0.00187,0.254,0.882,100.035,1,3262,five,five / slam dunk,3249,train
atman,luminous bliss,0,0.631,0.62,9,-8.613,0,0.0361,0.208,0.0715,0.068,0.211,118.006,0,3263,atman,atman / luminous bliss,713,train
styx,show me the way,0,0.367,0.429,6,-9.471,1,0.0334,0.213,6.72e-06,0.0946,0.194,157.812,1,3264,styx,styx / show me the way,3251,train
shakira,que vuelvas,0,0.688,0.917,2,-7.449,1,0.0314,0.0185,0.00241,0.0712,0.788,123.873,0,3265,shakira,shakira / que vuelvas,123,test
jack johnson,monsoon,1,0.69,0.288,6,-10.584,0,0.102,0.385,0.0,0.106,0.316,141.899,0,3266,jack johnson,jack johnson / monsoon,974,train
skid row,wasted time,0,0.36,0.881,0,-6.815,0,0.048,0.0113,0.0,0.0742,0.295,84.861,1,3267,skid row,skid row / wasted time,3254,train
helen love,shifty disco girl,0,0.333,0.715,8,-9.02,1,0.0306,1.18e-06,0.00351,0.065,0.653,95.627,0,3268,helen love,helen love / shifty disco girl,1036,train
tito puente,flight to jordan,0,0.478,0.744,8,-9.659,1,0.0363,0.484,0.593,0.057,0.803,123.366,0,3269,tito puente,tito puente / flight to jordan,399,train
blessid union of souls,let me be the one,0,0.562,0.799,7,-8.958,1,0.0463,0.095,2.25e-05,0.217,0.425,88.032,1,3270,blessid union of souls,blessid union of souls / let me be the one,387,train
jennifer hudson,if this isnt love,0,0.567,0.777,4,-3.447,1,0.0448,0.209,0.0,0.106,0.403,129.86,1,3271,jennifer hudson,jennifer hudson / if this isnt love,3258,train
jessica simpson,come on over,0,0.675,0.859,11,-2.57,1,0.0318,0.214,0.0,0.117,0.556,110.037,1,3272,jessica simpson,jessica simpson / come on over,2143,train
concretes,souvenirs,0,0.607,0.488,2,-7.632,1,0.0278,0.322,0.0472,0.234,0.488,119.697,0,3273,concretes,concretes / souvenirs,3260,train
jon b,they dont know,0,0.697,0.402,3,-10.358,0,0.0476,0.614,3.35e-06,0.0757,0.556,125.822,1,3274,jon b,jon b / they dont know,1730,validation
open hand,11th street,0,0.199,0.908,10,-4.644,1,0.0795,0.00703,1.89e-06,0.793,0.462,154.59,0,3275,open hand,open hand / 11th street,1508,validation
juice leskinen,marilyn,0,0.374,0.799,0,-7.083,1,0.0426,0.752,0.00835,0.168,0.802,161.922,0,3276,juice leskinen,juice leskinen / marilyn,3263,train
babylon disco,multiplayer,0,0.627,0.544,11,-17.444,0,0.0525,0.0605,0.189,0.113,0.756,89.976,0,3277,babylon disco,babylon disco / multiplayer,2474,train
maria bamford,vennette,0,0.597,0.805,2,-8.641,0,0.942,0.783,0.0,0.703,0.476,95.708,0,3278,maria bamford,maria bamford / vennette,3265,test
bersuit vergarabat,sencillamente,0,0.747,0.62,6,-7.152,0,0.0269,0.323,0.000939,0.144,0.965,136.025,0,3279,bersuit vergarabat,bersuit vergarabat / sencillamente,799,test
mikey dread,quest for oneness,0,0.78,0.69,5,-10.165,0,0.147,0.0821,0.00308,0.117,0.964,78.907,0,3280,mikey dread,mikey dread / quest for oneness,3267,validation
joy enriquez,between you and me,0,0.736,0.692,8,-3.815,1,0.0423,0.0778,0.000784,0.0489,0.718,96.104,0,3281,joy enriquez,joy enriquez / between you and me,3268,test
breaking benjamin,breath,0,0.351,0.869,5,-4.035,0,0.0509,0.00014,0.000206,0.0886,0.355,182.811,1,3282,breaking benjamin,breaking benjamin / breath,108,validation
jimmy wakely,mine all mine,0,0.699,0.252,4,-14.63,1,0.0714,0.784,3.83e-05,0.0853,0.793,184.739,0,3283,jimmy wakely,jimmy wakely / mine all mine,1216,train
c.j. chenier,banana man,0,0.453,0.617,10,-9.641,1,0.0414,0.262,0.0043,0.379,0.755,111.521,0,3284,c.j. chenier,c.j. chenier / banana man,3271,train
the verve pipe,medicate myself,0,0.511,0.781,9,-4.641,1,0.0426,0.00143,0.0,0.0826,0.424,133.575,0,3285,the verve pipe,the verve pipe / medicate myself,3272,train
behemoth,he who breeds pestilence,0,0.194,0.993,8,-3.23,1,0.126,8.81e-05,0.868,0.344,0.053,129.9,0,3286,behemoth,behemoth / he who breeds pestilence,641,test
workhorse,my friend the blind,0,0.321,0.866,7,-6.448,1,0.0513,0.000105,0.00309,0.0966,0.612,132.852,0,3287,workhorse,workhorse / my friend the blind,2918,test
john mayall & the bluesbreakers,looking back,0,0.667,0.438,2,-12.16,0,0.0351,0.508,0.0,0.126,0.898,131.617,0,3288,john mayall & the bluesbreakers,john mayall & the bluesbreakers / looking back,3275,train
blackstreet,before i let you go,1,0.67,0.468,1,-6.725,0,0.0328,0.325,0.0,0.0516,0.486,140.069,1,3289,blackstreet,blackstreet / before i let you go,371,test
phil vassar,six-pack summer,1,0.725,0.733,0,-6.66,1,0.0242,0.508,0.0,0.173,0.843,100.311,1,3290,phil vassar,phil vassar / six-pack summer,70,train
krystof,ostravaczech,0,0.661,0.511,0,-10.138,1,0.0292,0.684,0.0335,0.658,0.512,130.051,0,3291,krystof,krystof / ostravaczech,3122,train
tam tam go!,atrapados en la red,0,0.753,0.749,9,-8.758,1,0.0419,0.152,0.0,0.121,0.948,135.785,0,3292,tam tam go!,tam tam go! / atrapados en la red,3279,train
at the gates,city of screaming statues,0,0.308,0.981,0,-6.887,1,0.127,0.00303,0.046,0.0931,0.191,94.738,0,3293,at the gates,at the gates / city of screaming statues,3280,test
kings of leon,day old blues,0,0.475,0.263,4,-9.783,1,0.0693,0.875,0.0,0.107,0.0693,85.494,0,3294,kings of leon,kings of leon / day old blues,812,train
dishwalla,moisture,1,0.269,0.867,11,-6.945,0,0.0576,3.49e-05,0.494,0.976,0.309,91.036,0,3295,dishwalla,dishwalla / moisture,1684,train
(+44),when your heart stops beating,0,0.42,0.968,9,-2.353,0,0.123,0.000232,0.0,0.0796,0.392,171.004,1,3296,(+44),(+44) / when your heart stops beating,3283,train
the soup dragons,pleasure,1,0.606,0.864,7,-5.461,1,0.0599,0.0116,0.0,0.151,0.942,121.049,1,3297,the soup dragons,the soup dragons / pleasure,3084,train
go west,faithful,0,0.615,0.912,10,-8.028,0,0.0416,0.0323,0.0,0.0966,0.753,105.538,1,3298,go west,go west / faithful,3285,test
the heights,how do you talk to an angel,0,0.404,0.51,9,-11.353,1,0.0321,0.281,6.32e-06,0.0789,0.526,80.643,1,3299,the heights,the heights / how do you talk to an angel,3286,train
aaliyah,more than a woman,1,0.417,0.704,11,-6.046,1,0.335,0.0622,0.0,0.185,0.793,86.804,1,3300,aaliyah,aaliyah / more than a woman,109,train
the last days of jesus,life in line,0,0.579,0.821,4,-6.55,1,0.0308,0.00243,0.0133,0.127,0.947,125.192,0,3301,the last days of jesus,the last days of jesus / life in line,1094,test
open hand,tough guy,0,0.454,0.915,0,-6.188,1,0.0507,0.00019,0.000458,0.685,0.766,143.899,0,3302,open hand,open hand / tough guy,1508,validation
the presets,are you the one?,0,0.667,0.781,0,-3.311,1,0.0799,0.00596,1.98e-06,0.463,0.568,132.952,0,3303,the presets,the presets / are you the one?,13,test
maria muldaur,it feels like rain,0,0.374,0.2,5,-17.175,0,0.0412,0.874,0.00044,0.134,0.13,174.857,0,3304,maria muldaur,maria muldaur / it feels like rain,3291,train
richard marx,the way she loves me,1,0.713,0.806,6,-7.262,0,0.0472,0.0473,0.0,0.275,0.863,112.073,1,3305,richard marx,richard marx / the way she loves me,493,train
john michael montgomery,cover you in kisses,1,0.687,0.559,6,-9.139,1,0.0234,0.0304,0.0,0.171,0.451,105.951,1,3306,john michael montgomery,john michael montgomery / cover you in kisses,1013,train
lighthouse family,run,0,0.546,0.663,6,-8.264,1,0.0262,0.121,0.00269,0.12,0.913,76.711,0,3307,lighthouse family,lighthouse family / run,3174,train
snow patrol,wow,0,0.48,0.923,9,-5.627,1,0.0493,5.7e-05,0.0144,0.0893,0.305,143.002,0,3308,snow patrol,snow patrol / wow,563,test
kane,damn those eyes,0,0.26,0.461,10,-11.193,0,0.0569,0.447,0.0,0.147,0.161,167.788,0,3309,kane,kane / damn those eyes,2400,train
arrested development,raining revolution (live) (unplugged),1,0.603,0.303,11,-18.209,0,0.399,0.198,3.03e-06,0.97,0.289,83.221,0,3310,arrested development,arrested development / raining revolution (live) (unplugged),2407,train
zbigniew preisner,leaving the docks,0,0.346,0.032,4,-22.884,0,0.0483,0.985,0.819,0.0751,0.0596,120.783,0,3311,zbigniew preisner,zbigniew preisner / leaving the docks,1253,test
the dillinger escape plan,parasitic twins,0,0.52,0.751,8,-7.204,0,0.0403,0.0883,0.0736,0.245,0.063,119.944,0,3312,the dillinger escape plan,the dillinger escape plan / parasitic twins,994,train
little eva,the loco motion,0,0.636,0.893,3,-6.311,1,0.047,0.674,0.00143,0.176,0.887,129.664,0,3313,little eva,little eva / the loco motion,3300,train
three 6 mafia featuring kalenna,shake my,0,0.84,0.628,8,-6.133,1,0.0508,0.0432,0.0,0.0868,0.496,122.016,1,3314,three 6 mafia featuring kalenna,three 6 mafia featuring kalenna / shake my,3301,test
dilated peoples,world on wheels,0,0.607,0.841,10,-7.723,0,0.374,0.0054,1.85e-05,0.963,0.69,176.17,0,3315,dilated peoples,dilated peoples / world on wheels,3204,train
fruko y sus tesos,a la memoria del muerto,0,0.767,0.72,10,-7.379,0,0.0629,0.281,0.0,0.13,0.926,106.893,0,3316,fruko y sus tesos,fruko y sus tesos / a la memoria del muerto,2767,test
rihanna,good girl gone bad,1,0.708,0.553,5,-6.319,0,0.0262,0.0335,0.0,0.101,0.589,94.977,0,3317,rihanna,rihanna / good girl gone bad,1236,validation
andreas dorau,das telefon sagt du,0,0.721,0.929,1,-6.511,0,0.0407,0.0161,0.601,0.478,0.263,124.982,0,3318,andreas dorau,andreas dorau / das telefon sagt du,1109,train
juliette & the licks,shelter your needs,0,0.38,0.953,7,-3.542,1,0.233,0.000108,0.0,0.477,0.524,156.813,0,3319,juliette & the licks,juliette & the licks / shelter your needs,3306,train
city high,the only one i trust,0,0.553,0.5,2,-9.509,0,0.0484,0.343,5.56e-06,0.141,0.304,92.971,0,3320,city high,city high / the only one i trust,1210,train
mobb deep,hell on earth (front lines),1,0.875,0.658,0,-3.641,1,0.359,0.275,0.0,0.122,0.661,92.039,0,3321,mobb deep,mobb deep / hell on earth (front lines),1175,train
duffy,mercy,0,0.792,0.85,0,-3.621,1,0.0329,0.289,0.00012,0.132,0.965,129.906,1,3322,duffy,duffy / mercy,3309,validation
benga,zero m2,0,0.654,0.542,7,-11.766,1,0.0321,0.0367,0.187,0.1,0.0399,139.979,0,3323,benga,benga / zero m2,3310,test
born jamericans,send my love/send one your love,0,0.754,0.552,10,-9.116,0,0.151,0.0575,0.0,0.0713,0.49,92.958,1,3324,born jamericans,born jamericans / send my love/send one your love,3311,test
call to preserve,now and forever,0,0.343,0.88,2,-5.232,1,0.096,3.75e-05,0.128,0.24,0.369,96.191,0,3325,call to preserve,call to preserve / now and forever,1715,train
roxette,joyride,1,0.651,0.74,2,-6.244,1,0.0272,0.0862,0.0,0.142,0.615,102.233,1,3326,roxette,roxette / joyride,191,train
3 doors down,duck and run,0,0.524,0.919,4,-5.505,0,0.0436,0.0149,7.1e-05,0.131,0.848,87.931,0,3327,3 doors down,3 doors down / duck and run,272,train
blink-182,a new hope,0,0.277,0.943,7,-7.002,1,0.077,6.17e-05,0.00398,0.28,0.658,107.751,0,3328,blink-182,blink-182 / a new hope,492,train
black debbath,the four big ones (essential authors and works),0,0.363,0.675,0,-5.33,1,0.0322,0.00016,0.00408,0.109,0.349,123.92,0,3329,black debbath,black debbath / the four big ones (essential authors and works),1502,test
super700,the other side,0,0.586,0.716,6,-8.623,0,0.11,0.0999,0.0213,0.131,0.777,160.386,0,3330,super700,super700 / the other side,3317,train
i wayne,grow proper,0,0.735,0.7,4,-4.991,0,0.317,0.255,0.0,0.0699,0.737,168.897,0,3331,i wayne,i wayne / grow proper,3318,validation
backstreet boys,shape of my heart,1,0.575,0.786,9,-4.353,1,0.0296,0.252,0.0,0.159,0.518,96.102,1,3332,backstreet boys,backstreet boys / shape of my heart,49,train
bebo norman,sunday,0,0.498,0.554,5,-10.709,1,0.0307,0.359,1.54e-06,0.0687,0.315,90.187,0,3333,bebo norman,bebo norman / sunday,268,train
jake hess,so many reasons,0,0.513,0.343,6,-16.692,1,0.0335,0.819,0.0632,0.707,0.478,92.833,0,3334,jake hess,jake hess / so many reasons,234,train
brad paisley,im still a guy,1,0.494,0.599,2,-6.836,1,0.0316,0.104,0.0,0.0882,0.457,163.729,1,3335,brad paisley,brad paisley / im still a guy,502,train
alexis hk,maudits anglois,0,0.576,0.636,11,-12.549,0,0.151,0.635,0.0,0.305,0.389,79.936,0,3336,alexis hk,alexis hk / maudits anglois,646,train
wreckx-n-effect,rump shaker,0,0.885,0.81,1,-6.83,1,0.235,0.00277,0.0327,0.302,0.247,102.773,1,3337,wreckx-n-effect,wreckx-n-effect / rump shaker,1625,validation
korn,coming undone,1,0.687,0.677,2,-4.172,1,0.0508,0.000658,0.000146,0.0564,0.546,75.052,1,3338,korn,korn / coming undone,51,train
atari teenage riot,destroy 2000 years of culture,0,0.348,0.935,7,-6.11,1,0.072,0.000522,0.497,0.378,0.0336,108.179,0,3339,atari teenage riot,atari teenage riot / destroy 2000 years of culture,2228,train
bon jovi,the radio saved my life tonight,1,0.453,0.92,4,-5.256,1,0.0749,0.00129,0.0138,0.164,0.459,146.502,0,3340,bon jovi,bon jovi / the radio saved my life tonight,29,train
mira,openbare weg,0,0.591,0.342,4,-8.3,1,0.0319,0.93,2.39e-05,0.0968,0.179,84.678,0,3341,mira,mira / openbare weg,3328,train
juana molina,isabel,0,0.461,0.221,3,-16.05,1,0.0311,0.953,0.067,0.108,0.201,108.352,0,3342,juana molina,juana molina / isabel,462,train
tom barabas,more than words,0,0.573,0.436,7,-14.803,1,0.0394,0.649,0.935,0.0693,0.276,127.918,0,3343,tom barabas,tom barabas / more than words,3330,train
phil vassar,american child,1,0.397,0.685,2,-5.815,1,0.0277,0.252,0.0,0.157,0.443,168.121,1,3344,phil vassar,phil vassar / american child,70,train
francesca battistelli,its your life,0,0.358,0.847,2,-3.5,1,0.0528,0.003,0.0,0.133,0.433,181.987,1,3345,francesca battistelli,francesca battistelli / its your life,3332,train
cal tjader,anyone who had a heart,0,0.385,0.323,7,-14.38,0,0.0299,0.714,0.841,0.0809,0.242,111.612,0,3346,cal tjader,cal tjader / anyone who had a heart,3333,validation
warren barfield,shadow,0,0.69,0.761,11,-6.866,1,0.0442,0.0159,0.0,0.342,0.774,117.961,0,3347,warren barfield,warren barfield / shadow,2748,train
k-os,clap ur handz,0,0.685,0.833,0,-6.337,1,0.212,0.622,2.83e-06,0.167,0.592,104.237,0,3348,k-os,k-os / clap ur handz,1095,train
dora the explorer,travel song (reprise),0,0.826,0.881,2,-6.637,1,0.0593,0.654,0.435,0.0841,0.926,124.026,0,3349,dora the explorer,dora the explorer / travel song (reprise),71,train
maroon 5,wake up call,1,0.639,0.949,4,-2.741,0,0.0669,0.0289,0.0,0.0855,0.964,164.054,1,3350,maroon 5,maroon 5 / wake up call,737,train
seventh day slumber,famous one,0,0.344,0.712,5,-5.834,1,0.0398,0.00748,5.04e-05,0.242,0.534,178.031,0,3351,seventh day slumber,seventh day slumber / famous one,2060,train
wisin & yandel,sexy movimiento,1,0.812,0.767,10,-6.233,0,0.0399,0.358,1.13e-05,0.142,0.766,104.99,1,3352,wisin & yandel,wisin & yandel / sexy movimiento,284,train
agnostic front,undertow,0,0.319,0.775,11,-11.601,1,0.0591,0.000252,0.239,0.187,0.169,107.264,0,3353,agnostic front,agnostic front / undertow,786,test
photek,124,0,0.473,0.66,1,-11.243,0,0.0536,0.00217,0.847,0.287,0.195,123.859,0,3354,photek,photek / 124,66,train
whitney cummings,porn,0,0.562,0.97,3,-4.279,0,0.885,0.825,0.0,0.801,0.28,121.631,0,3355,whitney cummings,whitney cummings / porn,815,train
dixie chicks,give it up or let me go,0,0.617,0.905,2,-4.329,1,0.0321,0.119,0.00117,0.77,0.769,103.862,0,3356,dixie chicks,dixie chicks / give it up or let me go,23,train
aqua,barbie girl,0,0.814,0.955,1,-5.905,0,0.0377,0.0146,0.283,0.218,0.963,129.992,1,3357,aqua,aqua / barbie girl,3344,train
francis dunnery,the possibilities of loving you,0,0.303,0.761,9,-7.144,1,0.102,0.0138,0.0955,0.0884,0.224,101.216,0,3358,francis dunnery,francis dunnery / the possibilities of loving you,777,test
tinariwen,assouf,0,0.518,0.702,9,-6.481,1,0.0662,0.539,0.163,0.0881,0.522,81.144,0,3359,tinariwen,tinariwen / assouf,1211,train
four tet,plastic people,0,0.678,0.737,10,-9.788,1,0.0568,0.298,0.896,0.231,0.408,123.995,0,3360,four tet,four tet / plastic people,3347,validation
grizzly bear,little brother,0,0.269,0.314,4,-13.629,0,0.0291,0.9,0.502,0.582,0.183,84.72,0,3361,grizzly bear,grizzly bear / little brother,1858,train
north mississippi allstars,teasin brown,0,0.722,0.861,9,-5.861,1,0.0315,0.158,4.49e-05,0.267,0.914,114.101,0,3362,north mississippi allstars,north mississippi allstars / teasin brown,2057,train
mithotyn,guided by history,0,0.156,0.91,7,-7.013,1,0.0741,3.49e-06,0.888,0.37,0.196,106.304,0,3363,mithotyn,mithotyn / guided by history,1790,train
gang starr,say your prayers,0,0.858,0.246,0,-19.525,1,0.127,0.0237,0.00853,0.12,0.718,82.966,0,3364,gang starr,gang starr / say your prayers,2328,train
blue rodeo,million miles,0,0.382,0.683,7,-8.276,1,0.0308,0.245,0.00263,0.143,0.167,96.861,0,3365,blue rodeo,blue rodeo / million miles,1733,test
martina mcbride,this ones for the girls,1,0.613,0.801,8,-4.431,1,0.0354,0.0626,1.15e-05,0.124,0.609,126.966,1,3366,martina mcbride,martina mcbride / this ones for the girls,224,test
mau mau,neir,0,0.534,0.802,1,-7.335,1,0.0657,0.218,4.48e-06,0.136,0.645,81.094,0,3367,mau mau,mau mau / neir,286,train
malkit singh,holli holi nach kuriye,0,0.551,0.7,5,-11.042,1,0.123,0.264,0.0,0.25,0.965,84.128,0,3368,malkit singh,malkit singh / holli holi nach kuriye,1521,train
shania twain,raining on our love,0,0.427,0.277,6,-11.581,1,0.0348,0.513,0.0,0.151,0.155,122.969,0,3369,shania twain,shania twain / raining on our love,1110,train
krs-one,getaway,0,0.428,0.723,8,-5.361,1,0.323,0.0688,0.0,0.258,0.663,85.711,0,3370,krs-one,krs-one / getaway,3357,validation
helen love,bubblegum,0,0.678,0.512,6,-8.783,1,0.0376,0.202,2.67e-06,0.261,0.675,78.044,0,3371,helen love,helen love / bubblegum,1036,train
junior kimbrough,meet me in the city,0,0.603,0.415,10,-10.962,1,0.035,0.899,0.54,0.233,0.636,129.759,0,3372,junior kimbrough,junior kimbrough / meet me in the city,1447,train
jeff foxworthy with alan jackson,redneck games,0,0.759,0.667,4,-9.569,1,0.0575,0.102,0.0,0.336,0.599,120.082,1,3373,jeff foxworthy with alan jackson,jeff foxworthy with alan jackson / redneck games,3360,test
robert palmer,youre amazing,0,0.511,0.864,7,-11.973,1,0.0569,0.00824,3.89e-06,0.291,0.5,144.952,1,3374,robert palmer,robert palmer / youre amazing,3361,test
stephen marley / damian marley,the mission,0,0.844,0.725,9,-7.182,0,0.0462,0.16,0.0,0.246,0.961,116.033,0,3375,stephen marley / damian marley,stephen marley / damian marley / the mission,204,train
glee cast,lady is a tramp,1,0.326,0.687,10,-3.785,0,0.0531,0.159,0.0,0.341,0.554,200.035,1,3376,glee cast,glee cast / lady is a tramp,57,train
cancer bats,dead wrong,0,0.404,0.984,7,-4.325,1,0.0701,1.32e-05,8.84e-05,0.0391,0.233,84.566,0,3377,cancer bats,cancer bats / dead wrong,1038,test
del the funky homosapien,why you wanna get funky...,0,0.824,0.634,10,-7.939,0,0.333,0.0457,0.0,0.0882,0.421,91.034,0,3378,del the funky homosapien,del the funky homosapien / why you wanna get funky...,1016,test
snap!,do you see the light (deep ethno mix),1,0.701,0.571,11,-13.043,1,0.0341,0.0434,0.757,0.091,0.23,131.99,0,3379,snap!,snap! / do you see the light (deep ethno mix),1761,train
glee cast featuring kristin chenoweth,home,0,0.266,0.354,5,-6.133,0,0.0318,0.728,0.0,0.123,0.134,106.3,1,3380,glee cast featuring kristin chenoweth,glee cast featuring kristin chenoweth / home,3367,test
estopa,me falta el aliento,0,0.53,0.748,0,-9.731,1,0.112,0.204,0.000222,0.338,0.632,124.875,0,3381,estopa,estopa / me falta el aliento,2632,train
davina,come over to my place,0,0.764,0.314,2,-8.568,1,0.053,0.0522,0.000551,0.0818,0.332,83.969,1,3382,davina,davina / come over to my place,3369,train
4him,strange way to save the world,0,0.487,0.165,2,-18.339,1,0.0333,0.813,0.0,0.0951,0.335,119.667,0,3383,4him,4him / strange way to save the world,1646,validation
t.i.,what you know,1,0.551,0.81,11,-4.365,1,0.0344,0.0155,0.0,0.169,0.332,73.464,1,3384,t.i.,t.i. / what you know,317,train
shamen,scientas,0,0.43,0.457,2,-14.153,1,0.0314,0.00116,1.8e-05,0.202,0.0589,109.961,0,3385,shamen,shamen / scientas,3372,train
jesse malin,walk on the wild side,0,0.541,0.539,2,-8.121,1,0.0326,0.113,0.0135,0.11,0.645,87.985,0,3386,jesse malin,jesse malin / walk on the wild side,628,test
stille volk,orgasme tellurique,0,0.549,0.73,5,-12.629,1,0.0319,0.348,2.75e-05,0.15,0.817,149.971,0,3387,stille volk,stille volk / orgasme tellurique,3374,validation
shriekback,reason with the beast,0,0.536,0.603,9,-9.855,1,0.238,0.0151,0.0562,0.161,0.326,150.066,0,3388,shriekback,shriekback / reason with the beast,351,train
sting,you still touch me,0,0.668,0.602,7,-8.09,1,0.0221,0.0594,0.0,0.0763,0.657,101.266,1,3389,sting,sting / you still touch me,251,train
porcupine tree,waiting,0,0.533,0.437,6,-12.132,0,0.0255,0.00131,0.393,0.0597,0.455,94.019,0,3390,porcupine tree,porcupine tree / waiting,745,validation
enrique iglesias,si juras regresar,0,0.444,0.536,9,-5.843,1,0.0291,0.258,4.53e-05,0.0948,0.14,141.357,0,3391,enrique iglesias,enrique iglesias / si juras regresar,1412,test
johnny horton,the golden rocket,0,0.694,0.762,4,-14.742,1,0.0399,0.595,0.000392,0.203,0.952,112.928,0,3392,johnny horton,johnny horton / the golden rocket,355,train
glee cast,halo / walking on sunshine,1,0.242,0.91,9,-5.19,1,0.113,0.0679,3.38e-06,0.137,0.253,193.886,1,3393,glee cast,glee cast / halo / walking on sunshine,57,train
foo fighters,best of you,1,0.366,0.94,1,-5.119,0,0.0696,0.000769,9.42e-05,0.188,0.369,130.198,1,3394,foo fighters,foo fighters / best of you,222,test
peggy lee,mr. wonderful,0,0.314,0.116,7,-18.259,1,0.0367,0.908,6.69e-05,0.528,0.176,109.897,0,3395,peggy lee,peggy lee / mr. wonderful,3382,test
c.c. adcock,love n gold,0,0.712,0.635,2,-5.677,1,0.0351,0.00699,0.0238,0.0575,0.772,81.011,0,3396,c.c. adcock,c.c. adcock / love n gold,2084,train
shania twain,it only hurts when im breathing,1,0.331,0.61,10,-5.064,0,0.0315,0.342,0.0,0.0988,0.452,76.113,1,3397,shania twain,shania twain / it only hurts when im breathing,1110,train
alexandre desplat,breaking in,0,0.569,0.263,2,-20.227,1,0.0408,0.659,0.875,0.136,0.036,92.038,0,3398,alexandre desplat,alexandre desplat / breaking in,1816,validation
scar symmetry,deviate from the form,0,0.519,0.986,3,-4.238,0,0.0531,6.21e-05,0.000328,0.365,0.452,119.984,0,3399,scar symmetry,scar symmetry / deviate from the form,1922,train
dean martin,until you love someone,0,0.304,0.147,3,-16.031,1,0.0313,0.924,0.00846,0.232,0.159,79.89,0,3400,dean martin,dean martin / until you love someone,2438,train
agnostic front,come alive,0,0.203,0.963,7,-5.274,1,0.0653,1.07e-05,0.0014,0.294,0.433,84.408,0,3401,agnostic front,agnostic front / come alive,786,test
sugarland,it happens,1,0.635,0.742,8,-3.77,1,0.0505,0.0071,2.7e-05,0.0774,0.725,89.974,1,3402,sugarland,sugarland / it happens,3389,train
janet jackson,thats the way love goes,1,0.703,0.7,5,-6.789,1,0.0693,0.302,0.471,0.0718,0.582,97.675,1,3403,janet jackson,janet jackson / thats the way love goes,275,train
suburbs,monde de fou,0,0.481,0.916,1,-4.349,1,0.0449,0.0241,9.97e-05,0.057,0.853,183.701,0,3404,suburbs,suburbs / monde de fou,3391,train
jon secada,if you go,1,0.631,0.813,7,-8.106,1,0.0337,0.0779,0.0,0.167,0.522,105.998,1,3405,jon secada,jon secada / if you go,327,train
bob marley,lively up yourself,0,0.599,0.776,7,-8.431,1,0.0677,0.0996,3.65e-05,0.267,0.869,76.114,0,3406,bob marley,bob marley / lively up yourself,21,train
weezer,beverly hills,0,0.693,0.823,5,-3.761,1,0.0726,0.0932,0.0,0.328,0.741,87.904,1,3407,weezer,weezer / beverly hills,3078,validation
lightnin slim,my babe,0,0.713,0.507,11,-14.529,1,0.12,0.321,0.000342,0.118,0.866,142.4,0,3408,lightnin slim,lightnin slim / my babe,3395,test
nino nardini,bumbling along,0,0.764,0.904,0,-9.329,1,0.0749,0.749,0.853,0.0883,0.401,133.099,0,3409,nino nardini,nino nardini / bumbling along,3396,validation
vickie winans,you turn me,0,0.703,0.867,5,-7.802,0,0.0637,0.28,0.0,0.177,0.847,89.996,0,3410,vickie winans,vickie winans / you turn me,3397,train
liars,a visit from drum,0,0.686,0.836,11,-9.081,0,0.0355,0.604,0.757,0.049,0.663,126.661,0,3411,liars,liars / a visit from drum,237,test
los van van,appapas del calabar,0,0.577,0.868,5,-4.939,1,0.257,0.308,1.16e-05,0.261,0.666,103.095,0,3412,los van van,los van van / appapas del calabar,3399,train
jellyfish,the ghost at #1,1,0.549,0.611,7,-11.76,0,0.0367,0.0933,3.6e-05,0.115,0.4,113.105,0,3413,jellyfish,jellyfish / the ghost at #1,1310,validation
wolfmother,dimension,0,0.484,0.749,11,-4.17,0,0.0327,0.0186,0.0099,0.436,0.613,142.165,0,3414,wolfmother,wolfmother / dimension,826,train
limp bizkit,nookie,0,0.548,0.926,11,-5.967,1,0.0907,0.00237,0.163,0.712,0.294,97.55,1,3415,limp bizkit,limp bizkit / nookie,578,train
dj company,rhythm of love,0,0.552,0.868,1,-8.242,1,0.0347,0.00138,0.114,0.17,0.797,142.013,1,3416,dj company,dj company / rhythm of love,3403,test
minipop,fingerprints,0,0.362,0.709,2,-4.86,1,0.0338,0.0232,7.03e-05,0.18,0.246,160.3,0,3417,minipop,minipop / fingerprints,3404,train
rodney o & joe cooley,nutty block,0,0.79,0.704,4,-9.964,0,0.258,0.0137,0.0,0.304,0.618,175.484,0,3418,rodney o & joe cooley,rodney o & joe cooley / nutty block,418,train
anthony blea y su charanga,tumba randy,0,0.572,0.857,2,-5.194,0,0.0423,0.255,0.321,0.0369,0.764,100.003,0,3419,anthony blea y su charanga,anthony blea y su charanga / tumba randy,3406,train
f.l.y. (fast life yungstaz),swag surfin,0,0.734,0.921,11,-5.663,0,0.0436,0.0144,0.0,0.0998,0.678,144.013,1,3420,f.l.y. (fast life yungstaz),f.l.y. (fast life yungstaz) / swag surfin,3407,validation
gabinete caligari,viaje al averno,0,0.654,0.713,4,-9.784,0,0.0515,0.348,0.0,0.507,0.832,122.684,0,3421,gabinete caligari,gabinete caligari / viaje al averno,3408,train
juana molina,el perro,0,0.643,0.455,6,-14.017,1,0.0368,0.74,0.656,0.111,0.311,124.747,0,3422,juana molina,juana molina / el perro,462,train
olive,youre not alone,0,0.69,0.643,7,-10.855,0,0.0501,0.0525,0.0019,0.0992,0.592,134.261,1,3423,olive,olive / youre not alone,3410,train
bad religion,the lie,0,0.488,0.969,9,-3.385,0,0.0827,0.01,0.0,0.592,0.823,140.131,0,3424,bad religion,bad religion / the lie,2239,validation
carrie underwood,temporary home,1,0.432,0.353,0,-6.341,1,0.0258,0.719,0.0,0.0897,0.19,81.289,1,3425,carrie underwood,carrie underwood / temporary home,1066,train
ital tek,tokyo freeze,0,0.409,0.608,6,-8.533,0,0.0723,0.0044,0.903,0.0956,0.387,164.01,0,3426,ital tek,ital tek / tokyo freeze,3413,test
hotwire,not today,0,0.377,0.982,9,-4.427,1,0.245,4.51e-05,0.00356,0.111,0.309,142.147,0,3427,hotwire,hotwire / not today,3414,validation
phil collins,everyday,1,0.701,0.469,3,-9.63,1,0.0305,0.534,0.00105,0.121,0.384,94.699,0,3428,phil collins,phil collins / everyday,61,train
dusminguet,san cristobal,0,0.718,0.78,5,-3.814,1,0.0295,0.069,0.0,0.679,0.932,98.014,0,3429,dusminguet,dusminguet / san cristobal,1972,train
glee cast,beautiful,1,0.253,0.42,5,-6.241,0,0.0335,0.63,0.0,0.11,0.102,64.967,1,3430,glee cast,glee cast / beautiful,57,train
mariah carey,clown,1,0.698,0.417,7,-9.355,1,0.0587,0.651,0.0,0.383,0.617,119.936,0,3431,mariah carey,mariah carey / clown,225,train
trisha yearwood,the song remembers when,0,0.36,0.309,5,-8.784,1,0.0334,0.851,2.74e-05,0.107,0.243,79.72,1,3432,trisha yearwood,trisha yearwood / the song remembers when,2935,train
patrick bruel,au bout de la marelle,0,0.658,0.667,7,-8.083,1,0.0355,0.0698,3.04e-06,0.0725,0.591,105.999,0,3433,patrick bruel,patrick bruel / au bout de la marelle,3420,train
jason mraz,did you get my message?  (live from shubas),1,0.43,0.525,6,-9.533,1,0.163,0.781,0.0,0.479,0.704,86.805,0,3434,jason mraz,jason mraz / did you get my message? (live from shubas),3126,train
sarah mclachlan,fallen,1,0.485,0.495,2,-7.619,0,0.037,0.579,2.63e-05,0.0857,0.376,149.657,1,3435,sarah mclachlan,sarah mclachlan / fallen,1697,train
franz ferdinand,no you girls,1,0.679,0.909,2,-4.129,0,0.0297,0.00915,3.27e-05,0.139,0.899,104.781,0,3436,franz ferdinand,franz ferdinand / no you girls,3144,train
bad religion,epiphany,0,0.599,0.926,5,-3.117,1,0.0356,0.0304,1.89e-05,0.0924,0.408,112.909,0,3437,bad religion,bad religion / epiphany,2239,validation
tamia,so into you,0,0.656,0.479,7,-7.055,0,0.0348,0.0665,0.00272,0.168,0.708,184.374,1,3438,tamia,tamia / so into you,666,validation
alexandre desplat,high-speed french train,0,0.763,0.259,10,-18.913,1,0.0425,0.623,0.256,0.196,0.181,119.978,0,3439,alexandre desplat,alexandre desplat / high-speed french train,1816,validation
dave hollister,my favorite girl,1,0.64,0.668,8,-4.774,0,0.0575,0.42,0.0,0.258,0.604,119.985,1,3440,dave hollister,dave hollister / my favorite girl,151,train
r.e.m.,electrolite,1,0.531,0.812,7,-7.484,1,0.0365,0.0866,0.739,0.283,0.481,122.526,1,3441,r.e.m.,r.e.m. / electrolite,2348,validation
alice cooper,hey stoopid,0,0.47,0.939,7,-7.782,0,0.0599,0.00511,0.00102,0.51,0.3,129.896,1,3442,alice cooper,alice cooper / hey stoopid,3429,train
trisha yearwood,georgia rain,1,0.528,0.456,10,-5.618,1,0.0241,0.61,4.62e-05,0.19,0.164,99.092,1,3443,trisha yearwood,trisha yearwood / georgia rain,2935,train
p!nk,most girls,0,0.753,0.745,11,-5.698,0,0.0312,0.0392,0.00321,0.0664,0.692,97.919,1,3444,p!nk,p!nk / most girls,736,train
b.o.b,dont let me fall,0,0.543,0.73,1,-6.086,0,0.0384,0.00631,0.0,0.213,0.267,150.187,1,3445,b.o.b,b.o.b / dont let me fall,3432,train
miley cyrus,breakout,1,0.44,0.852,4,-3.677,1,0.0565,0.000171,3.63e-06,0.234,0.823,159.981,1,3446,miley cyrus,miley cyrus / breakout,1125,test
tlc,no scrubs,1,0.743,0.675,8,-4.267,0,0.0953,0.0251,0.000717,0.0685,0.59,92.909,1,3447,tlc,tlc / no scrubs,782,train
gertrudis,carita de rosa,0,0.815,0.772,9,-5.042,0,0.0352,0.268,0.0,0.221,0.839,104.011,0,3448,gertrudis,gertrudis / carita de rosa,249,train
agnostic front,separate ways,0,0.223,0.939,4,-2.862,0,0.0491,0.00138,0.0,0.318,0.77,196.482,0,3449,agnostic front,agnostic front / separate ways,786,test
hilary duff,so yesterday,0,0.547,0.832,0,-3.752,1,0.0808,0.229,0.0,0.306,0.771,78.209,1,3450,hilary duff,hilary duff / so yesterday,3437,train
lyrics born,bad dreams,0,0.862,0.668,6,-5.308,1,0.0718,0.11,4.59e-06,0.0633,0.889,85.024,0,3451,lyrics born,lyrics born / bad dreams,2056,train
chantay savage,i will survive,0,0.624,0.405,3,-10.084,0,0.0403,0.501,9.5e-05,0.228,0.209,84.153,1,3452,chantay savage,chantay savage / i will survive,3439,test
cockney rejects,oi! oi! oi!,0,0.227,0.969,2,-4.115,1,0.111,0.0652,0.0,0.664,0.354,185.747,0,3453,cockney rejects,cockney rejects / oi! oi! oi!,721,train
the panic channel,awake,0,0.501,0.952,9,-3.283,1,0.0606,0.000114,0.216,0.114,0.485,147.911,0,3454,the panic channel,the panic channel / awake,3441,test
zombie girl,we are the ones (lounge version),0,0.711,0.635,5,-7.609,0,0.0328,0.02,0.225,0.357,0.47,123.018,0,3455,zombie girl,zombie girl / we are the ones (lounge version),1151,train
funeral for a friend,kicking and screaming,0,0.465,0.94,2,-4.096,1,0.0565,0.000554,0.0,0.27,0.503,134.033,0,3456,funeral for a friend,funeral for a friend / kicking and screaming,1048,train
pedro luis e a parede,in the rain,0,0.419,0.213,7,-14.752,1,0.0539,0.947,0.164,0.0888,0.137,184.559,0,3457,pedro luis e a parede,pedro luis e a parede / in the rain,1342,train
lee ann womack,why they call it falling,1,0.541,0.336,4,-8.122,1,0.0298,0.491,0.0,0.0936,0.208,128.675,1,3458,lee ann womack,lee ann womack / why they call it falling,1696,test
los chunguitos,la medalla,0,0.841,0.921,8,-5.414,1,0.139,0.231,0.0,0.0319,0.974,103.961,0,3459,los chunguitos,los chunguitos / la medalla,3033,validation
celine dion,my heart will go on,1,0.244,0.36,4,-9.05,1,0.0321,0.725,0.0,0.137,0.0381,98.347,1,3460,celine dion,celine dion / my heart will go on,1835,train
carrie underwood,so small,1,0.426,0.784,3,-3.225,1,0.0421,0.306,0.0,0.0695,0.272,147.939,1,3461,carrie underwood,carrie underwood / so small,1066,train
kanye west / lupe fiasco,touch the sky,0,0.597,0.848,9,-4.835,1,0.355,0.0158,0.0,0.374,0.545,106.302,0,3462,kanye west / lupe fiasco,kanye west / lupe fiasco / touch the sky,3449,train
alan jackson,a womans love,1,0.593,0.512,4,-10.268,1,0.0329,0.519,0.0507,0.185,0.407,139.334,1,3463,alan jackson,alan jackson / a womans love,594,validation
sandi thom,i wish i was a punk rocker (with flowers in my hair),0,0.7,0.465,4,-6.815,1,0.358,0.544,0.0,0.606,0.719,108.102,0,3464,sandi thom,sandi thom / i wish i was a punk rocker (with flowers in my hair),546,validation
test icicles,snowball,0,0.516,0.931,9,-3.351,1,0.0784,0.00126,2.14e-06,0.0892,0.647,150.044,0,3465,test icicles,test icicles / snowball,3452,train
2gether,the hardest part of breaking up (is getting back your stuff),0,0.83,0.948,9,-3.973,0,0.0455,0.106,2.29e-06,0.105,0.931,111.993,1,3466,2gether,2gether / the hardest part of breaking up (is getting back your stuff),3453,train
lonestar,amie,1,0.668,0.67,9,-8.14,1,0.0245,0.097,0.000202,0.0819,0.617,92.036,0,3467,lonestar,lonestar / amie,892,validation
de la soul / mf doom,rock co.kane flow,0,0.733,0.67,10,-3.532,0,0.132,0.119,0.0,0.442,0.763,86.983,0,3468,de la soul / mf doom,de la soul / mf doom / rock co.kane flow,3455,train
jesus jones,nothing to hold me,0,0.558,0.75,7,-14.226,1,0.0538,0.00316,0.000466,0.334,0.51,165.601,0,3469,jesus jones,jesus jones / nothing to hold me,1845,train
gold city,it came upon the midnight clear,0,0.368,0.352,10,-10.901,1,0.0298,0.118,1.7e-05,0.302,0.233,106.944,0,3470,gold city,gold city / it came upon the midnight clear,3457,validation
the white stripes,seven nation army,0,0.737,0.463,0,-7.828,1,0.0792,0.00817,0.447,0.255,0.324,123.881,1,3471,the white stripes,the white stripes / seven nation army,3458,train
the high strung,the lifestyle that got away,0,0.5,0.946,9,-2.588,1,0.0497,0.23,0.0,0.262,0.662,94.744,0,3472,the high strung,the high strung / the lifestyle that got away,521,train
the offspring,hit that,1,0.707,0.797,11,-3.032,0,0.0317,0.028,0.0,0.0613,0.965,131.95,1,3473,the offspring,the offspring / hit that,672,train
vanessa daou,smoke,0,0.792,0.359,11,-15.514,1,0.0352,0.465,0.116,0.0879,0.332,123.092,0,3474,vanessa daou,vanessa daou / smoke,689,train
kurupt,girls all pause,0,0.953,0.622,11,-7.76,1,0.25,0.0931,0.0,0.29,0.742,103.427,0,3475,kurupt,kurupt / girls all pause,3462,train
uphill battle,thresh hold,0,0.37,0.983,7,-1.297,1,0.132,1.19e-05,0.708,0.175,0.1,108.718,0,3476,uphill battle,uphill battle / thresh hold,1081,train
catupecu machu,a veces vuelvo,0,0.596,0.83,1,-4.256,1,0.0353,0.0189,0.0,0.0429,0.607,126.565,0,3477,catupecu machu,catupecu machu / a veces vuelvo,3464,train
all city,the actual,0,0.905,0.806,9,-3.799,1,0.224,0.133,0.0,0.122,0.747,90.533,1,3478,all city,all city / the actual,3465,validation
the pharcyde,homegrown,0,0.694,0.754,2,-7.682,0,0.18,0.885,1.3e-05,0.0949,0.777,95.629,0,3479,the pharcyde,the pharcyde / homegrown,246,train
green day,21 guns,0,0.268,0.742,5,-4.939,1,0.0355,0.0518,0.0,0.626,0.416,159.779,1,3480,green day,green day / 21 guns,3467,validation
steve porter,mindless,0,0.746,0.954,2,-10.101,1,0.073,2.44e-05,0.864,0.0459,0.12,139.013,0,3481,steve porter,steve porter / mindless,3468,test
cartel,honestly,0,0.449,0.903,1,-4.949,1,0.0388,2.48e-05,0.0,0.133,0.583,144.522,1,3482,cartel,cartel / honestly,3469,train
st. lunatics,midwest swing,0,0.863,0.599,10,-6.846,0,0.047,0.0479,2.85e-05,0.271,0.222,94.937,1,3483,st. lunatics,st. lunatics / midwest swing,3470,train
mae west,imaginary love,0,0.409,0.119,7,-13.088,1,0.0433,0.991,0.133,0.12,0.311,80.768,0,3484,mae west,mae west / imaginary love,524,train
keira green,my heart goes up,0,0.62,0.99,0,-7.979,1,0.0427,0.0243,0.00052,0.16,0.685,141.004,0,3485,keira green,keira green / my heart goes up,3472,train
larry the cable guy,bass pro shop & wal-mart,0,0.583,0.725,6,-10.109,0,0.946,0.944,0.0,0.83,0.405,107.916,0,3486,larry the cable guy,larry the cable guy / bass pro shop & wal-mart,3473,validation
poncho sanchez,co co my my,0,0.51,0.655,5,-10.754,1,0.0375,0.617,0.0882,0.877,0.897,103.963,0,3487,poncho sanchez,poncho sanchez / co co my my,76,test
aceyalone,suicide,0,0.667,0.897,1,-4.031,0,0.258,0.0818,0.0,0.0788,0.856,97.613,0,3488,aceyalone,aceyalone / suicide,3475,train
jeff wahl,india,0,0.48,0.136,2,-24.682,1,0.0481,0.954,0.908,0.119,0.119,118.6,0,3489,jeff wahl,jeff wahl / india,1852,validation
regina belle,you are everything,0,0.576,0.486,5,-7.694,1,0.0551,0.332,0.0,0.147,0.442,135.907,0,3490,regina belle,regina belle / you are everything,2648,validation
avant,read your mind,1,0.75,0.391,8,-7.087,0,0.0831,0.277,5.99e-06,0.0759,0.711,146.191,1,3491,avant,avant / read your mind,858,train
chevelle,send the pain below,0,0.468,0.851,11,-3.617,1,0.0398,0.000281,0.00483,0.0644,0.293,92.079,1,3492,chevelle,chevelle / send the pain below,3479,train
the cure,cut here,1,0.623,0.909,2,-3.278,1,0.0414,0.00801,0.0153,0.223,0.879,134.991,0,3493,the cure,the cure / cut here,455,train
mariah carey,i want to know what love is,1,0.581,0.453,6,-6.087,1,0.0337,0.127,2.77e-06,0.213,0.277,80.003,1,3494,mariah carey,mariah carey / i want to know what love is,225,train
rubyhorse,the  first of the year,0,0.397,0.376,0,-11.447,1,0.0355,0.744,0.0365,0.337,0.154,125.135,0,3495,rubyhorse,rubyhorse / the first of the year,1588,train
burning spear,tumble down,0,0.782,0.713,8,-9.018,1,0.0599,0.0799,0.142,0.969,0.775,80.703,0,3496,burning spear,burning spear / tumble down,3483,train
cathy dennis,touch me (all night long),0,0.661,0.727,10,-11.343,0,0.0343,0.00107,0.114,0.297,0.35,118.005,1,3497,cathy dennis,cathy dennis / touch me (all night long),2256,train
patti smith,lo and beholden,0,0.748,0.479,2,-7.481,0,0.0248,0.465,1.39e-06,0.108,0.481,97.111,0,3498,patti smith,patti smith / lo and beholden,1897,train
hot chip,hold on,0,0.762,0.833,9,-6.269,0,0.0414,0.000161,0.614,0.179,0.625,134.461,0,3499,hot chip,hot chip / hold on,2866,test
jesse malin and the st. marks social,revelations,0,0.475,0.925,9,-4.79,1,0.0525,0.0145,0.000167,0.0611,0.376,126.028,0,3500,jesse malin and the st. marks social,jesse malin and the st. marks social / revelations,3487,validation
luther vandross,id rather,1,0.705,0.467,0,-8.456,1,0.0298,0.236,0.0,0.113,0.522,119.938,1,3501,luther vandross,luther vandross / id rather,112,train
defect & quixotic,wriststraining order,0,0.489,0.92,8,-5.066,0,0.349,0.0269,0.132,0.152,0.734,100.935,0,3502,defect & quixotic,defect & quixotic / wriststraining order,3489,train
souls of mischief,93 til infinity,0,0.59,0.672,1,-11.792,1,0.412,0.125,1.04e-06,0.147,0.688,206.247,1,3503,souls of mischief,souls of mischief / 93 til infinity,3490,train
relient k,be my escape,0,0.554,0.864,9,-5.062,1,0.0394,0.00605,0.0,0.132,0.299,112.523,1,3504,relient k,relient k / be my escape,3491,train
john debney,porcelain man,0,0.0724,0.1,0,-36.668,0,0.124,0.744,0.123,0.0968,0.0571,77.825,0,3505,john debney,john debney / porcelain man,476,train
lee ann womack,last call,1,0.568,0.602,6,-6.951,1,0.0322,0.797,0.000501,0.0863,0.391,79.985,1,3506,lee ann womack,lee ann womack / last call,1696,test
the white stripes,a martyr for my love for you,1,0.364,0.459,4,-7.608,0,0.039,0.0847,0.0624,0.0894,0.192,83.846,0,3507,the white stripes,the white stripes / a martyr for my love for you,3458,train
tommy shane steiner,what if shes an angel,0,0.535,0.528,8,-7.453,1,0.0258,0.308,1.11e-06,0.0912,0.41,146.169,1,3508,tommy shane steiner,tommy shane steiner / what if shes an angel,3495,train
gary barlow,so help me girl,0,0.55,0.593,10,-6.926,1,0.0292,0.0258,0.0,0.188,0.48,169.979,1,3509,gary barlow,gary barlow / so help me girl,3496,train
rodney atkins,farmers daughter,0,0.612,0.791,6,-3.519,1,0.0291,0.224,0.0,0.112,0.786,133.977,1,3510,rodney atkins,rodney atkins / farmers daughter,3497,test
korn,right now,0,0.564,0.932,9,-3.6,1,0.109,0.000705,0.000376,0.0713,0.388,102.953,0,3511,korn,korn / right now,51,train
skeletonwitch,within my blood,0,0.357,0.969,4,-4.387,0,0.0724,0.000415,0.877,0.259,0.391,103.465,0,3512,skeletonwitch,skeletonwitch / within my blood,1799,train
buddy jewell,help pour out the rain (laceys song),0,0.565,0.562,0,-7.43,1,0.0339,0.263,0.0,0.0994,0.652,75.035,1,3513,buddy jewell,buddy jewell / help pour out the rain (laceys song),2846,train
rise against,state of the union,0,0.59,0.973,10,-3.512,0,0.103,0.00058,0.225,0.501,0.371,132.212,0,3514,rise against,rise against / state of the union,806,test
lollipop lust kill,bury you,0,0.322,0.959,5,-4.951,1,0.117,0.000309,0.00304,0.0912,0.435,154.289,0,3515,lollipop lust kill,lollipop lust kill / bury you,846,train
bone thugs-n-harmony / akon,never forget me,0,0.663,0.491,1,-7.194,1,0.0601,0.0304,0.0,0.0952,0.0427,76.957,0,3516,bone thugs-n-harmony / akon,bone thugs-n-harmony / akon / never forget me,3503,train
aly & aj,like whoa,1,0.7,0.831,6,-4.931,1,0.0681,0.0124,0.000966,0.0949,0.808,121.003,1,3517,aly & aj,aly & aj / like whoa,1749,train
placebo,where is my mind (xfm live version),0,0.37,0.636,5,-6.303,1,0.03,7.15e-05,0.00806,0.349,0.192,155.491,0,3518,placebo,placebo / where is my mind (xfm live version),1152,train
q-tip,vivrant thing,1,0.914,0.698,9,-8.619,1,0.0541,0.00631,0.000295,0.0575,0.613,99.034,1,3519,q-tip,q-tip / vivrant thing,1445,train
r.l. burnside,glory be,0,0.749,0.705,2,-7.062,1,0.0303,0.0197,0.139,0.172,0.727,89.992,0,3520,r.l. burnside,r.l. burnside / glory be,269,test
scar symmetry,abstracted,0,0.487,0.99,6,-4.048,1,0.0539,3.04e-05,0.0788,0.292,0.328,97.635,0,3521,scar symmetry,scar symmetry / abstracted,1922,train
buckcherry,crazy bitch,0,0.661,0.978,1,-3.064,0,0.107,0.0247,0.0,0.0856,0.592,98.019,1,3522,buckcherry,buckcherry / crazy bitch,3509,test
poncho sanchez,going back to new orleans,0,0.668,0.82,2,-6.409,0,0.0849,0.559,0.00431,0.282,0.807,99.749,0,3523,poncho sanchez,poncho sanchez / going back to new orleans,76,test
roger creager,the everclear song,0,0.692,0.446,7,-11.01,1,0.0316,0.035,0.0,0.138,0.532,115.03,0,3524,roger creager,roger creager / the everclear song,126,validation
glee cast featuring jonathan groff,total eclipse of the heart,1,0.513,0.662,8,-6.058,1,0.0293,0.195,0.0,0.101,0.261,134.128,1,3525,glee cast featuring jonathan groff,glee cast featuring jonathan groff / total eclipse of the heart,821,train
this is hell,reckless,0,0.225,0.926,5,-5.382,0,0.136,3.3e-05,0.00162,0.109,0.411,149.833,0,3526,this is hell,this is hell / reckless,3115,validation
katy perry,thinking of you,0,0.431,0.803,4,-4.459,1,0.0364,0.00167,0.0,0.331,0.309,147.048,1,3527,katy perry,katy perry / thinking of you,1091,train
kris kristofferson,killer barracuda,0,0.548,0.234,0,-17.215,0,0.0349,0.35,0.000724,0.111,0.424,137.867,0,3528,kris kristofferson,kris kristofferson / killer barracuda,3515,train
mindy mccready,ten thousand angels,0,0.469,0.606,10,-5.684,1,0.0357,0.151,0.0,0.078,0.53,201.26,0,3529,mindy mccready,mindy mccready / ten thousand angels,219,train
melvins,nude with boots,0,0.469,0.716,2,-7.43,1,0.0639,0.000576,0.0755,0.0853,0.665,113.83,0,3530,melvins,melvins / nude with boots,3517,test
lambda,hold on tight,0,0.782,0.542,10,-14.175,0,0.0345,0.0329,0.721,0.11,0.573,132.889,0,3531,lambda,lambda / hold on tight,3518,test
u2,fez-being born,1,0.256,0.819,2,-7.103,0,0.0422,0.0841,0.107,0.333,0.307,94.008,0,3532,u2,u2 / fez-being born,144,train
martin page,keeper of the flame,0,0.685,0.779,7,-9.986,1,0.0385,0.195,0.000169,0.0408,0.892,77.732,1,3533,martin page,martin page / keeper of the flame,3520,test
mavado,sadness,0,0.645,0.65,7,-4.848,0,0.166,0.0195,0.0,0.135,0.466,136.106,0,3534,mavado,mavado / sadness,1104,train
leigh jones,same game,0,0.484,0.61,0,-6.375,0,0.061,0.522,0.0,0.0875,0.446,69.755,0,3535,leigh jones,leigh jones / same game,478,train
franz ferdinand,eleanor put your boots on,1,0.428,0.501,7,-6.364,1,0.0372,0.597,0.000231,0.0993,0.146,76.953,0,3536,franz ferdinand,franz ferdinand / eleanor put your boots on,3144,train
rupaul,supermodel (you better work),0,0.792,0.562,7,-11.379,1,0.0929,0.0152,7.48e-05,0.428,0.592,126.222,1,3537,rupaul,rupaul / supermodel (you better work),1596,test
jack johnson,"sitting, waiting, wishing",0,0.764,0.559,0,-7.153,1,0.0265,0.247,3.05e-05,0.125,0.627,105.021,1,3538,jack johnson,"jack johnson / sitting, waiting, wishing",974,train
andy & lucas,amores cobardes,0,0.63,0.754,9,-4.967,1,0.0316,0.0669,0.0,0.203,0.783,147.886,0,3539,andy & lucas,andy & lucas / amores cobardes,120,test
sarah mclachlan,sweet surrender,0,0.627,0.467,9,-9.81,1,0.0321,0.00286,0.0,0.11,0.61,113.01,1,3540,sarah mclachlan,sarah mclachlan / sweet surrender,1697,train
rage against the machine,kick out the jams,0,0.44,0.937,2,-2.418,1,0.0623,0.000422,2.35e-05,0.799,0.498,116.42,0,3541,rage against the machine,rage against the machine / kick out the jams,3528,validation
mary j. blige,work that,1,0.794,0.611,0,-4.515,1,0.126,0.0417,3.11e-05,0.0742,0.581,93.082,1,3542,mary j. blige,mary j. blige / work that,107,test
bounty killer,cellular phone,0,0.74,0.41,11,-10.718,0,0.269,0.4,1.23e-05,0.366,0.65,80.036,0,3543,bounty killer,bounty killer / cellular phone,328,test
little milton,lookin for my baby,0,0.433,0.745,3,-7.048,1,0.112,0.718,0.00369,0.535,0.517,118.84,0,3544,little milton,little milton / lookin for my baby,2059,test
chris young,gettin you home,0,0.639,0.678,7,-5.02,1,0.0278,0.44,1.45e-06,0.221,0.531,106.966,1,3545,chris young,chris young / gettin you home,3532,train
cabas,como nuestro amor no hay dos,0,0.714,0.864,0,-5.96,1,0.0662,0.585,0.0,0.279,0.81,108.061,0,3546,cabas,cabas / como nuestro amor no hay dos,3533,train
baha men,who let the dogs out,0,0.869,0.887,0,-4.505,1,0.0993,0.0605,0.0,0.148,0.784,129.221,1,3547,baha men,baha men / who let the dogs out,3534,test
arturo sandoval,my funny valentine,0,0.323,0.116,11,-14.248,0,0.0352,0.855,1.07e-05,0.138,0.0724,143.309,0,3548,arturo sandoval,arturo sandoval / my funny valentine,92,train
monica,so gone,0,0.618,0.552,8,-6.863,1,0.0981,0.176,0.0,0.252,0.586,81.975,1,3549,monica,monica / so gone,1716,test
foo fighters,next year,0,0.415,0.865,7,-2.789,1,0.0379,0.00551,0.103,0.274,0.465,176.864,0,3550,foo fighters,foo fighters / next year,222,test
george lopez,vibrators,0,0.413,0.989,1,-7.49,1,0.897,0.854,0.00662,0.982,0.0347,114.342,0,3551,george lopez,george lopez / vibrators,289,test
camp lo,sparkle,0,0.797,0.59,8,-8.38,0,0.344,0.043,0.0,0.0956,0.555,93.912,0,3552,camp lo,camp lo / sparkle,3539,train
x-ecutioners,play that beat,0,0.551,0.85,7,-5.616,0,0.0524,0.0136,0.0586,0.25,0.789,113.914,0,3553,x-ecutioners,x-ecutioners / play that beat,3540,train
goo goo dolls,name,0,0.464,0.701,9,-5.943,1,0.0341,0.0691,0.00182,0.0766,0.407,73.97,1,3554,goo goo dolls,goo goo dolls / name,466,test
adam lambert,time for miracles,0,0.26,0.7,2,-3.58,1,0.0312,0.00532,0.0,0.357,0.202,147.872,1,3555,adam lambert,adam lambert / time for miracles,715,validation
positive k,i got a man,0,0.808,0.753,7,-13.319,1,0.112,0.0789,0.0,0.341,0.796,103.753,1,3556,positive k,positive k / i got a man,3543,train
zebra,red,0,0.643,0.718,1,-8.66,0,0.431,0.0867,0.0,0.149,0.695,89.851,0,3557,zebra,zebra / red,472,train
craig morgan,tough,1,0.605,0.386,8,-8.008,1,0.0337,0.553,0.0,0.152,0.148,132.885,1,3558,craig morgan,craig morgan / tough,1000,train
hoobastank,crawling in the dark,1,0.592,0.932,6,-4.491,0,0.0885,0.000295,7.59e-05,0.138,0.698,93.675,1,3559,hoobastank,hoobastank / crawling in the dark,1363,train
foo fighters,all my life,0,0.58,0.604,5,-5.703,1,0.047,0.000218,0.000579,0.477,0.645,167.784,1,3560,foo fighters,foo fighters / all my life,222,test
pearl jam,world wide suicide,1,0.474,0.959,7,-3.865,1,0.0748,0.000272,0.0,0.282,0.721,147.007,1,3561,pearl jam,pearl jam / world wide suicide,531,test
boondox,nothing to lose,0,0.713,0.951,2,-6.248,1,0.0825,0.304,1.43e-06,0.68,0.515,100.004,0,3562,boondox,boondox / nothing to lose,3549,train
hot chip,no,0,0.676,0.618,5,-6.953,0,0.0279,0.027,0.0245,0.0608,0.203,127.018,0,3563,hot chip,hot chip / no,2866,test
asher roth,g.r.i.n.d. (get ready its a new day),1,0.669,0.781,0,-4.866,1,0.0611,0.0272,0.00451,0.241,0.439,123.042,1,3564,asher roth,asher roth / g.r.i.n.d. (get ready its a new day),3551,train
first blood,execution,0,0.335,0.963,4,-2.295,0,0.151,0.00229,0.0122,0.35,0.406,160.431,0,3565,first blood,first blood / execution,3552,train
savage garden,truly madly deeply,0,0.555,0.698,0,-8.874,1,0.0287,0.403,0.0,0.0851,0.816,168.12,1,3566,savage garden,savage garden / truly madly deeply,1493,validation
jocelyn enriquez,a little bit of ecstasy,0,0.496,0.762,6,-7.64,0,0.0628,0.036,0.00199,0.315,0.674,130.004,1,3567,jocelyn enriquez,jocelyn enriquez / a little bit of ecstasy,3554,train
faith hill,if my heart had wings,1,0.569,0.767,8,-6.37,1,0.0331,0.0292,0.0,0.0822,0.548,123.734,1,3568,faith hill,faith hill / if my heart had wings,1111,validation
pyranja,nie wieder (toktok rmx),0,0.8,0.631,6,-12.208,0,0.343,0.9,0.911,0.101,0.602,171.971,0,3569,pyranja,pyranja / nie wieder (toktok rmx),1294,train
c.l. smooth,smoke in the air (a cappella),0,0.631,0.562,8,-13.673,1,0.956,0.125,0.0,0.468,0.729,175.238,0,3570,c.l. smooth,c.l. smooth / smoke in the air (a cappella),3557,train
dave brockie experience,the dance of europe,0,0.627,0.917,1,-2.719,0,0.0699,0.00697,0.00127,0.0652,0.706,149.963,0,3571,dave brockie experience,dave brockie experience / the dance of europe,1977,train
trace adkins,songs about me,0,0.582,0.901,0,-3.044,1,0.0571,0.00545,0.0,0.117,0.391,117.943,1,3572,trace adkins,trace adkins / songs about me,1240,test
the smashing pumpkins,1979,0,0.765,0.788,3,-9.896,1,0.0332,0.0166,0.588,0.0513,0.964,126.879,1,3573,the smashing pumpkins,the smashing pumpkins / 1979,318,train
billy ray cyrus,in the heart of a woman,1,0.447,0.513,9,-10.961,1,0.0326,0.363,3.16e-06,0.178,0.556,90.291,1,3574,billy ray cyrus,billy ray cyrus / in the heart of a woman,617,train
lily allen,ldn (warbox original cut dub),0,0.747,0.809,0,-7.977,1,0.0478,0.00387,0.47,0.118,0.878,99.978,0,3575,lily allen,lily allen / ldn (warbox original cut dub),2473,train
busdriver,beauty supply and demand,0,0.684,0.916,1,-9.142,1,0.0632,0.215,6.58e-06,0.198,0.62,121.374,0,3576,busdriver,busdriver / beauty supply and demand,1188,train
cold,stupid girl,0,0.436,0.869,7,-4.378,1,0.065,0.000126,6.23e-05,0.0896,0.243,138.812,1,3577,cold,cold / stupid girl,3564,train
tyrese,lately,1,0.541,0.701,7,-7.287,0,0.102,0.0761,0.0,0.0763,0.334,80.057,1,3578,tyrese,tyrese / lately,451,train
warrior king,another love song,0,0.701,0.676,9,-6.47,1,0.205,0.0102,0.0,0.225,0.663,77.029,0,3579,warrior king,warrior king / another love song,800,train
lost boyz,"jeeps, lex coups, bimaz & benz",0,0.598,0.661,1,-9.269,0,0.428,0.00996,0.0,0.603,0.549,177.89,1,3580,lost boyz,"lost boyz / jeeps, lex coups, bimaz & benz",1196,train
beck,jack-ass,1,0.706,0.528,2,-7.017,1,0.0288,0.179,0.0,0.0573,0.853,106.672,1,3581,beck,beck / jack-ass,1017,train
travis tritt,love of a woman,1,0.324,0.574,7,-5.647,1,0.0292,0.239,0.0,0.143,0.335,74.101,1,3582,travis tritt,travis tritt / love of a woman,1203,train
year of desolation,the legend of yellow boobie,0,0.275,0.892,6,-5.487,1,0.156,2.4e-05,0.0213,0.193,0.234,99.517,0,3583,year of desolation,year of desolation / the legend of yellow boobie,2545,test
k-os,man i used to be,0,0.59,0.652,2,-7.629,0,0.315,0.0569,0.0,0.135,0.835,208.104,0,3584,k-os,k-os / man i used to be,1095,train
madonna,american pie,1,0.631,0.734,5,-7.48,0,0.036,0.348,0.0,0.135,0.591,124.036,1,3585,madonna,madonna / american pie,248,validation
mariah carey,honey,1,0.694,0.823,1,-6.755,1,0.0917,0.118,7.11e-06,0.152,0.683,95.83,0,3586,mariah carey,mariah carey / honey,225,train
kym sims,take my advice,0,0.737,0.814,2,-10.396,1,0.0307,0.00019,0.392,0.0844,0.803,120.01,1,3587,kym sims,kym sims / take my advice,479,train
arctic monkeys,from the ritz to the rubble,0,0.216,0.882,11,-5.176,0,0.0439,0.00147,0.0,0.308,0.656,189.286,0,3588,arctic monkeys,arctic monkeys / from the ritz to the rubble,530,train
the black crowes,ballad in urgency,1,0.401,0.427,9,-13.391,1,0.032,0.169,0.0138,0.0668,0.2,112.187,0,3589,the black crowes,the black crowes / ballad in urgency,494,test
mobb deep,survival of the fittest,0,0.813,0.703,11,-5.077,0,0.268,0.125,1.26e-06,0.237,0.241,94.828,1,3590,mobb deep,mobb deep / survival of the fittest,1175,train
lady saw,love & understanding,0,0.78,0.475,1,-12.133,1,0.355,0.0891,0.0,0.0914,0.561,167.98,0,3591,lady saw,lady saw / love & understanding,995,train
nick cave & the bad seeds,loverman,0,0.279,0.49,5,-7.67,0,0.0371,0.000849,0.0602,0.433,0.389,138.823,0,3592,nick cave & the bad seeds,nick cave & the bad seeds / loverman,902,train
a skylit drive,ability to create a war,0,0.212,0.719,10,-6.172,1,0.0393,0.00518,0.00147,0.145,0.0351,139.903,0,3593,a skylit drive,a skylit drive / ability to create a war,3580,train
showbread,nothing matters anymore,0,0.31,0.961,9,-3.794,1,0.0456,0.000396,0.0,0.656,0.234,164.939,0,3594,showbread,showbread / nothing matters anymore,379,train
staind,believe,1,0.537,0.736,10,-4.721,0,0.0284,0.000659,0.00281,0.15,0.227,113.933,1,3595,staind,staind / believe,1441,test
fu-schnickens,visions (20/20),0,0.721,0.764,1,-7.868,1,0.248,0.14,4.34e-05,0.0409,0.532,90.8,0,3596,fu-schnickens,fu-schnickens / visions (20/20),1282,train
the last vegas,another lover,0,0.33,0.974,6,-3.469,0,0.103,3.12e-05,0.000416,0.138,0.471,89.585,0,3597,the last vegas,the last vegas / another lover,3584,validation
the sonics,near my soul,0,0.361,0.626,5,-9.377,0,0.062,0.279,2.91e-06,0.093,0.61,175.287,0,3598,the sonics,the sonics / near my soul,3585,test
kings of leon,knocked up,0,0.382,0.688,9,-12.569,1,0.0419,0.268,0.0928,0.184,0.207,121.352,0,3599,kings of leon,kings of leon / knocked up,812,train
total fucking destruction,enslaved by propaganda,0,0.16,0.96,4,-5.53,0,0.0943,3.87e-06,0.871,0.694,0.292,99.514,0,3600,total fucking destruction,total fucking destruction / enslaved by propaganda,3587,train
rickie lee jones,second time around,0,0.453,0.0315,8,-23.898,1,0.0524,0.867,0.0966,0.108,0.0998,63.575,0,3601,rickie lee jones,rickie lee jones / second time around,3588,train
sub focus,follow the light (radio edit),0,0.402,0.865,7,-7.75,1,0.0548,0.00666,0.337,0.0964,0.0574,173.965,0,3602,sub focus,sub focus / follow the light (radio edit),1607,validation
ms. dynamite,natural high (interlude),0,0.605,0.277,9,-13.742,0,0.262,0.884,0.0,0.495,0.617,110.632,0,3603,ms. dynamite,ms. dynamite / natural high (interlude),883,train
winds of plague,origins and endings,0,0.297,0.929,9,-3.547,0,0.0844,1.7e-05,0.367,0.0751,0.252,124.959,0,3604,winds of plague,winds of plague / origins and endings,3591,train
ayo,these days,0,0.677,0.796,1,-3.567,1,0.273,0.565,0.0,0.162,0.479,160.066,0,3605,ayo,ayo / these days,299,train
silk,freak me,0,0.697,0.608,4,-10.976,0,0.0463,0.0295,0.0,0.276,0.725,133.879,1,3606,silk,silk / freak me,3593,train
young buck,let me in,1,0.549,0.885,1,-4.429,0,0.39,0.124,0.0,0.0427,0.649,91.551,1,3607,young buck,young buck / let me in,3227,train
pre,greasers,0,0.261,0.979,9,-3.565,1,0.183,0.00324,0.785,0.284,0.0782,143.133,0,3608,pre,pre / greasers,3595,train
jennifer lopez,love dont cost a thing,1,0.786,0.842,4,-5.115,0,0.0707,0.00305,3.54e-06,0.473,0.685,97.577,1,3609,jennifer lopez,jennifer lopez / love dont cost a thing,348,validation
dusminguet,africa,0,0.698,0.594,7,-9.469,1,0.0336,0.41,6.09e-05,0.344,0.71,106.017,0,3610,dusminguet,dusminguet / africa,1972,train
yvette michele,im not feeling you,0,0.796,0.638,7,-3.923,1,0.11,0.00356,0.000209,0.0811,0.583,96.507,1,3611,yvette michele,yvette michele / im not feeling you,3598,train
murphy lee / zee,murphy lee,0,0.855,0.513,8,-4.692,0,0.279,0.18,0.0,0.246,0.738,92.048,0,3612,murphy lee / zee,murphy lee / zee / murphy lee,3599,train
dimmu borgir,puritania,0,0.303,0.969,8,-2.466,1,0.162,9.03e-05,0.844,0.417,0.163,109.384,0,3613,dimmu borgir,dimmu borgir / puritania,484,test
boogie pimps,then came you,0,0.835,0.769,10,-7.499,1,0.0587,0.0176,0.0358,0.357,0.821,128.004,0,3614,boogie pimps,boogie pimps / then came you,3601,validation
coldplay,speed of sound (live),1,0.534,0.843,11,-5.048,0,0.0414,0.000247,0.000241,0.923,0.281,122.993,0,3615,coldplay,coldplay / speed of sound (live),181,test
kid frost,no sunshine,0,0.75,0.428,1,-13.714,0,0.121,0.116,0.283,0.127,0.533,77.201,1,3616,kid frost,kid frost / no sunshine,3603,train
del amitri,roll to me,0,0.566,0.804,6,-5.783,1,0.0364,0.417,0.0,0.112,0.858,149.989,1,3617,del amitri,del amitri / roll to me,3604,train
xzibit,carry the weight,0,0.553,0.48,10,-10.979,1,0.491,0.205,6.34e-06,0.14,0.561,91.331,0,3618,xzibit,xzibit / carry the weight,1669,train
martina mcbride with jim brickman,valentine,0,0.538,0.364,1,-8.419,1,0.0245,0.794,2.39e-05,0.129,0.186,95.198,1,3619,martina mcbride with jim brickman,martina mcbride with jim brickman / valentine,3606,validation
kellie pickler,didnt you know how much i loved you,0,0.525,0.795,9,-4.696,1,0.0402,0.245,0.0,0.098,0.25,137.881,1,3620,kellie pickler,kellie pickler / didnt you know how much i loved you,2242,train
foo fighters,razor,1,0.542,0.272,2,-12.909,1,0.0349,0.94,0.00669,0.11,0.203,125.465,0,3621,foo fighters,foo fighters / razor,222,test
leona naess,heavy like sunday,0,0.509,0.389,8,-9.223,1,0.0448,0.488,0.000187,0.138,0.424,147.308,0,3623,leona naess,leona naess / heavy like sunday,2087,train
aisha duo,beneath an evening sky,0,0.417,0.0272,1,-21.71,0,0.0473,0.985,0.912,0.109,0.227,86.127,0,3624,aisha duo,aisha duo / beneath an evening sky,3610,train
themselves,you devil you,0,0.49,0.604,8,-11.946,1,0.167,0.399,0.257,0.482,0.268,120.323,0,3625,themselves,themselves / you devil you,480,test
u2,mysterious ways,1,0.674,0.659,8,-8.049,1,0.0277,0.00156,0.00765,0.108,0.697,99.768,1,3626,u2,u2 / mysterious ways,144,train
lizzy borden,the darker side,0,0.353,0.813,10,-4.065,1,0.045,0.000802,1.73e-06,0.164,0.376,115.017,0,3627,lizzy borden,lizzy borden / the darker side,2480,train
the four pennies,juliet,0,0.282,0.255,8,-12.74,1,0.031,0.834,0.0,0.102,0.229,88.457,0,3628,the four pennies,the four pennies / juliet,3614,train
gerald clayton,two heads one pillow,0,0.511,0.33,10,-14.326,1,0.0622,0.0197,0.787,0.138,0.362,143.297,0,3629,gerald clayton,gerald clayton / two heads one pillow,1804,train
mariah carey,dreamlover,1,0.701,0.705,5,-6.18,1,0.0357,0.18,0.0,0.141,0.71,100.669,1,3630,mariah carey,mariah carey / dreamlover,225,train
shinedown,if you only knew,1,0.449,0.956,9,-4.011,0,0.0398,0.000347,0.0,0.325,0.321,97.011,1,3631,shinedown,shinedown / if you only knew,912,test
redman,wkya (drop),0,0.599,0.664,1,-9.722,0,0.472,0.294,0.0,0.295,0.849,86.501,0,3632,redman,redman / wkya (drop),437,train
gyptian,hold you (hold yuh),0,0.69,0.621,8,-3.583,1,0.06,0.321,2.81e-05,0.0884,0.497,66.858,1,3633,gyptian,gyptian / hold you (hold yuh),3619,test
saosin,bury your head,0,0.319,0.926,6,-3.865,0,0.0487,0.000121,0.000978,0.338,0.359,166.051,0,3634,saosin,saosin / bury your head,2856,train
delroy wilson,baby i need your loving,0,0.72,0.535,0,-9.771,1,0.23,0.576,0.0291,0.247,0.749,134.338,0,3635,delroy wilson,delroy wilson / baby i need your loving,3621,train
nastyboy klick,lost in love,0,0.837,0.388,9,-13.319,0,0.28,0.177,0.0,0.157,0.489,139.997,1,3636,nastyboy klick,nastyboy klick / lost in love,3622,test
geggy tah,gina,0,0.62,0.234,0,-13.278,1,0.0452,0.471,0.000659,0.116,0.199,73.371,0,3637,geggy tah,geggy tah / gina,194,train
james,laid,0,0.472,0.912,0,-9.415,1,0.0323,0.00224,9.1e-05,0.154,0.749,115.999,1,3638,james,james / laid,3624,train
pretenders,night in my veins,0,0.531,0.918,9,-4.982,0,0.0366,0.00684,0.0,0.127,0.898,136.052,1,3639,pretenders,pretenders / night in my veins,3625,train
nelly,just a dream,1,0.531,0.752,1,-6.161,1,0.0305,0.0421,0.0,0.12,0.103,89.917,1,3640,nelly,nelly / just a dream,735,train
phil vassar,like i never loved before,0,0.424,0.459,9,-7.879,1,0.0356,0.606,0.000137,0.277,0.159,144.222,0,3641,phil vassar,phil vassar / like i never loved before,70,train
kitaro,village attack/ the arrest,0,0.33,0.755,8,-14.048,0,0.0585,0.0794,0.81,0.366,0.342,142.997,0,3642,kitaro,kitaro / village attack/ the arrest,149,validation
tantric,coming undone,0,0.641,0.936,9,-2.848,0,0.067,0.00103,6.73e-05,0.0875,0.6,140.05,0,3643,tantric,tantric / coming undone,2760,train
pedro aznar,stand,0,0.66,0.816,5,-7.54,1,0.0295,0.00368,1.92e-06,0.303,0.877,110.096,0,3644,pedro aznar,pedro aznar / stand,3121,train
weezer,mykel and carli,0,0.331,0.721,6,-5.881,1,0.0351,0.0263,1.06e-05,0.202,0.39,103.648,0,3645,weezer,weezer / mykel and carli,3078,validation
miguel migs,the one,0,0.809,0.654,7,-8.901,0,0.0473,0.00258,0.592,0.0364,0.361,124.005,0,3646,miguel migs,miguel migs / the one,3632,train
the killers,spaceman,1,0.525,0.904,4,-5.488,1,0.0532,0.00257,0.000648,0.12,0.803,151.988,1,3647,the killers,the killers / spaceman,93,train
pierre perret,marcel,0,0.696,0.57,10,-7.266,1,0.0386,0.82,0.0,0.142,0.894,120.653,0,3648,pierre perret,pierre perret / marcel,732,train
eddie,pode me chamar,0,0.681,0.592,8,-12.565,1,0.0717,0.0899,0.018,0.103,0.672,79.943,0,3649,eddie,eddie / pode me chamar,3635,train
trace adkins,ladies love country boys,1,0.661,0.959,7,-4.439,1,0.0408,0.0539,1.74e-05,0.381,0.96,116.284,1,3650,trace adkins,trace adkins / ladies love country boys,1240,test
portrait,here we go again!,0,0.771,0.745,11,-10.217,0,0.0904,0.0256,0.000374,0.107,0.599,106.709,1,3651,portrait,portrait / here we go again!,3637,test
rakim,outro,0,0.615,0.092,9,-22.456,0,0.852,0.743,0.0,0.123,0.674,78.904,0,3652,rakim,rakim / outro,259,train
loudon wainwright iii,human cannonball,0,0.503,0.182,3,-14.824,1,0.0302,0.807,3.8e-05,0.0923,0.293,102.748,0,3653,loudon wainwright iii,loudon wainwright iii / human cannonball,1101,test
cassie,long way 2 go,1,0.589,0.655,8,-8.138,1,0.0488,0.057,0.000353,0.372,0.675,105.272,1,3654,cassie,cassie / long way 2 go,2989,validation
williamson,cool people make me tired,0,0.617,0.559,11,-8.805,1,0.026,0.2,0.899,0.105,0.553,140.078,0,3655,williamson,williamson / cool people make me tired,864,train
billy currington,"why, why, why",0,0.615,0.922,2,-1.79,1,0.0325,0.24,0.0,0.356,0.6,97.996,1,3656,billy currington,"billy currington / why, why, why",2185,test
patty griffin,flaming red,0,0.432,0.987,10,-5.859,0,0.149,0.0043,0.000828,0.371,0.19,124.723,0,3657,patty griffin,patty griffin / flaming red,805,validation
the berzerker,compromise,0,0.303,0.971,6,-4.53,0,0.212,5.46e-06,0.563,0.336,0.0635,113.75,0,3658,the berzerker,the berzerker / compromise,897,train
2 minutos,2 minutos,0,0.504,0.97,5,-5.416,1,0.0555,0.00183,2.31e-05,0.0779,0.576,117.109,0,3659,2 minutos,2 minutos / 2 minutos,1267,train
the mighty mighty bosstones,pictures to prove it,0,0.413,0.821,9,-6.991,1,0.0638,0.0616,0.0,0.539,0.838,158.891,0,3660,the mighty mighty bosstones,the mighty mighty bosstones / pictures to prove it,3646,train
chimaira,the flame,0,0.471,0.971,7,-5.253,1,0.143,0.000308,5.21e-05,0.437,0.116,150.055,0,3661,chimaira,chimaira / the flame,3647,train
dario marianelli,the harbour,0,0.0802,0.13,5,-20.796,1,0.0399,0.918,0.747,0.08,0.084,70.484,0,3662,dario marianelli,dario marianelli / the harbour,3201,train
natasha bedingfield,these words,0,0.734,0.635,5,-7.03,1,0.0816,0.0322,0.0,0.0808,0.931,96.99,1,3663,natasha bedingfield,natasha bedingfield / these words,917,test
phil collins,testify,1,0.533,0.735,0,-4.783,0,0.0265,0.01,0.243,0.154,0.102,85.085,0,3664,phil collins,phil collins / testify,61,train
tlc,red light special,1,0.52,0.449,5,-8.957,0,0.0331,0.205,0.000687,0.191,0.364,189.243,1,3665,tlc,tlc / red light special,782,train
trace adkins,the rest of mine,1,0.579,0.477,7,-5.646,1,0.0247,0.378,8.97e-06,0.0776,0.297,85.445,1,3666,trace adkins,trace adkins / the rest of mine,1240,test
donell jones,put me down,1,0.792,0.648,1,-6.827,0,0.0469,0.0702,0.00531,0.0693,0.76,101.406,1,3668,donell jones,donell jones / put me down,63,train
nofx,bath of least resistance,0,0.541,0.956,0,-4.604,1,0.0391,0.000517,0.000204,0.0964,0.759,98.833,0,3669,nofx,nofx / bath of least resistance,206,validation
no address,pretty girl (amended version),0,0.574,0.48,5,-8.373,0,0.0359,0.00781,0.000582,0.328,0.785,174.13,0,3670,no address,no address / pretty girl (amended version),3655,test
dwight yoakam,crazy little thing called love,1,0.464,0.81,5,-3.845,1,0.0724,0.0763,0.0,0.0574,0.881,166.366,1,3671,dwight yoakam,dwight yoakam / crazy little thing called love,2453,test
glee cast,over the rainbow,1,0.498,0.352,0,-9.495,1,0.0297,0.842,0.0,0.122,0.472,166.028,1,3672,glee cast,glee cast / over the rainbow,57,train
jagged edge,lets get married,0,0.761,0.627,1,-5.554,1,0.0538,0.175,0.0,0.128,0.891,109.821,1,3673,jagged edge,jagged edge / lets get married,3658,train
keith urban,better life,1,0.62,0.822,2,-3.546,1,0.0379,0.0374,1.6e-05,0.0298,0.786,104.95,1,3674,keith urban,keith urban / better life,320,train
john michael montgomery,home to you,1,0.646,0.366,5,-11.183,1,0.0233,0.582,0.000228,0.128,0.272,90.338,1,3675,john michael montgomery,john michael montgomery / home to you,1013,train
anti-flag,the modern rome burning,0,0.245,0.963,10,-3.698,0,0.224,0.00352,0.000297,0.118,0.331,187.913,0,3676,anti-flag,anti-flag / the modern rome burning,1200,train
kapelle herrenweide,nie mehr heim,0,0.242,0.765,4,-4.555,0,0.052,0.00415,0.000485,0.295,0.258,167.111,0,3677,kapelle herrenweide,kapelle herrenweide / nie mehr heim,1745,train
jackson united,undertow,0,0.534,0.923,11,-5.141,1,0.05,0.000209,0.0,0.302,0.709,90.633,0,3678,jackson united,jackson united / undertow,3663,validation
blackstreet,joy,0,0.661,0.493,8,-8.485,0,0.0326,0.217,0.0,0.0664,0.201,95.021,1,3679,blackstreet,blackstreet / joy,371,test
lizzy borden,there will be blood tonight,0,0.256,0.99,10,-2.713,0,0.107,0.000129,0.0,0.226,0.398,113.298,0,3680,lizzy borden,lizzy borden / there will be blood tonight,2480,train
brian tyler,i dream of chi chi,0,0.57,0.0922,0,-18.693,1,0.038,0.91,0.932,0.122,0.397,105.11,0,3681,brian tyler,brian tyler / i dream of chi chi,2165,train
redman,suicide,0,0.515,0.755,1,-12.051,0,0.567,0.0752,1.8e-06,0.793,0.463,94.413,0,3682,redman,redman / suicide,437,train
bumblefoot,piranha,0,0.304,0.867,2,-4.247,1,0.0586,0.0302,0.0,0.0773,0.897,98.299,0,3683,bumblefoot,bumblefoot / piranha,3668,validation
justin timberlake,sexy ladies,0,0.693,0.435,1,-5.866,0,0.285,0.0124,3.6e-05,0.0871,0.596,99.957,0,3684,justin timberlake,justin timberlake / sexy ladies,901,train
nick jonas,introducing me,0,0.513,0.496,11,-6.049,1,0.0511,0.46,0.0,0.106,0.676,113.072,1,3687,nick jonas,nick jonas / introducing me,3670,test
theodore shapiro,gun pull,0,0.201,0.0224,4,-32.218,0,0.0438,0.959,0.936,0.0759,0.0363,71.199,0,3688,theodore shapiro,theodore shapiro / gun pull,2146,test
the wallflowers,sleepwalker,0,0.542,0.889,4,-5.099,0,0.0277,0.000797,0.0,0.118,0.702,128.852,1,3689,the wallflowers,the wallflowers / sleepwalker,3672,test
blaine larsen,how do you get that lonely,0,0.594,0.506,5,-5.487,1,0.0267,0.446,0.0,0.0616,0.268,135.809,1,3690,blaine larsen,blaine larsen / how do you get that lonely,3673,train
brad paisley,he didnt have to be,1,0.476,0.443,9,-7.563,1,0.0282,0.105,7.97e-06,0.123,0.165,72.888,1,3691,brad paisley,brad paisley / he didnt have to be,502,train
will young,leave right now,0,0.639,0.456,6,-8.612,1,0.0391,0.141,0.0,0.133,0.372,81.988,1,3692,will young,will young / leave right now,3675,validation
britney spears,radar,0,0.642,0.722,4,-4.845,0,0.167,0.293,0.0,0.337,0.513,127.959,1,3693,britney spears,britney spears / radar,513,test
kid cudi,marijuana,1,0.672,0.403,8,-9.809,0,0.0273,0.829,0.823,0.272,0.54,140.978,1,3694,kid cudi,kid cudi / marijuana,893,test
james newton howard,photographs,0,0.17,0.0151,2,-37.48,0,0.0454,0.973,0.652,0.0698,0.0388,94.373,0,3695,james newton howard,james newton howard / photographs,567,train
zeca baleiro,proibida pra mim (grazon),0,0.65,0.361,7,-10.614,1,0.0328,0.722,0.0,0.097,0.54,132.839,0,3696,zeca baleiro,zeca baleiro / proibida pra mim (grazon),1011,validation
buju banton,searching,0,0.721,0.883,2,-7.414,1,0.207,0.187,0.0,0.105,0.807,172.824,0,3697,buju banton,buju banton / searching,597,validation
patty loveless,lovin all night,0,0.493,0.781,4,-8.663,0,0.0487,0.22,2.29e-06,0.122,0.729,171.982,1,3698,patty loveless,patty loveless / lovin all night,3681,train
poison,something to believe in,0,0.52,0.711,3,-5.009,1,0.0386,0.266,1.09e-05,0.148,0.226,133.947,1,3699,poison,poison / something to believe in,2079,validation
mando diao,misty mountains,0,0.361,0.909,7,-3.613,1,0.0958,0.0222,2.57e-06,0.117,0.686,152.277,0,3700,mando diao,mando diao / misty mountains,157,train
chingy,balla baby,0,0.928,0.643,11,-5.48,0,0.0759,0.0527,0.0,0.0988,0.895,93.006,1,3701,chingy,chingy / balla baby,3684,train
story of the year,won threw ate,0,0.42,0.99,5,-3.571,0,0.162,0.00143,0.0,0.399,0.125,144.038,0,3702,story of the year,story of the year / won threw ate,1703,train
mc serch,here it comes,0,0.821,0.539,1,-12.217,1,0.146,0.0132,3.77e-05,0.111,0.388,112.429,1,3703,mc serch,mc serch / here it comes,3686,train
deborah cox,sentimental,1,0.781,0.644,5,-13.319,1,0.0565,0.0646,0.0,0.0381,0.713,88.909,1,3704,deborah cox,deborah cox / sentimental,724,train
neil sedaka,because of you,0,0.25,0.333,7,-8.347,1,0.0285,0.786,0.0,0.0926,0.3,81.089,0,3705,neil sedaka,neil sedaka / because of you,3688,train
maroon 5,harder to breathe,1,0.666,0.892,1,-4.793,0,0.0482,0.0563,0.0,0.0493,0.967,149.902,1,3706,maroon 5,maroon 5 / harder to breathe,737,train
janitor joe,voucher,0,0.399,0.817,9,-13.09,1,0.0326,4.88e-06,0.849,0.0531,0.573,132.821,0,3707,janitor joe,janitor joe / voucher,2513,train
david ball,thinkin problem,0,0.749,0.748,0,-5.783,1,0.0311,0.147,1.51e-05,0.265,0.745,110.437,1,3708,david ball,david ball / thinkin problem,3691,train
switchfoot,dare you to move,0,0.439,0.908,4,-4.08,1,0.0649,0.0196,0.0054,0.137,0.351,140.018,1,3709,switchfoot,switchfoot / dare you to move,3692,validation
the mars volta,eriatarka,0,0.184,0.956,6,-2.552,0,0.222,0.0262,0.00223,0.54,0.277,158.562,0,3711,the mars volta,the mars volta / eriatarka,791,train
kenny rogers,i cant unlove you,0,0.538,0.457,10,-5.876,1,0.027,0.0846,2.76e-06,0.158,0.439,139.827,1,3712,kenny rogers,kenny rogers / i cant unlove you,256,validation
atomic rooster,take it for granted,0,0.343,0.508,9,-12.218,0,0.0349,0.00673,0.308,0.117,0.292,134.977,0,3713,atomic rooster,atomic rooster / take it for granted,448,train
wyclef jean,something about mary,0,0.755,0.66,5,-6.662,1,0.0537,0.158,7.41e-05,0.121,0.618,95.05,0,3714,wyclef jean,wyclef jean / something about mary,267,train
the verve pipe,la la,0,0.345,0.64,1,-8.105,0,0.0387,0.00248,8.63e-05,0.132,0.17,173.999,0,3715,the verve pipe,the verve pipe / la la,3272,train
da brat,sittin on top of the world,1,0.793,0.673,7,-5.924,1,0.23,0.0383,0.000294,0.224,0.686,92.965,1,3716,da brat,da brat / sittin on top of the world,1332,test
martina mcbride,make me believe,0,0.494,0.737,6,-6.109,1,0.0311,0.0313,0.0,0.0657,0.378,159.583,0,3717,martina mcbride,martina mcbride / make me believe,224,test
mxpx,you found me,0,0.252,0.943,11,-4.612,0,0.0487,0.000883,2.31e-06,0.351,0.786,203.768,0,3718,mxpx,mxpx / you found me,301,validation
ozzy osbourne,no more tears,0,0.346,0.749,6,-6.506,1,0.035,0.00167,8.86e-05,0.648,0.315,102.591,1,3719,ozzy osbourne,ozzy osbourne / no more tears,2006,train
eliane elias,the beat of my heart,0,0.617,0.127,10,-22.434,0,0.0778,0.868,0.616,0.103,0.696,82.948,0,3720,eliane elias,eliane elias / the beat of my heart,2661,validation
placebo,english summer rain,0,0.573,0.909,10,-7.894,0,0.0516,0.00418,0.00333,0.0825,0.517,108.27,0,3721,placebo,placebo / english summer rain,1152,train
ana popovic,u complete me (blues version - bonus track),0,0.606,0.406,10,-7.37,1,0.0323,0.147,0.000316,0.0561,0.555,78.535,0,3722,ana popovic,ana popovic / u complete me (blues version - bonus track),1895,train
alison krauss + union station,when you say nothing at all,0,0.509,0.242,3,-13.353,1,0.0291,0.714,0.000365,0.127,0.448,169.642,1,3723,alison krauss + union station,alison krauss + union station / when you say nothing at all,3705,train
dixie chicks,landslide,1,0.571,0.438,2,-7.007,1,0.0279,0.534,1.56e-05,0.187,0.444,145.948,1,3724,dixie chicks,dixie chicks / landslide,23,train
mongo santamaria,hush,0,0.473,0.508,5,-10.826,0,0.0497,0.569,0.574,0.175,0.858,92.179,0,3725,mongo santamaria,mongo santamaria / hush,3707,train
landon pigg,falling in love at a coffee shop,0,0.489,0.561,4,-7.933,1,0.0274,0.2,4.56e-05,0.179,0.238,83.457,1,3726,landon pigg,landon pigg / falling in love at a coffee shop,3708,train
linkin park,new divide,1,0.493,0.808,5,-3.365,0,0.0362,0.000235,0.0,0.0983,0.38,117.971,1,3727,linkin park,linkin park / new divide,911,validation
darryl worley,"awful, beautiful life",1,0.624,0.774,2,-6.873,1,0.0327,0.0258,2.37e-06,0.0988,0.672,112.608,1,3728,darryl worley,"darryl worley / awful, beautiful life",1221,train
celine dion,i drove all night,1,0.566,0.912,11,-4.198,1,0.0629,0.00051,0.0,0.215,0.644,134.994,1,3729,celine dion,celine dion / i drove all night,1835,train
faithless,mass destruction,1,0.568,0.853,11,-7.276,0,0.113,0.0126,7.13e-05,0.337,0.662,166.072,0,3730,faithless,faithless / mass destruction,1148,train
spinal tap,the majesty of rock,0,0.514,0.949,9,-4.904,1,0.109,0.000487,0.0601,0.266,0.464,128.052,0,3731,spinal tap,spinal tap / the majesty of rock,3713,train
gg allin,garbage dump,0,0.441,0.609,10,-12.051,0,0.0541,0.473,0.0,0.276,0.645,85.549,0,3732,gg allin,gg allin / garbage dump,3714,train
creed,my sacrifice,0,0.32,0.88,2,-6.035,1,0.0504,0.000101,4.31e-06,0.076,0.257,146.349,1,3733,creed,creed / my sacrifice,3715,test
bt feat. jes,every other way,0,0.698,0.649,6,-8.555,0,0.0872,0.00101,0.615,0.197,0.425,131.008,0,3734,bt feat. jes,bt feat. jes / every other way,3716,validation
delroy wilson,conquer me,0,0.758,0.529,0,-9.093,1,0.0815,0.00281,0.129,0.0874,0.709,151.203,0,3735,delroy wilson,delroy wilson / conquer me,3621,train
lee ritenour,can you feel it?,0,0.69,0.564,6,-11.13,0,0.0307,0.296,0.747,0.278,0.64,93.908,0,3736,lee ritenour,lee ritenour / can you feel it?,3718,train
babylon disco,funk you,0,0.5,0.886,10,-5.706,0,0.14,0.0807,0.0163,0.325,0.466,99.429,0,3737,babylon disco,babylon disco / funk you,2474,train
it dies today,sixth of june,0,0.35,0.977,6,-2.746,0,0.0875,5.08e-05,5.5e-06,0.0767,0.239,160.169,0,3738,it dies today,it dies today / sixth of june,3040,train
sunscreem,secrets,0,0.535,0.713,0,-8.776,1,0.141,0.0224,0.0,0.0659,0.651,172.12,0,3739,sunscreem,sunscreem / secrets,790,test
the killers,a dustland fairytale,1,0.429,0.841,2,-6.501,1,0.0553,0.0436,0.0,0.0976,0.33,134.37,0,3740,the killers,the killers / a dustland fairytale,93,train
cheyenne kimball,hanging on,0,0.573,0.934,5,-3.377,1,0.0372,0.0105,7.26e-05,0.318,0.544,118.773,1,3741,cheyenne kimball,cheyenne kimball / hanging on,3723,validation
precious bryant,dark angel,0,0.701,0.762,9,-8.994,1,0.0605,0.71,1.66e-05,0.225,0.712,91.417,0,3742,precious bryant,precious bryant / dark angel,1822,train
missy elliott,ching-a-ling,1,0.713,0.632,4,-7.249,0,0.114,0.00822,1.69e-05,0.0978,0.474,99.793,1,3743,missy elliott,missy elliott / ching-a-ling,1260,train
spunk,marbles,0,0.488,0.477,1,-13.353,1,0.311,0.0456,8.75e-05,0.284,0.653,60.214,0,3744,spunk,spunk / marbles,3726,train
imx,stay the night,0,0.585,0.709,11,-5.604,1,0.0611,0.0111,0.0,0.202,0.726,183.22,1,3745,imx,imx / stay the night,3727,test
the fratellis,flathead,0,0.599,0.942,0,-5.196,1,0.155,0.0118,0.0,0.327,0.334,105.144,1,3746,the fratellis,the fratellis / flathead,3728,train
cece winans,the wind (tears for you),0,0.636,0.348,11,-8.154,1,0.033,0.775,0.0,0.0575,0.471,124.635,0,3747,cece winans,cece winans / the wind (tears for you),1313,train
through the eyes of the dead,outro,0,0.386,0.0228,1,-33.416,1,0.0579,0.449,0.759,0.112,0.0399,196.021,0,3748,through the eyes of the dead,through the eyes of the dead / outro,3730,validation
twista,get it wet,0,0.678,0.795,5,-9.313,0,0.0822,0.00781,0.0,0.156,0.55,128.949,1,3749,twista,twista / get it wet,3731,test
lil wayne,on fire,1,0.447,0.874,11,-4.063,0,0.0493,0.00388,0.000607,0.139,0.54,132.11,1,3750,lil wayne,lil wayne / on fire,719,test
precious bryant,when the saints go marching in,0,0.53,0.297,9,-9.47,1,0.0401,0.912,0.000384,0.123,0.267,132.915,0,3751,precious bryant,precious bryant / when the saints go marching in,1822,train
titiyo,my body says yes,0,0.751,0.558,7,-14.87,1,0.0486,0.00581,3.77e-05,0.3,0.88,113.365,1,3752,titiyo,titiyo / my body says yes,3734,train
2 minutos,1987,0,0.378,0.984,4,-3.962,1,0.145,9.96e-05,0.0,0.62,0.618,97.69,0,3753,2 minutos,2 minutos / 1987,1267,train
power pill fist,chuckanut drive,0,0.485,0.611,0,0.316,1,0.106,0.00114,0.879,0.144,0.459,138.246,0,3754,power pill fist,power pill fist / chuckanut drive,3736,train
foo fighters,x-static,0,0.322,0.868,3,-8.335,1,0.0557,3.55e-05,0.899,0.209,0.183,101.545,0,3755,foo fighters,foo fighters / x-static,222,test
al b. sure!,right now,0,0.635,0.522,2,-10.498,1,0.0536,0.306,0.0,0.127,0.47,163.881,1,3756,al b. sure!,al b. sure! / right now,3738,train
general larry platt,pants on the ground,0,0.836,0.768,6,-5.47,0,0.0969,0.0295,0.0,0.513,0.613,95.025,1,3757,general larry platt,general larry platt / pants on the ground,3739,validation
michael jackson,heaven can wait,1,0.706,0.685,11,-3.669,1,0.0837,0.56,0.0,0.22,0.444,117.448,0,3758,michael jackson,michael jackson / heaven can wait,254,test
the shins,phantom limb,0,0.515,0.871,9,-4.113,1,0.0367,0.000585,0.0,0.0877,0.498,119.869,1,3759,the shins,the shins / phantom limb,3741,test
blur,girls & boys,0,0.693,0.875,7,-8.354,0,0.0315,0.00971,0.0,0.0601,0.901,120.048,1,3760,blur,blur / girls & boys,3742,train
sophie b. hawkins,right beside you,0,0.603,0.885,9,-6.986,0,0.0465,0.209,0.00296,0.0634,0.528,124.964,1,3761,sophie b. hawkins,sophie b. hawkins / right beside you,734,train
take it back!,these days,0,0.294,0.949,8,-4.468,1,0.112,5.81e-05,2.75e-05,0.0526,0.209,136.046,0,3762,take it back!,take it back! / these days,3744,validation
ray lamontagne,you are the best thing,0,0.579,0.727,10,-4.872,1,0.0332,0.0304,1.99e-05,0.172,0.885,170.593,1,3763,ray lamontagne,ray lamontagne / you are the best thing,3745,train
snowgoons,michael nobody aka poetic death,0,0.589,0.856,1,-5.079,1,0.252,0.279,2.06e-06,0.12,0.47,88.703,0,3764,snowgoons,snowgoons / michael nobody aka poetic death,879,test
case,happily ever after,0,0.746,0.615,4,-7.124,0,0.0345,0.191,0.0,0.0861,0.512,120.049,1,3765,case,case / happily ever after,3747,test
mae west,put it off until tomorrow,0,0.715,0.18,2,-15.491,0,0.466,0.986,0.00327,0.364,0.719,113.196,0,3766,mae west,mae west / put it off until tomorrow,524,train
james horner,rescue and breakout,0,0.172,0.306,11,-16.962,1,0.035,0.249,0.865,0.13,0.162,96.118,0,3767,james horner,james horner / rescue and breakout,2315,test
maximilian hecker,full of voices,0,0.254,0.799,8,-8.418,1,0.0959,0.0874,0.0126,0.943,0.387,195.006,0,3768,maximilian hecker,maximilian hecker / full of voices,2231,train
tanto metro & devonte,honey i sugar pie,1,0.78,0.639,1,-8.93,1,0.106,0.00433,3.99e-05,0.0842,0.727,97.977,0,3769,tanto metro & devonte,tanto metro & devonte / honey i sugar pie,1409,test
novembre,reason,0,0.22,0.789,0,-6.791,1,0.0427,7.22e-05,0.196,0.127,0.112,104.765,0,3770,novembre,novembre / reason,1316,train
madonna,the power of good-bye,1,0.534,0.561,5,-11.089,0,0.0409,0.0442,0.678,0.189,0.219,84.978,1,3771,madonna,madonna / the power of good-bye,248,validation
snow patrol,new sensation,0,0.68,0.373,4,-14.407,1,0.0314,0.528,0.000193,0.0911,0.311,115.029,0,3772,snow patrol,snow patrol / new sensation,563,test
jonas brothers,when you look me in the eyes,0,0.393,0.767,2,-3.685,1,0.0337,0.0269,0.0,0.27,0.506,136.047,1,3773,jonas brothers,jonas brothers / when you look me in the eyes,485,validation
susana seivane,para milladoiro,0,0.378,0.492,10,-12.501,1,0.0284,0.00187,0.81,0.0796,0.215,152.041,0,3774,susana seivane,susana seivane / para milladoiro,3756,train
sick puppies,master of the universe,0,0.436,0.888,2,-5.308,1,0.119,0.000477,5e-05,0.284,0.312,104.462,0,3775,sick puppies,sick puppies / master of the universe,3757,train
trey songz,cant be friends,1,0.451,0.588,11,-7.973,0,0.2,0.0643,0.0,0.171,0.332,171.849,1,3776,trey songz,trey songz / cant be friends,6,train
onyx,last dayz,1,0.707,0.61,10,-9.714,0,0.382,0.0209,2.11e-05,0.124,0.759,88.287,1,3777,onyx,onyx / last dayz,1578,train
korn,did my time,0,0.544,0.874,1,-3.891,1,0.0475,6.05e-05,0.00229,0.353,0.25,93.027,1,3778,korn,korn / did my time,51,train
master p,mr. ice cream man,0,0.806,0.666,0,-5.755,1,0.117,0.026,0.0,0.72,0.571,131.939,1,3779,master p,master p / mr. ice cream man,165,validation
tony toni tone,if i had no loot,0,0.882,0.706,11,-9.83,0,0.0511,0.109,0.0,0.275,0.754,106.712,1,3780,tony toni tone,tony toni tone / if i had no loot,3762,train
patty griffin,let him fly,0,0.503,0.232,2,-7.592,1,0.035,0.768,1.43e-06,0.116,0.389,111.976,0,3781,patty griffin,patty griffin / let him fly,805,validation
the sterns,supreme girl,0,0.499,0.924,8,-3.469,1,0.0336,0.00815,0.0,0.3,0.83,157.811,0,3782,the sterns,the sterns / supreme girl,3764,train
nick cave & the bad seeds,rock of gibraltar,0,0.237,0.645,7,-7.97,1,0.0365,0.023,0.000152,0.178,0.53,167.066,0,3783,nick cave & the bad seeds,nick cave & the bad seeds / rock of gibraltar,902,train
eric burdon,feeling blue,0,0.723,0.668,9,-5.632,0,0.032,0.173,0.000851,0.132,0.664,97.361,0,3784,eric burdon,eric burdon / feeling blue,1436,train
sex pistols,chatterbox,0,0.25,0.775,4,-5.715,0,0.0381,1.77e-06,0.899,0.366,0.38,146.752,0,3785,sex pistols,sex pistols / chatterbox,3767,train
russ taff,we will stand,0,0.518,0.452,11,-11.926,1,0.0349,0.0892,0.0,0.252,0.273,127.685,0,3786,russ taff,russ taff / we will stand,3768,train
kelly sweet,ready for love,0,0.366,0.467,10,-7.853,1,0.0355,0.78,1.61e-05,0.106,0.0763,129.914,0,3787,kelly sweet,kelly sweet / ready for love,346,validation
erkki junkkarinen,nuoruusmuistoja,0,0.298,0.248,4,-12.592,0,0.0368,0.768,2.75e-06,0.469,0.392,163.021,0,3788,erkki junkkarinen,erkki junkkarinen / nuoruusmuistoja,3770,test
m.i.a.,paper planes,0,0.457,0.854,2,-6.2,1,0.265,0.0277,9.62e-05,0.731,0.485,172.231,1,3789,m.i.a.,m.i.a. / paper planes,3771,train
chris isaak,somebodys crying,0,0.539,0.579,5,-8.058,1,0.0291,0.231,0.0212,0.265,0.718,114.339,1,3790,chris isaak,chris isaak / somebodys crying,3772,train
mitch ryder,jenny take a ride,0,0.654,0.71,5,-11.723,1,0.0395,0.247,0.0,0.29,0.833,99.702,0,3791,mitch ryder,mitch ryder / jenny take a ride,3773,train
alice in chains,sickman,0,0.287,0.912,1,-5.553,1,0.0942,0.00743,0.00069,0.0871,0.274,138.871,0,3792,alice in chains,alice in chains / sickman,43,train
krs-one,freestyle ministry (server verbals),0,0.89,0.842,1,-3.177,1,0.308,0.125,0.0,0.262,0.865,94.664,0,3793,krs-one,krs-one / freestyle ministry (server verbals),3357,validation
r.l. burnside,over the hill,0,0.543,0.304,3,-7.796,0,0.0474,0.867,0.00169,0.402,0.65,97.74,0,3794,r.l. burnside,r.l. burnside / over the hill,269,test
hatiras,final flash,0,0.408,0.943,2,-4.675,1,0.0573,0.00251,0.908,0.343,0.131,187.526,0,3795,hatiras,hatiras / final flash,3170,test
sundial aeon,love shelter,0,0.58,0.581,5,-12.557,0,0.0372,0.104,0.821,0.578,0.271,89.997,0,3796,sundial aeon,sundial aeon / love shelter,3778,train
converge,locust reign (live in california),0,0.316,0.934,10,-3.973,1,0.21,2.8e-05,0.168,0.372,0.14,111.557,0,3797,converge,converge / locust reign (live in california),331,test
chris brown,take you down,1,0.387,0.64,11,-5.817,0,0.081,0.107,0.0,0.319,0.617,59.989,1,3798,chris brown,chris brown / take you down,905,train
gerald veasley,love letter,0,0.563,0.552,5,-11.618,0,0.0297,0.71,0.872,0.326,0.374,92.123,0,3799,gerald veasley,gerald veasley / love letter,3781,train
maximilian hecker,birch,0,0.241,0.179,5,-10.38,0,0.0336,0.954,0.0314,0.113,0.0393,77.203,0,3800,maximilian hecker,maximilian hecker / birch,2231,train
gary allan,songs about rain,1,0.57,0.671,7,-4.954,1,0.028,0.0335,0.0,0.102,0.211,121.401,1,3801,gary allan,gary allan / songs about rain,258,validation
djelimady tounkara,sigui,0,0.587,0.386,0,-10.627,1,0.0365,0.66,0.0227,0.0937,0.499,124.545,0,3802,djelimady tounkara,djelimady tounkara / sigui,3784,train
takaru,idnnitkhtr,0,0.3,0.981,2,-6.274,1,0.097,0.00262,0.927,0.545,0.0394,132.982,0,3803,takaru,takaru / idnnitkhtr,3785,validation
joe bonamassa,when she dances,0,0.447,0.358,0,-10.818,1,0.0291,0.022,0.044,0.248,0.147,103.68,0,3804,joe bonamassa,joe bonamassa / when she dances,128,train
lenny kravitz,i belong to you,1,0.69,0.664,5,-7.715,0,0.0542,0.000447,0.0343,0.073,0.63,87.287,1,3806,lenny kravitz,lenny kravitz / i belong to you,372,train
duran duran,ordinary world,0,0.472,0.652,1,-10.171,0,0.0305,0.0131,1.12e-05,0.14,0.401,140.124,1,3807,duran duran,duran duran / ordinary world,155,validation
the offspring,defy you,1,0.491,0.841,11,-3.651,0,0.0387,0.000609,2.4e-06,0.131,0.669,92.296,1,3808,the offspring,the offspring / defy you,672,train
joe mcbride,one eyed jack,0,0.606,0.654,7,-9.897,0,0.0309,0.461,0.0614,0.122,0.527,91.95,0,3809,joe mcbride,joe mcbride / one eyed jack,1662,test
the ruby suns,function of the sun,0,0.541,0.525,7,-8.878,1,0.0455,0.661,0.758,0.112,0.312,84.962,0,3810,the ruby suns,the ruby suns / function of the sun,3791,train
tevin campbell,strawberry letter 23,0,0.812,0.834,6,-7.722,1,0.0375,0.0663,0.000443,0.115,0.817,106.425,1,3811,tevin campbell,tevin campbell / strawberry letter 23,1964,train
jessica simpson featuring lil bow wow,irresistible,0,0.762,0.67,8,-6.2,0,0.257,0.0217,0.0,0.0786,0.591,93.066,0,3812,jessica simpson featuring lil bow wow,jessica simpson featuring lil bow wow / irresistible,3793,train
sugarland,baby girl,0,0.382,0.75,1,-3.251,1,0.0301,0.167,0.0,0.0447,0.593,82.075,1,3813,sugarland,sugarland / baby girl,3389,train
cupid,cupid shuffle,0,0.785,0.582,5,-4.877,0,0.237,0.191,0.0,0.2,0.861,71.774,1,3814,cupid,cupid / cupid shuffle,3795,validation
erykah badu,on & on,0,0.765,0.403,11,-10.946,0,0.167,0.061,0.00559,0.204,0.295,80.386,1,3815,erykah badu,erykah badu / on & on,2190,train
sugar ray,every morning,0,0.829,0.674,8,-4.493,1,0.0362,0.0838,0.00174,0.102,0.974,109.917,1,3816,sugar ray,sugar ray / every morning,3797,train
hannah montana,ordinary girl,1,0.427,0.849,7,-3.744,1,0.28,0.0276,0.0,0.264,0.382,181.744,1,3817,hannah montana,hannah montana / ordinary girl,33,validation
shriekback,squanderer,0,0.495,0.882,8,-5.97,1,0.118,0.0088,0.0378,0.302,0.58,175.242,0,3818,shriekback,shriekback / squanderer,351,train
ryan cabrera,shine on,1,0.242,0.831,1,-5.556,1,0.0835,0.0242,0.0,0.257,0.623,190.078,1,3819,ryan cabrera,ryan cabrera / shine on,2095,test
paramore,thats what you get,1,0.528,0.831,8,-3.607,1,0.0429,9.43e-05,0.0,0.141,0.632,131.094,1,3820,paramore,paramore / thats what you get,9,train
marc shaiman,blame canada ( from: south park ),0,0.746,0.277,5,-14.3,1,0.059,0.989,0.898,0.0994,0.58,136.79,0,3821,marc shaiman,marc shaiman / blame canada ( from: south park ),1548,train
sean paul,we be burnin,1,0.95,0.803,1,-4.195,1,0.151,0.145,0.0,0.0748,0.86,117.0,1,3822,sean paul,sean paul / we be burnin,3165,train
capleton,tour,0,0.848,0.896,1,-3.871,0,0.323,0.223,0.0,0.229,0.758,129.147,1,3823,capleton,capleton / tour,2219,train
destinys child,say my name,0,0.713,0.678,5,-3.525,0,0.102,0.273,0.0,0.149,0.734,138.009,1,3824,destinys child,destinys child / say my name,678,test
solas,lament for frankie,0,0.209,0.0903,3,-18.816,1,0.0457,0.995,0.907,0.11,0.0879,98.05,0,3825,solas,solas / lament for frankie,1087,train
t.o.k.,saturday,0,0.738,0.727,2,-6.207,1,0.28,0.279,0.0,0.128,0.689,98.054,0,3826,t.o.k.,t.o.k. / saturday,375,train
from autumn to ashes,sensory deprivation adventure,0,0.47,0.918,10,-5.773,1,0.0507,8.26e-06,0.277,0.395,0.457,92.964,0,3827,from autumn to ashes,from autumn to ashes / sensory deprivation adventure,2063,test
gerald clayton,all of you,0,0.384,0.287,0,-17.13,1,0.0492,0.0829,0.763,0.119,0.187,77.052,0,3828,gerald clayton,gerald clayton / all of you,1804,train
daniel johnston,come to me tonight,0,0.667,0.542,6,-11.606,0,0.162,0.797,0.0178,0.87,0.544,135.886,0,3829,daniel johnston,daniel johnston / come to me tonight,103,train
gavin rossdale,love remains the same,0,0.406,0.632,4,-5.115,1,0.0344,0.236,0.0,0.18,0.109,149.258,1,3830,gavin rossdale,gavin rossdale / love remains the same,3811,validation
the commitments,try a little tenderness,0,0.372,0.393,1,-13.239,0,0.0445,0.0131,1.93e-05,0.224,0.0963,111.159,1,3832,the commitments,the commitments / try a little tenderness,3812,test
matchbox twenty,bright lights,1,0.319,0.732,4,-4.475,1,0.0436,0.0134,0.0,0.658,0.2,80.195,1,3833,matchbox twenty,matchbox twenty / bright lights,1910,test
paula abdul,will you marry me?,1,0.623,0.7,11,-7.9,1,0.0575,0.422,3.12e-05,0.31,0.548,149.726,1,3834,paula abdul,paula abdul / will you marry me?,2238,train
zeromancer,v,0,0.553,0.832,2,-7.387,1,0.045,0.056,3.64e-05,0.11,0.149,120.007,0,3835,zeromancer,zeromancer / v,615,train
michael gettel,the journey north,0,0.488,0.511,10,-11.481,1,0.0264,0.64,0.919,0.115,0.302,110.11,0,3836,michael gettel,michael gettel / the journey north,626,test
workhorse,high horse,0,0.42,0.669,7,-7.092,1,0.0287,0.121,0.131,0.0957,0.515,114.445,0,3837,workhorse,workhorse / high horse,2918,test
epmd,mr. bozack,0,0.536,0.651,6,-11.613,1,0.281,0.0332,0.000114,0.254,0.562,85.646,0,3838,epmd,epmd / mr. bozack,42,test
johnny cash,i got stripes (live),0,0.525,0.459,5,-15.718,0,0.298,0.394,0.0,0.523,0.612,125.55,0,3839,johnny cash,johnny cash / i got stripes (live),3819,train
eminem,ass like that,0,0.505,0.795,2,-6.283,1,0.434,0.453,0.0,0.0998,0.734,89.669,1,3840,eminem,eminem / ass like that,94,validation
william orbit,cavalleria rusticana,0,0.459,0.156,5,-18.99,1,0.0708,0.958,0.912,0.176,0.382,117.725,0,3841,william orbit,william orbit / cavalleria rusticana,1231,test
collective soul,december,0,0.687,0.499,0,-7.614,1,0.0278,0.587,0.00362,0.187,0.338,121.981,1,3842,collective soul,collective soul / december,3822,test
elakelaiset,laakista humppa,0,0.465,0.88,0,-4.108,1,0.319,0.0664,0.0,0.0722,0.719,187.62,0,3843,elakelaiset,elakelaiset / laakista humppa,1100,train
blu cantrell,hit em up style (oops!),0,0.7,0.774,5,-4.983,0,0.0466,0.2,0.0,0.404,0.652,90.0,1,3844,blu cantrell,blu cantrell / hit em up style (oops!),3824,train
clay walker,"live, laugh, love",0,0.647,0.746,2,-10.597,1,0.0437,0.195,0.0,0.0271,0.946,98.991,1,3845,clay walker,"clay walker / live, laugh, love",3179,train
bt,korean waterhole,0,0.172,0.0423,2,-21.69,1,0.0452,0.783,0.875,0.0994,0.0731,97.56,0,3846,bt,bt / korean waterhole,335,train
sean paul,so fine,1,0.875,0.843,6,-3.292,0,0.246,0.0299,0.0,0.0552,0.586,136.974,1,3847,sean paul,sean paul / so fine,3165,train
john mayall & the bluesbreakers,blues city shake down,0,0.561,0.832,4,-5.014,1,0.0327,0.0215,0.933,0.333,0.854,133.053,0,3848,john mayall & the bluesbreakers,john mayall & the bluesbreakers / blues city shake down,3275,train
dexys midnight runners,breaking down the walls of heartache,0,0.513,0.825,1,-7.929,0,0.0576,0.277,0.0,0.089,0.825,161.102,0,3849,dexys midnight runners,dexys midnight runners / breaking down the walls of heartache,1041,train
dub pistols feat. tk & ashley slater,everyday stranger,0,0.651,0.673,7,-7.32,1,0.033,0.032,6.1e-05,0.792,0.193,111.979,0,3850,dub pistols feat. tk & ashley slater,dub pistols feat. tk & ashley slater / everyday stranger,3830,train
slum village,cb4,0,0.841,0.758,8,-6.678,1,0.402,0.491,0.0,0.0731,0.603,94.321,0,3851,slum village,slum village / cb4,3831,test
time factory,fleeting sound,0,0.36,0.838,1,-6.601,1,0.0491,0.00067,0.0749,0.0618,0.274,133.995,0,3852,time factory,time factory / fleeting sound,3832,train
clubland,hold on (tighter to love),0,0.796,0.688,7,-7.932,0,0.0558,0.00131,0.361,0.0888,0.573,119.768,1,3853,clubland,clubland / hold on (tighter to love),3833,test
daniel johnston,high horse,0,0.521,0.724,0,-6.667,1,0.0275,0.000365,0.314,0.122,0.452,128.038,0,3854,daniel johnston,daniel johnston / high horse,103,train
nelson,only time will tell,0,0.465,0.704,3,-7.393,1,0.0301,0.358,0.0,0.238,0.496,142.251,1,3855,nelson,nelson / only time will tell,3835,test
rita chiarelli,this is my life,0,0.403,0.506,7,-11.785,0,0.0342,0.0027,0.0,0.0854,0.549,179.685,0,3856,rita chiarelli,rita chiarelli / this is my life,461,validation
maxi priest,just a little bit longer,0,0.685,0.678,9,-7.197,0,0.0621,0.00998,0.0,0.0339,0.875,173.219,1,3857,maxi priest,maxi priest / just a little bit longer,1572,train
zhane,hey mr. d.j.,1,0.865,0.645,2,-6.939,1,0.071,0.0836,0.00117,0.109,0.89,101.313,1,3858,zhane,zhane / hey mr. d.j.,2048,train
gwen stefani,harajuku girls,1,0.871,0.82,3,-4.42,0,0.0647,0.0932,0.0,0.113,0.838,114.007,0,3859,gwen stefani,gwen stefani / harajuku girls,1296,validation
tatyana ali,daydreamin,0,0.882,0.57,1,-7.565,1,0.0832,0.0886,6.54e-06,0.0932,0.815,96.785,1,3860,tatyana ali,tatyana ali / daydreamin,3840,train
elvenking,trows kind,0,0.509,0.902,10,-5.273,0,0.0466,2.91e-05,4.01e-05,0.221,0.527,100.065,0,3861,elvenking,elvenking / trows kind,2543,train
taylor swift,jump then fall,1,0.618,0.674,2,-5.675,1,0.0276,0.115,0.0,0.0832,0.8,79.985,1,3862,taylor swift,taylor swift / jump then fall,250,train
willie bobo,spanish grease,0,0.795,0.569,3,-10.72,1,0.0346,0.258,5.78e-06,0.277,0.862,127.259,0,3863,willie bobo,willie bobo / spanish grease,3843,validation
information society,seek 300,0,0.482,0.806,8,-8.9,1,0.0484,0.000158,0.782,0.0545,0.619,150.034,0,3864,information society,information society / seek 300,384,train
professor longhair,no buts - no maybes,0,0.49,0.731,3,-7.931,1,0.0411,0.677,4.22e-05,0.227,0.964,166.322,0,3865,professor longhair,professor longhair / no buts - no maybes,3845,train
mudhoney,new meaning,0,0.25,0.845,9,-6.084,1,0.0744,9.48e-06,4.79e-06,0.0979,0.243,144.632,0,3866,mudhoney,mudhoney / new meaning,942,train
enter the haggis,skyswimmer,0,0.276,0.508,3,-10.324,1,0.0399,0.00748,0.000181,0.118,0.249,83.139,0,3867,enter the haggis,enter the haggis / skyswimmer,3847,train
a*teens,bouncing off the ceiling (upside down),0,0.613,0.964,6,-5.682,0,0.0611,0.000398,0.904,0.0364,0.553,137.839,1,3868,a*teens,a*teens / bouncing off the ceiling (upside down),3848,train
athenaeum,what i didnt know,0,0.539,0.93,11,-6.035,1,0.0624,0.0138,0.0,0.0673,0.584,127.454,1,3870,athenaeum,athenaeum / what i didnt know,3849,train
ricky martin,tal vez,1,0.509,0.601,11,-5.365,1,0.0323,0.211,0.0,0.114,0.191,115.856,1,3871,ricky martin,ricky martin / tal vez,2671,test
mya,my first night with you,0,0.621,0.438,8,-8.492,1,0.0319,0.555,0.00173,0.129,0.159,138.892,1,3872,mya,mya / my first night with you,3851,train
bobby brown,get away,1,0.826,0.771,1,-6.469,0,0.0385,0.0289,1.55e-05,0.0361,0.856,111.749,1,3873,bobby brown,bobby brown / get away,1298,train
the black crowes,girl from a pawnshop,1,0.349,0.305,7,-12.257,1,0.0305,0.396,1.05e-05,0.14,0.138,114.896,0,3874,the black crowes,the black crowes / girl from a pawnshop,494,test
rob thomas,ever the same,0,0.435,0.729,1,-4.818,0,0.0307,0.0152,2.63e-05,0.11,0.524,188.017,1,3875,rob thomas,rob thomas / ever the same,2907,train
yggdrasil,nordfjorloftet,0,0.286,0.316,11,-14.689,1,0.0363,0.547,2.18e-06,0.371,0.374,99.318,0,3876,yggdrasil,yggdrasil / nordfjorloftet,3855,train
pascal obispo,chlore,0,0.535,0.339,5,-13.64,0,0.0315,0.208,0.000884,0.234,0.378,139.816,0,3877,pascal obispo,pascal obispo / chlore,2686,train
a static lullaby,rattlesnake!,0,0.267,0.987,2,-6.083,1,0.187,5.67e-05,1.4e-05,0.185,0.123,201.687,0,3878,a static lullaby,a static lullaby / rattlesnake!,1839,train
silk,meeting in my bedroom,1,0.716,0.455,2,-7.148,0,0.0282,0.0329,1.87e-06,0.0599,0.226,111.668,1,3879,silk,silk / meeting in my bedroom,3593,train
tim mcgraw,let it go,1,0.477,0.86,1,-4.16,1,0.032,0.322,0.0,0.313,0.473,159.27,1,3880,tim mcgraw,tim mcgraw / let it go,205,validation
bob wills,bubbles in my beer,0,0.423,0.252,0,-15.634,1,0.046,0.994,0.928,0.338,0.732,171.536,0,3881,bob wills,bob wills / bubbles in my beer,698,train
kitaro,harmony of the forest,0,0.435,0.35,1,-15.103,0,0.0324,0.588,0.102,0.926,0.241,98.595,0,3882,kitaro,kitaro / harmony of the forest,149,validation
2 minutos,cancion de amor,0,0.343,0.94,7,-3.596,1,0.141,0.00281,0.0,0.314,0.623,118.769,0,3883,2 minutos,2 minutos / cancion de amor,1267,train
zeromancer,send me an angel,0,0.597,0.672,2,-6.15,0,0.0356,3.65e-05,0.0455,0.372,0.265,130.038,0,3884,zeromancer,zeromancer / send me an angel,615,train
kirk franklin,declaration (this is it!),0,0.825,0.852,1,-5.199,1,0.125,0.0146,1.78e-06,0.622,0.493,104.051,0,3885,kirk franklin,kirk franklin / declaration (this is it!),3864,validation
doyle bramhall,ooh wee baby,0,0.385,0.654,2,-5.978,1,0.0403,0.014,0.158,0.344,0.222,180.084,0,3886,doyle bramhall,doyle bramhall / ooh wee baby,2611,train
the strokes,meet me in the bathroom,0,0.426,0.94,7,-3.973,1,0.0337,6.7e-05,0.883,0.0772,0.595,139.952,0,3887,the strokes,the strokes / meet me in the bathroom,606,train
ini kamoze,gangsta roll,0,0.744,0.642,2,-6.148,1,0.344,0.199,0.000118,0.301,0.599,178.836,0,3888,ini kamoze,ini kamoze / gangsta roll,1460,test
gwen stefani,crash,1,0.789,0.933,9,-1.606,1,0.0425,0.0202,0.0,0.865,0.917,126.224,1,3889,gwen stefani,gwen stefani / crash,1296,validation
the fabulous thunderbirds,when i get home,0,0.506,0.346,10,-11.902,1,0.0386,0.389,0.000107,0.0515,0.628,133.453,0,3890,the fabulous thunderbirds,the fabulous thunderbirds / when i get home,3869,test
tara kemp,hold you tight,0,0.739,0.675,1,-9.194,1,0.0444,0.0545,0.0112,0.0632,0.643,100.054,1,3891,tara kemp,tara kemp / hold you tight,3870,test
johnny osbourne,lend me your chopper,0,0.779,0.696,6,-9.945,1,0.155,0.000932,4.3e-05,0.211,0.604,82.015,0,3892,johnny osbourne,johnny osbourne / lend me your chopper,1062,train
jessica simpson,be,1,0.333,0.298,2,-8.751,1,0.0278,0.534,0.0,0.279,0.195,99.867,0,3893,jessica simpson,jessica simpson / be,2143,train
phantomsmasher,bishop hopping,0,0.171,0.944,3,-5.856,1,0.352,0.0789,0.278,0.297,0.129,83.98,0,3894,phantomsmasher,phantomsmasher / bishop hopping,3873,train
tha liks,yo mouth (skit),0,0.374,0.43,3,-10.155,0,0.131,0.73,0.0,0.712,0.865,71.104,0,3895,tha liks,tha liks / yo mouth (skit),625,test
the cardigans,rise & shine,0,0.35,0.839,4,-5.947,1,0.0302,0.0293,0.000139,0.107,0.607,161.897,0,3896,the cardigans,the cardigans / rise & shine,156,train
the wreckers,damn that radio [live],0,0.501,0.877,4,-5.15,1,0.105,0.17,0.0,0.801,0.721,151.915,0,3897,the wreckers,the wreckers / damn that radio [live],3876,test
"10,000 maniacs",more than this,1,0.616,0.762,6,-8.766,1,0.0266,0.018,0.00456,0.0872,0.779,124.637,1,3898,"10,000 maniacs","10,000 maniacs / more than this",2855,train
frederic galliano,nomades monades,0,0.58,0.228,10,-20.47,0,0.1,0.467,0.715,0.353,0.136,82.01,0,3899,frederic galliano,frederic galliano / nomades monades,3878,train
leeroy stagger,house of sin,0,0.468,0.286,5,-14.363,1,0.0314,0.238,0.0,0.182,0.241,149.561,0,3900,leeroy stagger,leeroy stagger / house of sin,3879,train
pretty ricky,grind with me,0,0.7,0.538,1,-5.952,1,0.045,0.000204,0.0,0.105,0.189,136.518,1,3901,pretty ricky,pretty ricky / grind with me,2503,train
3lw,no more (baby ima do right),0,0.721,0.723,2,-7.08,0,0.0631,0.102,4.4e-06,0.0651,0.761,88.933,1,3902,3lw,3lw / no more (baby ima do right),3881,train
ub40,higher ground,0,0.799,0.504,2,-12.874,1,0.045,0.074,0.000609,0.118,0.92,101.067,1,3903,ub40,ub40 / higher ground,938,train
pyranja,nordcore,0,0.727,0.742,10,-4.191,0,0.173,0.119,0.0,0.0696,0.6,89.25,0,3904,pyranja,pyranja / nordcore,1294,train
los fabulosos cadillacs,electrasonic v,0,0.814,0.854,1,-4.634,1,0.0483,0.0584,0.0103,0.0691,0.906,118.702,0,3905,los fabulosos cadillacs,los fabulosos cadillacs / electrasonic v,697,train
bob marley,small axe,0,0.832,0.531,10,-7.386,1,0.225,0.743,0.0,0.229,0.832,98.587,0,3906,bob marley,bob marley / small axe,21,train
cut copy,future,0,0.69,0.868,9,-8.944,0,0.0389,0.0913,0.271,0.133,0.657,119.49,0,3907,cut copy,cut copy / future,3206,test
chalk farm,lillie anne,0,0.434,0.685,6,-7.701,0,0.0302,0.000196,0.111,0.11,0.534,95.288,0,3908,chalk farm,chalk farm / lillie anne,3887,train
the zebras,marching,0,0.355,0.863,4,-6.73,1,0.0325,0.179,0.0,0.0304,0.811,150.983,0,3909,the zebras,the zebras / marching,3888,train
justin timberlake,summer love,1,0.454,0.518,0,-8.396,0,0.0936,0.191,0.0,0.936,0.329,120.103,1,3910,justin timberlake,justin timberlake / summer love,901,train
sick puppies,deliverance,0,0.154,0.954,10,-4.501,0,0.106,1.16e-05,0.0,0.292,0.299,181.221,0,3911,sick puppies,sick puppies / deliverance,3757,train
busdriver,unsafe sextet/gilded hearts of booklovers,0,0.456,0.869,4,-6.256,0,0.373,0.0597,0.0,0.711,0.249,86.408,0,3912,busdriver,busdriver / unsafe sextet/gilded hearts of booklovers,1188,train
corbin bleu,push it to the limit,0,0.814,0.9,5,-3.318,0,0.0605,0.0112,2.01e-06,0.0631,0.761,125.988,1,3913,corbin bleu,corbin bleu / push it to the limit,3892,train
daughters,jones from indiana,0,0.239,0.994,8,-4.503,0,0.278,1.77e-05,0.0533,0.367,0.0417,87.497,0,3914,daughters,daughters / jones from indiana,3893,validation
goo goo dolls,slide,1,0.395,0.843,8,-4.476,1,0.0374,0.00483,0.0,0.0404,0.481,112.423,1,3915,goo goo dolls,goo goo dolls / slide,466,test
ashlee simpson,l.o.v.e.,1,0.592,0.818,5,-3.33,0,0.0643,0.0034,0.000649,0.622,0.926,191.917,1,3916,ashlee simpson,ashlee simpson / l.o.v.e.,468,train
old soul,silent night,0,0.378,0.65,0,-5.291,1,0.0333,0.00295,0.908,0.512,0.486,134.985,0,3917,old soul,old soul / silent night,3896,train
eddie money,ill get by,0,0.477,0.563,9,-6.089,1,0.0279,0.578,0.0,0.0702,0.19,69.964,1,3918,eddie money,eddie money / ill get by,1657,train
sade,all about our love,1,0.799,0.521,4,-8.421,1,0.0355,0.182,0.00975,0.0913,0.646,81.043,0,3919,sade,sade / all about our love,651,test
the fray,she is,0,0.495,0.824,7,-3.474,0,0.0357,0.0058,0.0,0.219,0.469,138.988,0,3920,the fray,the fray / she is,3046,test
xcultures,smile,0,0.315,0.301,9,-16.693,0,0.054,0.632,0.00811,0.608,0.425,121.488,0,3921,xcultures,xcultures / smile,2164,test
korn,hey daddy,0,0.465,0.803,7,-6.764,1,0.0452,5.18e-05,0.0465,0.0809,0.493,93.899,0,3922,korn,korn / hey daddy,51,train
kim wilson,love attack,0,0.579,0.705,9,-6.639,1,0.0639,0.937,0.00309,0.364,0.812,114.054,0,3923,kim wilson,kim wilson / love attack,3044,train
goo goo dolls,better days,1,0.486,0.592,7,-5.176,1,0.0298,0.00174,0.00114,0.0935,0.329,113.228,1,3924,goo goo dolls,goo goo dolls / better days,466,test
rocket from the tombs,frustration,0,0.176,0.824,7,-7.247,1,0.0388,0.00546,0.0156,0.111,0.382,161.912,0,3925,rocket from the tombs,rocket from the tombs / frustration,3904,train
krystof,star,0,0.568,0.537,4,-7.084,0,0.0299,0.0715,0.0,0.28,0.354,105.047,0,3926,krystof,krystof / star,3122,train
trace adkins,this aint no love song,1,0.505,0.886,4,-4.886,1,0.0597,0.0771,0.000219,0.125,0.591,159.96,1,3927,trace adkins,trace adkins / this aint no love song,1240,test
shamen,phorever people,0,0.697,0.939,10,-6.057,0,0.0578,0.0514,0.000107,0.17,0.797,125.785,0,3928,shamen,shamen / phorever people,3372,train
american hi-fi,flavor of the weak,0,0.389,0.959,10,-1.886,1,0.0745,0.000406,1.09e-05,0.335,0.597,151.334,1,3929,american hi-fi,american hi-fi / flavor of the weak,3908,train
usher,can u get wit it,0,0.619,0.527,5,-9.376,0,0.0628,0.0692,0.0,0.333,0.242,124.356,1,3930,usher,usher / can u get wit it,257,train
lost boyz,music makes me high,1,0.839,0.617,1,-3.405,1,0.177,0.00297,0.0,0.268,0.536,94.141,1,3931,lost boyz,lost boyz / music makes me high,1196,train
princess lover,prends-moi la main,0,0.761,0.681,6,-8.236,0,0.0384,0.0938,0.132,0.153,0.562,110.706,0,3932,princess lover,princess lover / prends-moi la main,3911,train
sara melson,anywhere anytime,0,0.454,0.808,5,-4.164,1,0.0453,0.153,0.0,0.288,0.811,168.077,0,3933,sara melson,sara melson / anywhere anytime,3912,train
flex,te quiero,0,0.608,0.73,1,-5.724,1,0.033,0.0058,0.0,0.313,0.48,84.012,1,3934,flex,flex / te quiero,3913,test
the antlers,stairs to the attic,0,0.55,0.573,7,-9.994,1,0.0432,0.391,0.00399,0.0891,0.126,79.985,0,3935,the antlers,the antlers / stairs to the attic,1599,test
sugarland,all i want to do,1,0.705,0.71,9,-4.894,1,0.0675,0.245,1.69e-05,0.154,0.735,97.031,1,3936,sugarland,sugarland / all i want to do,3389,train
sherrie austin,never been kissed,0,0.545,0.655,6,-6.851,1,0.0361,0.316,0.0,0.105,0.638,175.157,1,3937,sherrie austin,sherrie austin / never been kissed,3916,train
fake problems,tabernacle song,0,0.401,0.656,0,-6.254,1,0.0311,0.0146,0.0,0.154,0.48,103.463,0,3938,fake problems,fake problems / tabernacle song,3917,train
gym class heroes,clothes off!!,0,0.761,0.69,11,-5.56,1,0.11,0.0225,0.0,0.34,0.742,114.987,1,3939,gym class heroes,gym class heroes / clothes off!!,3918,train
spok frevo orquestra,passo de anjo,0,0.484,0.72,2,-6.246,1,0.155,0.15,0.958,0.0478,0.704,156.439,0,3940,spok frevo orquestra,spok frevo orquestra / passo de anjo,3919,train
ultraviolence,murder academy,0,0.668,0.942,1,-5.945,1,0.0927,0.0246,0.895,0.0721,0.0336,105.206,0,3941,ultraviolence,ultraviolence / murder academy,3920,test
wesley tuttle,with tears in my eyes,0,0.621,0.251,2,-13.081,1,0.0334,0.711,0.0,0.134,0.863,143.098,0,3942,wesley tuttle,wesley tuttle / with tears in my eyes,3921,train
he is legend,stampede,0,0.524,0.964,7,-7.022,1,0.207,8.74e-05,0.00659,0.52,0.269,98.039,0,3943,he is legend,he is legend / stampede,3922,train
the rapture,killing,0,0.808,0.848,1,-8.166,0,0.055,0.00162,0.144,0.276,0.29,120.024,0,3944,the rapture,the rapture / killing,2324,train
def leppard,when love & hate collide,1,0.477,0.564,4,-8.582,1,0.028,0.0111,0.0,0.221,0.292,67.965,1,3945,def leppard,def leppard / when love & hate collide,1655,train
speedball,no survivors,0,0.269,0.875,5,-9.041,1,0.0395,0.00183,2.23e-05,0.243,0.657,160.004,0,3946,speedball,speedball / no survivors,3925,train
clay walker,a few questions,1,0.586,0.247,7,-13.624,1,0.0284,0.413,0.0063,0.0905,0.115,140.943,1,3947,clay walker,clay walker / a few questions,3179,train
pacha massive,drive,0,0.804,0.789,4,-7.771,0,0.0327,0.0949,0.815,0.114,0.68,126.011,0,3948,pacha massive,pacha massive / drive,1356,train
deee-lite,groove is in the heart,1,0.694,0.881,1,-4.053,0,0.0701,0.0153,0.0196,0.0851,0.924,121.554,1,3949,deee-lite,deee-lite / groove is in the heart,1214,train
the roches,christlike roche,0,0.423,0.121,2,-13.303,0,0.0324,0.962,0.000205,0.119,0.16,93.463,0,3950,the roches,the roches / christlike roche,655,train
gary allan,man to man,1,0.578,0.778,10,-8.847,1,0.0427,0.00751,1.56e-05,0.271,0.633,111.637,1,3951,gary allan,gary allan / man to man,258,validation
carrie underwood,mamas song,1,0.354,0.664,7,-5.413,1,0.0352,0.443,0.0,0.0835,0.235,79.742,1,3952,carrie underwood,carrie underwood / mamas song,1066,train
johnny copeland,jambalaya (on the bayou),0,0.601,0.663,8,-11.395,1,0.036,0.0126,0.0,0.0523,0.917,130.783,0,3953,johnny copeland,johnny copeland / jambalaya (on the bayou),3932,test
dario marianelli,falling apart,0,0.111,0.0837,6,-24.467,0,0.0395,0.754,0.929,0.109,0.0394,66.616,0,3954,dario marianelli,dario marianelli / falling apart,3201,train
war babies,cry yourself to sleep,0,0.338,0.894,3,-5.804,0,0.0549,0.0149,0.000192,0.196,0.188,165.845,0,3955,war babies,war babies / cry yourself to sleep,3934,validation
tweet,oops (oh my),0,0.66,0.536,10,-8.786,0,0.29,0.233,0.00669,0.111,0.775,159.963,1,3956,tweet,tweet / oops (oh my),3935,train
"harry connick, jr.",(i could only) whisper your name,0,0.682,0.572,5,-7.067,0,0.045,0.191,0.204,0.0504,0.844,89.083,1,3957,"harry connick, jr.","harry connick, jr. / (i could only) whisper your name",3936,test
mxpx,answer in the question,0,0.439,0.951,7,-3.265,1,0.0573,0.00628,0.0,0.328,0.553,130.769,0,3958,mxpx,mxpx / answer in the question,301,validation
funeral for a friend,building,0,0.419,0.166,3,-14.362,1,0.0316,0.893,0.00225,0.0858,0.3,139.521,0,3959,funeral for a friend,funeral for a friend / building,1048,train
funeral for a friend,your revolution is a joke,0,0.425,0.314,6,-10.43,1,0.0295,0.733,1.81e-05,0.127,0.176,148.111,0,3960,funeral for a friend,funeral for a friend / your revolution is a joke,1048,train
hatiras,the anthem,0,0.581,0.827,11,-6.274,0,0.313,0.000499,0.385,0.329,0.413,132.011,0,3961,hatiras,hatiras / the anthem,3170,test
speech,a talk with dad,0,0.644,0.273,9,-19.014,1,0.531,0.965,0.00223,0.153,0.753,142.09,0,3962,speech,speech / a talk with dad,449,train
bikini machine,the race,0,0.121,0.781,9,-4.349,0,0.0427,5.34e-05,0.843,0.137,0.0741,163.59,0,3963,bikini machine,bikini machine / the race,3942,test
sonny landreth,she left me a mule,0,0.752,0.613,9,-10.618,1,0.0292,0.396,0.0199,0.246,0.843,131.468,0,3964,sonny landreth,sonny landreth / she left me a mule,3943,validation
ll cool j / amil,hello,0,0.774,0.628,10,-4.204,0,0.119,0.00727,0.009,0.0966,0.552,92.079,0,3965,ll cool j / amil,ll cool j / amil / hello,3944,train
embrace the end,ley lines,0,0.417,0.985,5,-3.54,1,0.14,5.91e-05,0.000721,0.119,0.225,119.992,0,3966,embrace the end,embrace the end / ley lines,3230,train
cheri keaggy,the cross that bears his name,0,0.41,0.281,7,-13.861,1,0.0279,0.524,0.00795,0.0911,0.221,96.802,0,3967,cheri keaggy,cheri keaggy / the cross that bears his name,3946,train
mando diao,popovic,0,0.377,0.867,4,-3.609,0,0.0324,0.113,0.0,0.208,0.676,131.501,0,3968,mando diao,mando diao / popovic,157,train
uphill battle,memory,0,0.242,0.93,7,-6.522,1,0.112,8.7e-06,0.398,0.339,0.244,134.967,0,3969,uphill battle,uphill battle / memory,1081,train
"weird al"" yankovic""",smells like nirvana,0,0.591,0.786,6,-7.664,1,0.0749,0.162,0.00178,0.28,0.729,120.762,1,3970,"weird al"" yankovic""","weird al"" yankovic"" / smells like nirvana",3949,test
john michael montgomery,letters from home,1,0.644,0.626,0,-7.243,1,0.0258,0.367,5.78e-06,0.155,0.388,128.029,1,3971,john michael montgomery,john michael montgomery / letters from home,1013,train
john michael montgomery,the little girl,1,0.658,0.434,1,-8.527,1,0.025,0.354,1.75e-05,0.112,0.218,83.921,1,3972,john michael montgomery,john michael montgomery / the little girl,1013,train
scar symmetry,the illusionist,0,0.404,0.964,2,-3.668,1,0.062,5.58e-05,0.0012,0.137,0.404,75.008,0,3973,scar symmetry,scar symmetry / the illusionist,1922,train
bizzy bone presents,intro,0,0.698,0.456,6,-11.469,0,0.736,0.757,0.0,0.512,0.963,76.764,0,3974,bizzy bone presents,bizzy bone presents / intro,3953,test
shawty lo,dey know,0,0.428,0.714,8,-5.574,1,0.399,0.0895,0.0,0.766,0.678,110.017,1,3975,shawty lo,shawty lo / dey know,3954,validation
eminem,beautiful,1,0.724,0.685,5,-4.413,0,0.0768,0.266,0.0,0.0771,0.524,132.09,0,3976,eminem,eminem / beautiful,94,validation
thrice,red sky,0,0.518,0.771,2,-4.644,1,0.0464,0.00444,0.0232,0.106,0.155,141.466,0,3977,thrice,thrice / red sky,699,test
line renaud,il y a des anges,0,0.643,0.293,0,-10.873,0,0.0406,0.888,0.0,0.11,0.323,117.719,0,3978,line renaud,line renaud / il y a des anges,340,validation
helen love,first boyfriend,0,0.69,0.765,8,-6.732,1,0.0558,0.0242,0.0,0.36,0.967,97.55,0,3979,helen love,helen love / first boyfriend,1036,train
jason aldean,hicktown,0,0.697,0.877,6,-3.885,1,0.0348,0.00913,6.93e-06,0.0726,0.768,121.534,1,3980,jason aldean,jason aldean / hicktown,930,train
george michael,shoot the dog,1,0.719,0.873,7,-7.18,1,0.0895,0.00599,0.00013,0.0873,0.463,111.887,0,3981,george michael,george michael / shoot the dog,1107,train
glee cast,you cant always get what you want,1,0.234,0.745,7,-6.017,1,0.0524,0.175,0.0,0.295,0.41,93.825,1,3982,glee cast,glee cast / you cant always get what you want,57,train
galactic,cafe declouet,0,0.587,0.106,5,-30.861,0,0.884,0.581,0.0,0.538,0.924,56.802,0,3983,galactic,galactic / cafe declouet,681,train
adele,chasing pavements,0,0.621,0.473,5,-6.07,0,0.0251,0.312,0.0,0.11,0.325,80.027,1,3984,adele,adele / chasing pavements,3963,train
koffee brown,after party,0,0.802,0.552,5,-4.796,0,0.0503,0.0492,1.7e-06,0.0224,0.601,105.481,1,3985,koffee brown,koffee brown / after party,3964,test
trisha yearwood,real live woman,1,0.623,0.403,10,-8.425,1,0.0292,0.673,2.26e-05,0.214,0.334,126.65,1,3986,trisha yearwood,trisha yearwood / real live woman,2935,train
dolly parton,when jesus comes calling for me,0,0.683,0.272,1,-9.39,1,0.0374,0.675,0.0,0.152,0.489,139.742,0,3987,dolly parton,dolly parton / when jesus comes calling for me,3966,train
unwritten law,superman,0,0.431,0.987,2,-4.891,1,0.0997,4.74e-05,0.257,0.287,0.31,101.192,0,3988,unwritten law,unwritten law / superman,3967,train
obie bermudez,celos,0,0.708,0.842,10,-7.05,0,0.048,0.0895,0.0,0.164,0.849,106.066,0,3989,obie bermudez,obie bermudez / celos,2287,train
winifred phillips,sporable,0,0.429,0.3,0,-13.723,1,0.042,0.847,0.336,0.182,0.144,130.139,0,3990,winifred phillips,winifred phillips / sporable,5,train
belinda carlisle,do you feel like i feel?,0,0.574,0.897,2,-6.599,1,0.0387,6.78e-05,1.03e-05,0.256,0.661,122.977,1,3991,belinda carlisle,belinda carlisle / do you feel like i feel?,3970,validation
byzantine,absolute horizon,0,0.261,0.97,0,-5.378,1,0.124,2.33e-05,0.0087,0.17,0.146,98.884,0,3992,byzantine,byzantine / absolute horizon,3971,train
monty are i,in this legacy,0,0.533,0.981,8,-3.989,0,0.114,0.00149,2.67e-05,0.252,0.39,94.884,0,3993,monty are i,monty are i / in this legacy,361,train
belle & sebastian,stay loose,0,0.718,0.569,0,-7.348,0,0.0345,0.0542,1.35e-06,0.0545,0.633,129.775,0,3994,belle & sebastian,belle & sebastian / stay loose,3973,test
dixie chicks,lullaby,1,0.55,0.205,0,-11.409,1,0.0279,0.762,0.00943,0.112,0.316,109.396,0,3995,dixie chicks,dixie chicks / lullaby,23,train
eddie calvert,o mein papa,0,0.317,0.508,10,-5.388,1,0.0305,0.911,0.935,0.205,0.196,110.024,0,3996,eddie calvert,eddie calvert / o mein papa,3975,train
brian mcknight,on the down low,0,0.771,0.693,1,-8.605,0,0.134,0.424,0.000337,0.07,0.706,93.021,1,3997,brian mcknight,brian mcknight / on the down low,2320,train
puddle of mudd,away from me,1,0.389,0.933,8,-2.916,1,0.106,0.000403,1.43e-06,0.183,0.162,154.739,1,3998,puddle of mudd,puddle of mudd / away from me,121,train
suzi quatro,born to run,0,0.634,0.757,9,-7.038,1,0.0285,0.00964,0.00142,0.175,0.859,137.507,0,3999,suzi quatro,suzi quatro / born to run,1208,test
blind boy fuller,big leg woman gets my pay,0,0.602,0.258,7,-15.718,1,0.109,0.973,6.26e-05,0.252,0.71,173.363,0,4000,blind boy fuller,blind boy fuller / big leg woman gets my pay,587,test
fudge tunnel,spanish fly,0,0.18,0.735,4,-11.375,0,0.0562,4.35e-05,0.796,0.102,0.275,146.462,0,4001,fudge tunnel,fudge tunnel / spanish fly,3980,train
brooks & dunn,i cant get over you,0,0.618,0.75,0,-3.523,1,0.0241,0.0228,0.00101,0.0634,0.338,98.206,1,4002,brooks & dunn,brooks & dunn / i cant get over you,54,test
kathy mattea,standing knee deep in a river (dying of thirst),0,0.479,0.272,0,-12.446,1,0.032,0.627,3.51e-06,0.136,0.341,132.545,0,4003,kathy mattea,kathy mattea / standing knee deep in a river (dying of thirst),1293,train
less than jake,fucked,0,0.32,0.781,9,-13.175,1,0.15,0.000827,3.36e-06,0.141,0.575,98.386,0,4004,less than jake,less than jake / fucked,2644,train
gustavo cerati,la excepcion,0,0.523,0.932,9,-4.158,1,0.0629,0.00971,0.109,0.116,0.369,126.019,0,4005,gustavo cerati,gustavo cerati / la excepcion,3984,train
toni braxton,tell me,1,0.827,0.533,10,-6.699,0,0.135,0.0423,3.97e-05,0.0714,0.822,84.76,0,4006,toni braxton,toni braxton / tell me,4,train
bert kaempfert,sugar bush,0,0.672,0.282,8,-16.415,1,0.0599,0.706,0.487,0.17,0.831,160.938,0,4007,bert kaempfert,bert kaempfert / sugar bush,2306,train
p.m. dawn,looking through patient eyes,0,0.786,0.372,8,-17.765,1,0.0536,0.19,5.9e-06,0.129,0.685,102.237,1,4008,p.m. dawn,p.m. dawn / looking through patient eyes,1860,train
ann hampton callaway,for all we know,0,0.377,0.113,3,-15.279,1,0.0369,0.969,0.000386,0.105,0.201,173.002,0,4009,ann hampton callaway,ann hampton callaway / for all we know,3988,train
kristinia debarge,goodbye,0,0.788,0.815,1,-3.168,0,0.0461,0.00492,3.84e-06,0.232,0.664,119.986,1,4010,kristinia debarge,kristinia debarge / goodbye,3989,train
death cab for cutie,soul meets body,0,0.621,0.853,2,-5.735,0,0.0253,0.0767,3.26e-06,0.0893,0.714,128.142,1,4011,death cab for cutie,death cab for cutie / soul meets body,1213,train
atman,lingan,0,0.674,0.459,2,-14.559,1,0.04,0.787,0.879,0.0947,0.635,109.088,0,4012,atman,atman / lingan,713,train
asher roth,i love college,0,0.708,0.815,8,-4.044,1,0.25,0.107,0.0,0.326,0.657,86.493,1,4013,asher roth,asher roth / i love college,3551,train
madonna,vogue [live],1,0.755,0.685,1,-8.704,1,0.0853,0.00343,0.00671,0.199,0.109,119.996,0,4014,madonna,madonna / vogue [live],248,validation
carl crack,dogon,0,0.745,0.79,1,-13.214,1,0.056,0.396,0.969,0.186,0.253,102.529,0,4015,carl crack,carl crack / dogon,1315,train
juelz santana,lil boy fresh,0,0.531,0.915,11,-4.131,0,0.426,0.351,0.0,0.401,0.683,75.915,0,4016,juelz santana,juelz santana / lil boy fresh,2783,train
less than jake,automatic,0,0.353,0.975,2,-2.877,1,0.0688,0.000155,2.99e-05,0.0796,0.684,132.628,0,4017,less than jake,less than jake / automatic,2644,train
dj harry,shadows,0,0.624,0.678,9,-7.301,1,0.044,0.102,0.0579,0.0864,0.396,91.046,0,4018,dj harry,dj harry / shadows,30,train
alan silvestri,the joes mobilize,0,0.295,0.606,11,-10.926,0,0.0635,0.15,0.868,0.0837,0.06,155.182,0,4019,alan silvestri,alan silvestri / the joes mobilize,3081,train
bebo & cigala,inolvidable,0,0.57,0.338,2,-11.931,0,0.0526,0.787,0.000306,0.708,0.486,138.844,0,4020,bebo & cigala,bebo & cigala / inolvidable,3999,train
mindy mccready,guys do it all the time,0,0.551,0.794,0,-5.995,1,0.0341,0.0594,2.01e-05,0.231,0.587,165.813,1,4021,mindy mccready,mindy mccready / guys do it all the time,219,train
lmfao,im in miami trick,0,0.877,0.836,7,-4.229,1,0.197,0.00588,0.0,0.0464,0.73,127.926,1,4022,lmfao,lmfao / im in miami trick,4001,validation
gorillaz,november has come,0,0.702,0.567,7,-8.561,1,0.239,0.0815,2.75e-05,0.0864,0.667,84.153,0,4023,gorillaz,gorillaz / november has come,297,train
taylor swift,hey stephen,1,0.841,0.544,6,-7.347,1,0.0309,0.194,2.48e-06,0.108,0.831,115.994,1,4024,taylor swift,taylor swift / hey stephen,250,train
terri clark,i wanna do it all,0,0.632,0.892,4,-4.722,1,0.0353,0.0778,0.0,0.129,0.781,132.837,1,4025,terri clark,terri clark / i wanna do it all,4004,test
sensations,superscout,0,0.311,0.776,11,-8.296,0,0.0614,0.0217,0.0,0.131,0.586,94.115,0,4026,sensations,sensations / superscout,4005,train
tina ann,i do (chris the greek remix),0,0.647,0.943,8,-5.79,0,0.0376,0.00625,0.0169,0.0838,0.616,133.995,0,4027,tina ann,tina ann / i do (chris the greek remix),1592,validation
the fray,vienna,0,0.443,0.476,5,-7.253,0,0.0285,0.795,0.000179,0.113,0.142,124.194,0,4028,the fray,the fray / vienna,3046,test
placebo,evalia,0,0.589,0.555,6,-10.829,1,0.0357,0.0109,0.00194,0.683,0.6,97.739,0,4029,placebo,placebo / evalia,1152,train
the clancy brothers,water is alright in tay,0,0.532,0.41,0,-12.39,1,0.0598,0.834,0.0,0.173,0.944,106.445,0,4030,the clancy brothers,the clancy brothers / water is alright in tay,4009,train
the vaughan brothers,good texan,0,0.79,0.588,9,-10.241,1,0.0519,0.0511,0.0013,0.29,0.82,142.573,0,4031,the vaughan brothers,the vaughan brothers / good texan,3234,train
sonora carruseles,chela,0,0.723,0.699,1,-10.77,1,0.056,0.427,0.6,0.0841,0.717,105.238,0,4032,sonora carruseles,sonora carruseles / chela,2475,train
all time low,shameless,0,0.319,0.936,2,-2.522,1,0.0489,0.00178,0.0,0.0852,0.587,182.993,0,4033,all time low,all time low / shameless,3064,train
tami davis,how do i say im sorry,0,0.799,0.372,0,-10.31,1,0.0449,0.252,0.0,0.14,0.495,111.271,1,4034,tami davis,tami davis / how do i say im sorry,4013,test
brenda boykin,be my lover,0,0.841,0.592,1,-10.532,1,0.0509,0.339,0.000335,0.356,0.792,130.043,0,4035,brenda boykin,brenda boykin / be my lover,4014,train
bad brains,at the atlantis,0,0.339,0.927,3,-8.474,1,0.093,4.87e-06,0.813,0.353,0.711,135.266,0,4036,bad brains,bad brains / at the atlantis,4015,test
t.i.,why you wanna,1,0.802,0.772,1,-4.893,0,0.192,0.358,0.0,0.0603,0.654,96.046,1,4037,t.i.,t.i. / why you wanna,317,train
john mayer,bigger than my body,0,0.607,0.936,4,-3.071,1,0.033,0.0121,0.0418,0.309,0.517,117.303,1,4038,john mayer,john mayer / bigger than my body,2395,train
metallica,the end of the line,1,0.335,0.985,4,-2.383,0,0.0921,0.000115,0.000807,0.135,0.202,106.552,0,4039,metallica,metallica / the end of the line,87,test
