row_id,Artist,Track,song_key,group,Label,split
0,tracy byrd,the keeper of the stars,tracy byrd / the keeper of the stars,0,1,validation
1,debbie davies,little sister,debbie davies / little sister,1,0,test
2,glad,blessed assurance,glad / blessed assurance,2,0,validation
3,aaron watson,rollercoaster ride,aaron watson / rollercoaster ride,3,0,train
4,toni braxton,spanish guitar,toni braxton / spanish guitar,4,1,train
5,winifred phillips,misty bog,winifred phillips / misty bog,5,0,train
6,trey songz,neighbors know my name,trey songz / neighbors know my name,6,1,train
7,quadro nuevo,la muneca de alcazar,quadro nuevo / la muneca de alcazar,7,0,train
8,maurane,manies manigances,maurane / manies manigances,8,0,train
9,paramore,ignorance,paramore / ignorance,9,1,train
10,tyler collins,it doesnt matter,tyler collins / it doesnt matter,10,1,train
11,eric clapton,change the world,eric clapton / change the world,11,1,train
12,a different breed of killer,the cleansing apparatus,a different breed of killer / the cleansing apparatus,12,0,test
13,the presets,truth and lies,the presets / truth and lies,13,0,test
14,brian littrell,wish,brian littrell / wish,14,0,train
15,bebe winans / stephanie mills,everyday,bebe winans / stephanie mills / everyday,15,0,train
16,non stop djs,hoes & discos,non stop djs / hoes & discos,16,0,train
17,snow,"girl, ive been hurt","snow / girl, ive been hurt",17,1,train
18,the chap,gimme legs,the chap / gimme legs,18,0,train
19,shane minor,slave to the habit,shane minor / slave to the habit,19,1,test
20,t-bone,ride wit me,t-bone / ride wit me,20,0,train
21,bob marley,memphis,bob marley / memphis,21,0,train
22,steinski,hot spot (terrible love mix),steinski / hot spot (terrible love mix),22,0,validation
23,dixie chicks,cold day in july,dixie chicks / cold day in july,23,1,train
24,boards of canada,happy cycling,boards of canada / happy cycling,24,0,train
25,wet wet wet,hear me now,wet wet wet / hear me now,25,0,test
26,kanye west / adam levine,heard em say,kanye west / adam levine / heard em say,26,0,train
27,crossfade,cold,crossfade / cold,27,1,train
28,joshua kadison,beautiful in my eyes,joshua kadison / beautiful in my eyes,28,1,validation
29,bon jovi,in these arms,bon jovi / in these arms,29,1,train
30,dj harry,tragedy in blue,dj harry / tragedy in blue,30,0,train
31,aaron tippin,im leaving,aaron tippin / im leaving,31,1,train
32,darwin hobbs,praz him (broken album version),darwin hobbs / praz him (broken album version),32,0,train
33,hannah montana,just like you,hannah montana / just like you,33,1,validation
34,gucci mane,freaky gurl,gucci mane / freaky gurl,34,1,train
35,nick lachey,i cant hate you anymore,nick lachey / i cant hate you anymore,35,1,train
36,christina aguilera,bionic,christina aguilera / bionic,36,1,train
37,beenie man,king of the dancehall,beenie man / king of the dancehall,37,1,test
38,32 leaves,way beyond,32 leaves / way beyond,38,0,train
39,bo bice,the real thing,bo bice / the real thing,39,1,validation
40,sheryl crow,the first cut is the deepest,sheryl crow / the first cut is the deepest,40,1,validation
41,james carter,strange fruit,james carter / strange fruit,41,0,test
42,epmd,crossover,epmd / crossover,42,1,test
43,alice in chains,lesson learned,alice in chains / lesson learned,43,0,train
44,aretha franklin,a rose is still a rose,aretha franklin / a rose is still a rose,44,1,test
45,jimmy page,wailing sounds,jimmy page / wailing sounds,45,0,train
46,mastodon,shadows that move,mastodon / shadows that move,46,0,test
47,dolores keane,storm in my heart,dolores keane / storm in my heart,47,0,train
48,the statler brothers,white christmas,the statler brothers / white christmas,48,0,train
49,backstreet boys,just want you to know,backstreet boys / just want you to know,49,1,train
50,kathy troccoli,never my love,kathy troccoli / never my love,50,0,validation
51,korn,make me bad,korn / make me bad,51,0,train
52,montgomery gentry,my town,montgomery gentry / my town,52,1,validation
53,kanye west,school spirit skit 2,kanye west / school spirit skit 2,53,0,validation
54,brooks & dunn,the long goodbye,brooks & dunn / the long goodbye,54,1,test
55,irma thomas,hold me while i cry,irma thomas / hold me while i cry,55,0,train
56,justin bieber,one less lonely girl,justin bieber / one less lonely girl,56,1,train
57,glee cast,good vibrations,glee cast / good vibrations,57,1,train
58,moonspell,sacred,moonspell / sacred,58,0,train
59,janet,doesnt really matter,janet / doesnt really matter,59,1,train
60,belle and sebastian,i could be dreaming,belle and sebastian / i could be dreaming,60,0,test
61,phil collins,both sides of the story,phil collins / both sides of the story,61,1,train
62,carl thomas,emotional,carl thomas / emotional,62,1,train
63,donell jones,u know whats up,donell jones / u know whats up,63,1,train
64,jason michael carroll,where im from,jason michael carroll / where im from,64,1,validation
65,paris hilton,stars are blind,paris hilton / stars are blind,65,1,test
66,photek,terminus,photek / terminus,66,0,train
67,glenn frey,ive got mine,glenn frey / ive got mine,67,1,train
68,pascal sangla,une petite pause,pascal sangla / une petite pause,68,0,test
69,alice in chains,take her out,alice in chains / take her out,43,0,train
70,phil vassar,in a real love,phil vassar / in a real love,70,1,train
71,dora the explorer,limbo rock,dora the explorer / limbo rock,71,0,train
72,selena gomez & the scene,falling down,selena gomez & the scene / falling down,72,1,validation
73,architecture in helsinki,need to shout,architecture in helsinki / need to shout,73,0,train
74,cargo cult,helium,cargo cult / helium,74,0,validation
75,finest dearest,naming ceremony,finest dearest / naming ceremony,75,0,validation
76,poncho sanchez,ju ju,poncho sanchez / ju ju,76,0,test
77,rick astley,hopelessly,rick astley / hopelessly,77,1,train
78,cobra killer,kick jump - part jump,cobra killer / kick jump - part jump,78,0,test
79,glee cast,i look to you,glee cast / i look to you,57,1,train
80,marco beltrami,franks plea,marco beltrami / franks plea,80,0,train
81,rod stewart,the motown song,rod stewart / the motown song,81,1,train
82,red hot chili peppers,by the way,red hot chili peppers / by the way,82,1,train
83,dead prez,be healthy,dead prez / be healthy,83,0,test
84,sheek louch,die slow,sheek louch / die slow,84,0,train
85,heart,will you be there (in the morning),heart / will you be there (in the morning),85,1,train
86,keb mo,i am your mother too,keb mo / i am your mother too,86,0,validation
87,metallica,enter sandman,metallica / enter sandman,87,1,test
88,eazy-e,just tah let u know,eazy-e / just tah let u know,88,1,train
89,klaus badelt,severe severing,klaus badelt / severe severing,89,0,train
90,ferras,hollywoods not america,ferras / hollywoods not america,90,1,train
91,gene chandler,festival of love,gene chandler / festival of love,91,0,test
92,arturo sandoval,almendra,arturo sandoval / almendra,92,0,train
93,the killers,when you were young,the killers / when you were young,93,1,train
94,eminem,lose yourself,eminem / lose yourself,94,1,validation
95,das efx,they want efx,das efx / they want efx,95,1,train
96,luscious jackson,naked eye,luscious jackson / naked eye,96,1,test
97,liquid soul,dysfunction,liquid soul / dysfunction,97,0,validation
98,dixie chicks,long time gone,dixie chicks / long time gone,23,1,train
99,semisonic,if i run,semisonic / if i run,99,0,train
100,otis spann,someday baby,otis spann / someday baby,100,0,train
101,gwar,surf of syn,gwar / surf of syn,101,0,train
102,epmd,for my people,epmd / for my people,42,0,test
103,daniel johnston,rock around the christmas tree,daniel johnston / rock around the christmas tree,103,0,train
104,baroness,the sweetest curse,baroness / the sweetest curse,104,0,train
105,since the flood,all for nothing,since the flood / all for nothing,105,0,train
106,b.b. king,early in the morning,b.b. king / early in the morning,106,0,train
107,mary j. blige,take me as i am,mary j. blige / take me as i am,107,1,test
108,breaking benjamin,the diary of jane,breaking benjamin / the diary of jane,108,1,validation
109,aaliyah,try again,aaliyah / try again,109,1,train
110,garbage,only happy when it rains,garbage / only happy when it rains,110,1,train
111,jaheim,aint leavin without you,jaheim / aint leavin without you,111,1,train
112,luther vandross,dont want to be a fool,luther vandross / dont want to be a fool,112,1,train
113,vangelis,procession,vangelis / procession,113,0,test
114,les malpolis,les psys,les malpolis / les psys,114,0,test
115,uncle kracker,smile,uncle kracker / smile,115,1,validation
116,abijah,children of love,abijah / children of love,116,0,train
117,m83,you appearing,m83 / you appearing,117,0,train
118,salt-n-pepa,none of your business,salt-n-pepa / none of your business,118,1,train
119,saigon kick,the way,saigon kick / the way,119,0,train
120,andy & lucas,hasta los huesos,andy & lucas / hasta los huesos,120,0,test
121,puddle of mudd,drift & die,puddle of mudd / drift & die,121,1,train
122,suicide,do it nice,suicide / do it nice,122,0,train
123,shakira,donde estas corazon,shakira / donde estas corazon,123,0,test
124,mons leidvin takle,blott en dag,mons leidvin takle / blott en dag,124,0,validation
125,broadcast,michael a grammar,broadcast / michael a grammar,125,0,train
126,roger creager,all for the sake of the song,roger creager / all for the sake of the song,126,0,validation
127,orbital,illuminate,orbital / illuminate,127,0,validation
128,joe bonamassa,so many roads,joe bonamassa / so many roads,128,0,train
129,montgomery gentry,something to be proud of,montgomery gentry / something to be proud of,52,1,validation
130,desmond child,love on a rooftop,desmond child / love on a rooftop,130,1,train
131,system of a down,war?,system of a down / war?,131,0,train
132,jefferson starship,let me fly,jefferson starship / let me fly,132,0,test
133,bill perry,man  on the side,bill perry / man on the side,133,0,test
134,kill the client,dog tagged,kill the client / dog tagged,134,0,validation
135,milk inc.,nothing to you,milk inc. / nothing to you,135,0,train
136,storyville,enough,storyville / enough,136,0,validation
137,ugly kid joe,everything about you,ugly kid joe / everything about you,137,1,train
138,eric champion,why do we do?,eric champion / why do we do?,138,0,validation
139,radio birdman,zeno beach,radio birdman / zeno beach,139,0,train
140,sugarbomb,gone,sugarbomb / gone,140,0,train
141,remy shand,the second one,remy shand / the second one,141,0,test
142,kenny g,auld lang syne,kenny g / auld lang syne,142,1,validation
143,steel pulse,we can do it,steel pulse / we can do it,143,0,validation
144,u2,kite live from sydney,u2 / kite live from sydney,144,0,train
145,eyes set to kill,play the part,eyes set to kill / play the part,145,0,test
146,alice deejay,better off alone,alice deejay / better off alone,146,1,train
147,backstreet boys,all i have to give,backstreet boys / all i have to give,49,1,train
148,flora purim,latinas,flora purim / latinas,148,0,test
149,kitaro,quasar,kitaro / quasar,149,0,validation
150,jomanda,got a love for you,jomanda / got a love for you,150,1,validation
151,dave hollister,tell me why,dave hollister / tell me why,151,0,train
152,heavy d & the boyz,black coffee,heavy d & the boyz / black coffee,152,1,test
153,bedrock,emerald,bedrock / emerald,153,0,test
154,george strait,living for the night,george strait / living for the night,154,1,train
155,duran duran,electric barbarella,duran duran / electric barbarella,155,1,validation
156,the cardigans,paralyzed,the cardigans / paralyzed,156,0,train
157,mando diao,all my senses,mando diao / all my senses,157,0,train
158,lifehouse,simon,lifehouse / simon,158,0,validation
159,5th ward boyz,studio gangster,5th ward boyz / studio gangster,159,0,test
160,mika,grace kelly,mika / grace kelly,160,1,train
161,ne-yo,sexy love,ne-yo / sexy love,161,1,test
162,connie smith,if i talk to him,connie smith / if i talk to him,162,0,test
163,karyn white,the way i feel about you,karyn white / the way i feel about you,163,1,validation
164,en vogue,"give it up, turn it loose","en vogue / give it up, turn it loose",164,1,train
165,master p,souljas,master p / souljas,165,1,validation
166,rhian sheehan,untitled,rhian sheehan / untitled,166,0,validation
167,domino,physical funk,domino / physical funk,167,1,train
168,mis-teeq,scandalous,mis-teeq / scandalous,168,1,validation
169,paul brown,old friends,paul brown / old friends,169,0,train
170,russell malone,sugar buzz,russell malone / sugar buzz,170,0,train
171,brown boy,superman,brown boy / superman,171,1,test
172,black sheep,the choice is yours,black sheep / the choice is yours,172,1,validation
173,the presets,if i know you,the presets / if i know you,13,0,test
174,temple of the dog,hunger strike,temple of the dog / hunger strike,174,0,train
175,mya featuring jadakiss,best of me,mya featuring jadakiss / best of me,175,1,train
176,blue october,blue skies,blue october / blue skies,176,0,test
177,kris allen,no boundaries,kris allen / no boundaries,177,1,validation
178,jordan & baker,explode (epic extended mix),jordan & baker / explode (epic extended mix),178,0,validation
179,onerepublic,secrets,onerepublic / secrets,179,1,test
180,bob dylan,trying to get to heaven,bob dylan / trying to get to heaven,180,0,train
181,coldplay,one i love,coldplay / one i love,181,0,test
182,aaliyah,i dont wanna,aaliyah / i dont wanna,109,1,train
183,mario,how could you,mario / how could you,183,1,train
184,emerson drive,i should be sleeping,emerson drive / i should be sleeping,184,1,train
185,beherit,lord of shadows and golden wood,beherit / lord of shadows and golden wood,185,0,train
186,jeff scott soto,if this is the end,jeff scott soto / if this is the end,186,0,train
187,steinski,silent partner (peace out),steinski / silent partner (peace out),22,0,validation
188,ludacris,act a fool,ludacris / act a fool,188,1,train
189,dark fortress,the silver gate,dark fortress / the silver gate,189,0,train
190,nirvana,come as you are,nirvana / come as you are,190,1,train
191,roxette,sleeping in my car,roxette / sleeping in my car,191,1,train
192,cypress hill,throw your set in the air,cypress hill / throw your set in the air,192,1,train
193,the cardigans,iron man,the cardigans / iron man,156,0,train
194,geggy tah,special someone,geggy tah / special someone,194,0,train
195,aaron watson,sweet contradiction,aaron watson / sweet contradiction,3,0,train
196,annie lennox,a whiter shade of pale,annie lennox / a whiter shade of pale,196,0,train
197,the cover girls,funk boutique,the cover girls / funk boutique,197,1,train
198,orquesta america,boda de oro,orquesta america / boda de oro,198,0,train
199,inxs,not enough time,inxs / not enough time,199,1,test
200,genesis,hold on my heart,genesis / hold on my heart,200,1,train
201,elephant man,jook gal (wine wine),elephant man / jook gal (wine wine),201,1,train
202,boss,deeper,boss / deeper,202,1,train
203,billy dean,let them be little,billy dean / let them be little,203,1,train
204,stephen marley / damian marley,the traffic jam,stephen marley / damian marley / the traffic jam,204,0,train
205,tim mcgraw,one of these days,tim mcgraw / one of these days,205,1,validation
206,nofx,we march to the beat of indifferent drum,nofx / we march to the beat of indifferent drum,206,0,validation
207,laurie berkner,the cookie bakers of the night,laurie berkner / the cookie bakers of the night,207,0,train
208,autumnblaze,haughtiness and puerile dreams,autumnblaze / haughtiness and puerile dreams,208,0,validation
209,jay & the americans,livin above your head,jay & the americans / livin above your head,209,0,train
210,otis taylor,hungry people,otis taylor / hungry people,210,0,train
211,the hives,hate to say i told you so,the hives / hate to say i told you so,211,1,train
212,mark wills,back at one,mark wills / back at one,212,1,test
213,the ataris,whatever lies will help you rest,the ataris / whatever lies will help you rest,213,0,train
214,faith evans,you gets no love,faith evans / you gets no love,214,1,train
215,m.i.k.e.,hollow dream,m.i.k.e. / hollow dream,215,0,train
216,jack ingram,barefoot and crazy,jack ingram / barefoot and crazy,216,1,train
217,billy bragg,loving you too long,billy bragg / loving you too long,217,0,train
218,shedaisy,lucky 4 you (tonight im just me),shedaisy / lucky 4 you (tonight im just me),218,1,train
219,mindy mccready,be with me,mindy mccready / be with me,219,0,train
220,the click five,just the girl,the click five / just the girl,220,1,train
221,tim exile,fortress,tim exile / fortress,221,0,validation
222,foo fighters,if ever,foo fighters / if ever,222,0,test
223,"clarence gatemouth"" brown""",someday my luck will change,"clarence gatemouth"" brown"" / someday my luck will change",223,0,validation
224,martina mcbride,whatever you say,martina mcbride / whatever you say,224,1,test
225,mariah carey,outside,mariah carey / outside,225,0,train
226,eric champion,dress me up,eric champion / dress me up,138,0,validation
227,mouth of the architect,harboring an apparition,mouth of the architect / harboring an apparition,227,0,train
228,belle and sebastian,like dylan in the movies,belle and sebastian / like dylan in the movies,60,0,test
229,primordial,empire falls,primordial / empire falls,229,0,train
230,moist,far beyond the endless,moist / far beyond the endless,230,0,validation
231,urge overkill,crackbabies,urge overkill / crackbabies,231,0,train
232,u2,stuck in a moment you cant get out of,u2 / stuck in a moment you cant get out of,144,1,train
233,queen latifah,u.n.i.t.y.,queen latifah / u.n.i.t.y.,233,1,train
234,jake hess,i know where i am now,jake hess / i know where i am now,234,0,train
235,foo fighters,still,foo fighters / still,222,0,test
236,99 posse,salario garantito (versione strumentale),99 posse / salario garantito (versione strumentale),236,0,train
237,liars,leather prowler,liars / leather prowler,237,0,test
238,the ataris,secret handshakes,the ataris / secret handshakes,213,0,train
239,vivian green,emotional rollercoaster,vivian green / emotional rollercoaster,239,1,train
240,lionel richie,i call it love,lionel richie / i call it love,240,1,test
241,50 cent,the invitation,50 cent / the invitation,241,1,validation
242,noemi,per colpa tua,noemi / per colpa tua,242,0,validation
243,dawn penn,"you dont love me (no, no, no)","dawn penn / you dont love me (no, no, no)",243,1,train
244,teairra mari,make her feel good,teairra mari / make her feel good,244,1,validation
245,kristine w.,save my soul (cypher uk radio edit),kristine w. / save my soul (cypher uk radio edit),245,0,train
246,the pharcyde,italian for goodbye (skit),the pharcyde / italian for goodbye (skit),246,0,train
247,robin s.,love for love,robin s. / love for love,247,1,train
248,madonna,give it 2 me,madonna / give it 2 me,248,1,validation
249,gertrudis,oye,gertrudis / oye,249,0,train
250,taylor swift,never grow up,taylor swift / never grow up,250,1,train
251,sting,let your soul be your pilot,sting / let your soul be your pilot,251,1,train
252,rascal flatts,things that matter,rascal flatts / things that matter,252,1,train
253,the ataris,the hero dies in this one,the ataris / the hero dies in this one,213,0,train
254,michael jackson,blood on the dance floor,michael jackson / blood on the dance floor,254,1,test
255,beyonce,halo,beyonce / halo,255,1,train
256,kenny rogers,where does rosie go?,kenny rogers / where does rosie go?,256,0,validation
257,usher,nice & slow,usher / nice & slow,257,1,train
258,gary allan,smoke rings in the dark,gary allan / smoke rings in the dark,258,1,validation
259,rakim,skit,rakim / skit,259,0,train
260,stevie wonder,for your love,stevie wonder / for your love,260,1,train
261,semisonic,secret smile,semisonic / secret smile,99,0,train
262,zac brown band,chicken fried,zac brown band / chicken fried,262,1,train
263,steve perry,you better wait,steve perry / you better wait,263,1,train
264,gal costa,wave,gal costa / wave,264,0,train
265,inxs,beautiful girl,inxs / beautiful girl,199,1,test
266,micachu,just in case,micachu / just in case,266,0,train
267,wyclef jean,midnight lovers,wyclef jean / midnight lovers,267,0,train
268,bebo norman,borrow mine,bebo norman / borrow mine,268,0,train
269,r.l. burnside,rollin and tumblin,r.l. burnside / rollin and tumblin,269,0,test
270,toby keith,bullets in the gun,toby keith / bullets in the gun,270,1,train
271,shaquille oneal,biological didnt bother,shaquille oneal / biological didnt bother,271,1,test
272,3 doors down,sarah yellin,3 doors down / sarah yellin,272,0,train
273,darden smith,mill creek,darden smith / mill creek,273,0,test
274,danielle bollinger,kiss the sky,danielle bollinger / kiss the sky,274,0,train
275,janet jackson,i want you,janet jackson / i want you,275,1,train
276,luke bryan,what country is,luke bryan / what country is,276,0,train
277,nick jonas & the administration,state of emergency,nick jonas & the administration / state of emergency,277,0,test
278,tex williams,wild card,tex williams / wild card,278,0,train
279,liquid stranger,we meet at last,liquid stranger / we meet at last,279,0,validation
280,leann rimes,blue,leann rimes / blue,280,1,train
281,dave eggar,dream of ice,dave eggar / dream of ice,281,0,train
282,grand puba,i like it (i wanna be where you are),grand puba / i like it (i wanna be where you are),282,1,train
283,finntroll,kitteldags,finntroll / kitteldags,283,0,train
284,wisin & yandel,rakata,wisin & yandel / rakata,284,1,train
285,firehouse,rock on the radio,firehouse / rock on the radio,285,0,test
286,mau mau,balon combo,mau mau / balon combo,286,0,train
287,nina sky featuring jabba,move ya body,nina sky featuring jabba / move ya body,287,1,validation
288,dwele,find a way,dwele / find a way,288,1,train
289,george lopez,kids now,george lopez / kids now,289,0,test
290,godsmack,straight out of line,godsmack / straight out of line,290,1,train
291,usher,trading places,usher / trading places,257,1,train
292,snoop dogg,still a g thang,snoop dogg / still a g thang,292,1,train
293,outkast,elevators (me & you),outkast / elevators (me & you),293,1,test
294,radiohead,fast-track,radiohead / fast-track,294,0,validation
295,eyehategod,left to starve,eyehategod / left to starve,295,0,test
296,astarte,voyage to eternal life,astarte / voyage to eternal life,296,0,test
297,gorillaz,dirty harry (single edit),gorillaz / dirty harry (single edit),297,0,train
298,celine dion and peabo bryson,beauty and the beast,celine dion and peabo bryson / beauty and the beast,298,1,test
299,ayo,down on my knees,ayo / down on my knees,299,0,train
300,leo gandelman,bari bossa,leo gandelman / bari bossa,300,0,validation
301,mxpx,grey skies turn blue,mxpx / grey skies turn blue,301,0,validation
302,jim reeves,may the good lord bless and keep you,jim reeves / may the good lord bless and keep you,302,0,train
303,the almost,little drummer boy,the almost / little drummer boy,303,0,train
304,bryan ferry,ja nun hons pris,bryan ferry / ja nun hons pris,304,0,test
305,pyrolator,passage to melilla,pyrolator / passage to melilla,305,0,train
306,2pac,i wonder if heaven got a ghetto,2pac / i wonder if heaven got a ghetto,306,1,test
307,samantha mumba,"baby, come over (this is our night)","samantha mumba / baby, come over (this is our night)",307,1,validation
308,dj quik,pitch in ona party,dj quik / pitch in ona party,308,0,validation
309,mariah carey,fantasy,mariah carey / fantasy,225,1,train
310,the maine,you left me,the maine / you left me,310,0,train
311,fever ray,when i grow up,fever ray / when i grow up,311,0,train
312,life in your way,when rules change,life in your way / when rules change,312,0,test
313,ginuwine,so anxious,ginuwine / so anxious,313,1,test
314,inxs,disappear,inxs / disappear,199,1,test
315,wet wet wet,goodnight girl,wet wet wet / goodnight girl,25,0,test
316,rajery,mahafinaritra,rajery / mahafinaritra,316,0,test
317,t.i.,bring em out,t.i. / bring em out,317,1,train
318,the smashing pumpkins,rocket,the smashing pumpkins / rocket,318,0,train
319,foo fighters,wheels,foo fighters / wheels,222,1,test
320,keith urban,you look good in my shirt,keith urban / you look good in my shirt,320,1,train
321,leona lewis,happy,leona lewis / happy,321,1,test
322,too $hort,the ghetto,too $hort / the ghetto,322,1,train
323,john digweed,warung beach,john digweed / warung beach,323,0,train
324,marky mark & the funky bunch,wildside,marky mark & the funky bunch / wildside,324,1,train
325,demi lovato,catch me,demi lovato / catch me,325,1,train
326,natalie merchant,carnival,natalie merchant / carnival,326,1,train
327,jon secada,im free,jon secada / im free,327,1,train
328,bounty killer,coppershot,bounty killer / coppershot,328,0,test
329,joe nichols,she only smokes when she drinks,joe nichols / she only smokes when she drinks,329,1,train
330,the bucketheads,sayin dope,the bucketheads / sayin dope,330,0,train
331,converge,dark horse,converge / dark horse,331,0,test
332,sofia karlsson,andra sidan,sofia karlsson / andra sidan,332,0,validation
333,jon secada,whipped,jon secada / whipped,327,1,train
334,shaquille oneal,im outstanding,shaquille oneal / im outstanding,271,1,test
335,bt,mercury & solace,bt / mercury & solace,335,0,train
336,dax riggs,night is the notion,dax riggs / night is the notion,336,0,validation
337,john sebastian,freezin from the inside out,john sebastian / freezin from the inside out,337,0,train
338,diesel boy,pocket full of stars,diesel boy / pocket full of stars,338,0,train
339,aaron carter,thats how i beat shaq,aaron carter / thats how i beat shaq,339,1,validation
340,line renaud,gwendolina,line renaud / gwendolina,340,0,validation
341,george strait,the breath you take,george strait / the breath you take,154,1,train
342,stress assassin,eu a4,stress assassin / eu a4,342,0,test
343,death from above 1979,romantic rights (jesper dahlback remix),death from above 1979 / romantic rights (jesper dahlback remix),343,0,train
344,nice & smooth,old to the new,nice & smooth / old to the new,344,1,train
345,b*witched,rollercoaster,b*witched / rollercoaster,345,1,train
346,kelly sweet,we are one,kelly sweet / we are one,346,0,validation
347,carl smith,hey joe,carl smith / hey joe,347,0,train
348,jennifer lopez,get right,jennifer lopez / get right,348,1,validation
349,johannes linstead,caja de cerillas,johannes linstead / caja de cerillas,349,0,train
350,joshua radin,id rather be with you,joshua radin / id rather be with you,350,1,train
351,shriekback,the strongest wind that blows,shriekback / the strongest wind that blows,351,0,train
352,the badlees,angeline is coming home,the badlees / angeline is coming home,352,1,train
353,vangelis,preparation,vangelis / preparation,113,0,test
354,kaija koo,viimeinen lento,kaija koo / viimeinen lento,354,0,train
355,johnny horton,the woman i need (honky tonk mind),johnny horton / the woman i need (honky tonk mind),355,0,train
356,mary j. blige,all that i can say,mary j. blige / all that i can say,107,1,test
357,dangelo,brown sugar,dangelo / brown sugar,357,1,test
358,spiral stairs,stolen pills,spiral stairs / stolen pills,358,0,validation
359,depeche mode,i feel you,depeche mode / i feel you,359,1,train
360,all-4-one,"someday (from the hunchback of notre dame"")""","all-4-one / someday (from the hunchback of notre dame"")""",360,1,validation
361,monty are i,o brother,monty are i / o brother,361,0,train
362,elliot goldenthal,bullet frenzy,elliot goldenthal / bullet frenzy,362,0,train
363,tim wilson,i think my wife is running around on me (taco hell),tim wilson / i think my wife is running around on me (taco hell),363,0,train
364,sneaky sound system,lost in the future,sneaky sound system / lost in the future,364,0,test
365,desree,you gotta be,desree / you gotta be,365,1,train
366,kalimba,nunca sabras,kalimba / nunca sabras,366,0,train
367,badmarsh & shri,dancing drums,badmarsh & shri / dancing drums,367,0,validation
368,dropkick murphys,bloody pig pile (live),dropkick murphys / bloody pig pile (live),368,0,train
369,sick of it all,death or jail,sick of it all / death or jail,369,0,train
370,chaka khan,love you all my lifetime,chaka khan / love you all my lifetime,370,1,train
371,blackstreet,tonights the night,blackstreet / tonights the night,371,1,test
372,lenny kravitz,ill be waiting,lenny kravitz / ill be waiting,372,1,train
373,donna the buffalo,tides of time,donna the buffalo / tides of time,373,0,validation
374,the distillers,ask the angels,the distillers / ask the angels,374,0,train
375,t.o.k.,hotta,t.o.k. / hotta,375,0,train
376,george lopez,church hangover,george lopez / church hangover,289,0,test
377,plain white ts,rhythm of love,plain white ts / rhythm of love,377,1,train
378,glen washington,strangers in the night,glen washington / strangers in the night,378,0,validation
379,showbread,the pig,showbread / the pig,379,0,train
380,babyface,and our feelings,babyface / and our feelings,380,1,train
381,luther vandross,dance with my father,luther vandross / dance with my father,112,1,train
382,goose,bring it on,goose / bring it on,382,0,train
383,warrant,uncle toms cabin,warrant / uncle toms cabin,383,1,train
384,information society,hack 1/charlie x,information society / hack 1/charlie x,384,0,train
385,tim mcgraw,my old friend,tim mcgraw / my old friend,205,1,validation
386,dave weckl,just an illusion,dave weckl / just an illusion,386,0,train
387,blessid union of souls,light in your eyes,blessid union of souls / light in your eyes,387,1,train
388,swallow the sun,doomed to walk the earth,swallow the sun / doomed to walk the earth,388,0,test
389,papa wemba,zero,papa wemba / zero,389,0,train
390,john mellencamp,again tonight,john mellencamp / again tonight,390,1,train
391,bell biv devoe,gangsta,bell biv devoe / gangsta,391,1,train
392,darius rucker,dont think i dont think about it,darius rucker / dont think i dont think about it,392,1,test
393,bad boys da band,bad boy this bad boy that,bad boys da band / bad boy this bad boy that,393,1,train
394,lil band o gold,shirley,lil band o gold / shirley,394,0,train
395,eric church,love your love the most,eric church / love your love the most,395,1,validation
396,adam richman,from the pain,adam richman / from the pain,396,0,train
397,diesel boy,cooler than you,diesel boy / cooler than you,338,0,train
398,grayson capps,mermaid,grayson capps / mermaid,398,0,train
399,tito puente,mambo tipico,tito puente / mambo tipico,399,0,train
400,tranzas,mientras me quieras,tranzas / mientras me quieras,400,0,train
401,ll cool j,around the way girl,ll cool j / around the way girl,401,1,test
402,quad city djs,"space jam (from space jam"")""","quad city djs / space jam (from space jam"")""",402,1,test
403,patrick lamb,i remember,patrick lamb / i remember,403,0,test
404,finger eleven,paralyzer,finger eleven / paralyzer,404,1,test
405,charlie peacock,after lovin you (love life album version),charlie peacock / after lovin you (love life album version),405,0,train
406,wade hayes,the day that she left tulsa (in a chevy),wade hayes / the day that she left tulsa (in a chevy),406,1,test
407,soundgarden,slaves & bulldozers,soundgarden / slaves & bulldozers,407,0,test
408,gina thompson,the things that you do,gina thompson / the things that you do,408,1,train
409,lara & reyes,away in a manger,lara & reyes / away in a manger,409,0,train
410,alice in chains,would?,alice in chains / would?,43,0,train
411,negura bunget,cunoasterea tacuta,negura bunget / cunoasterea tacuta,411,0,train
412,beastie boys,get it together,beastie boys / get it together,412,0,train
413,rascal flatts,unstoppable,rascal flatts / unstoppable,252,1,train
414,dc talk,between you and me,dc talk / between you and me,414,1,train
415,shakedown,at night,shakedown / at night,415,0,validation
416,alanis morissette,thank u,alanis morissette / thank u,416,1,train
417,hem,redwing,hem / redwing,417,0,train
418,rodney o & joe cooley,supercuts,rodney o & joe cooley / supercuts,418,0,train
419,novaspace,guardian angel,novaspace / guardian angel,419,0,train
420,superchumbo,revolution,superchumbo / revolution,420,0,train
421,safire,made up my mind,safire / made up my mind,421,1,train
422,louisa mark,keep it like it is,louisa mark / keep it like it is,422,0,validation
423,glee cast,true colors,glee cast / true colors,57,1,train
424,dax riggs,radiation blues,dax riggs / radiation blues,336,0,validation
425,p.o.d.,youth of the nation,p.o.d. / youth of the nation,425,1,train
426,simply red,something got me started,simply red / something got me started,426,1,train
427,tsar,conqueror worm,tsar / conqueror worm,427,0,validation
428,perrey and kingsley,gossippo perpetuo,perrey and kingsley / gossippo perpetuo,428,0,train
429,marc anthony,ive got you,marc anthony / ive got you,429,1,train
430,nine inch nails,metal,nine inch nails / metal,430,0,train
431,carlos ponce,decir adios,carlos ponce / decir adios,431,0,train
432,citizen kaned,president johnson,citizen kaned / president johnson,432,0,train
433,pepper,musical 69,pepper / musical 69,433,0,validation
434,cher,save up all your tears,cher / save up all your tears,434,1,train
435,isabel pantoja,porque me gusta a morir,isabel pantoja / porque me gusta a morir,435,0,train
436,k-ci & jojo,you bring me up,k-ci & jojo / you bring me up,436,1,train
437,redman,i got a seecret,redman / i got a seecret,437,0,train
438,ginny owens,long way home,ginny owens / long way home,438,0,train
439,alicia keys,a womans worth,alicia keys / a womans worth,439,1,train
440,olivia,bizounce,olivia / bizounce,440,1,validation
441,andrew w.k.,can you dance with me?,andrew w.k. / can you dance with me?,441,0,train
442,bad boys blue,save your love,bad boys blue / save your love,442,1,test
443,degrees of motion,do you want it right now,degrees of motion / do you want it right now,443,1,validation
444,eminem,we made you,eminem / we made you,94,1,validation
445,mario vazquez,gallery,mario vazquez / gallery,445,1,test
446,george strait,it just comes natural,george strait / it just comes natural,154,1,train
447,leona lewis,bleeding love,leona lewis / bleeding love,321,1,test
448,atomic rooster,living underground,atomic rooster / living underground,448,0,train
449,speech,have fun prelude,speech / have fun prelude,449,0,train
450,shelby lynne,pretend,shelby lynne / pretend,450,0,train
451,tyrese,how you gonna act like that,tyrese / how you gonna act like that,451,1,train
452,strata,part one from triomusic,strata / part one from triomusic,452,0,train
453,stargarden,trybal,stargarden / trybal,453,0,train
454,hi-fi companions,amoria,hi-fi companions / amoria,454,0,train
455,the cure,lost,the cure / lost,455,0,train
456,jim chappell,in the hills,jim chappell / in the hills,456,0,train
457,christina aguilera,come on over baby (all i want is you),christina aguilera / come on over baby (all i want is you),36,1,train
458,marques houston,naked,marques houston / naked,458,1,train
459,zuma,juno,zuma / juno,459,0,validation
460,jars of clay,flood,jars of clay / flood,460,1,validation
461,rita chiarelli,doggin around,rita chiarelli / doggin around,461,0,validation
462,juana molina,quiero,juana molina / quiero,462,0,train
463,keep of kalessin,as mist lay silent beneath,keep of kalessin / as mist lay silent beneath,463,0,train
464,rupee,tempted to touch,rupee / tempted to touch,464,1,train
465,captain hollywood project,the way love is,captain hollywood project / the way love is,465,0,validation
466,goo goo dolls,big machine,goo goo dolls / big machine,466,1,test
467,orianthi,according to you,orianthi / according to you,467,1,test
468,ashlee simpson,pieces of me,ashlee simpson / pieces of me,468,1,train
469,bruno mars,the lazy song,bruno mars / the lazy song,469,1,validation
470,lasgo,something,lasgo / something,470,1,train
471,big & rich,save a horse (ride a cowboy),big & rich / save a horse (ride a cowboy),471,1,test
472,zebra,the ocean (live version),zebra / the ocean (live version),472,0,train
473,halfway to gone,black night,halfway to gone / black night,473,0,train
474,butthole surfers,ulcer breakout,butthole surfers / ulcer breakout,474,0,train
475,dala,alive,dala / alive,475,0,validation
476,john debney,dad apologizes,john debney / dad apologizes,476,0,train
477,margaret becker,sweet suffering christ,margaret becker / sweet suffering christ,477,0,train
478,leigh jones,have it your way,leigh jones / have it your way,478,0,train
479,kym sims,too blind to see it,kym sims / too blind to see it,479,1,train
480,themselves,oversleeping,themselves / oversleeping,480,0,test
481,debbie gibson,losin myself,debbie gibson / losin myself,481,1,train
482,norther,fuck you,norther / fuck you,482,0,train
483,ashtrax,future traffic song,ashtrax / future traffic song,483,0,validation
484,dimmu borgir,sympozium,dimmu borgir / sympozium,484,0,test
485,jonas brothers,love is on its way,jonas brothers / love is on its way,485,1,validation
486,sizzla,care,sizzla / care,486,0,train
487,a perfect circle,weak and powerless,a perfect circle / weak and powerless,487,1,train
488,john legend,used to love u,john legend / used to love u,488,1,train
489,dead prez,assassination,dead prez / assassination,83,0,test
490,aerosmith,jaded,aerosmith / jaded,490,1,train
491,lionel richie,do it to me,lionel richie / do it to me,240,1,test
492,blink-182,all of this,blink-182 / all of this,492,0,train
493,richard marx,chains around my heart,richard marx / chains around my heart,493,1,train
494,the black crowes,thorn in my pride,the black crowes / thorn in my pride,494,1,test
495,paul geremia,tootie blues,paul geremia / tootie blues,495,0,test
496,epmd,jane 5,epmd / jane 5,42,0,test
497,westside connection,bow down,westside connection / bow down,497,1,train
498,dj quik,born and raised in compton,dj quik / born and raised in compton,308,0,validation
499,puff johnson,forever more,puff johnson / forever more,499,1,train
500,phajja,"so long (well, well, well)","phajja / so long (well, well, well)",500,1,test
501,vitamin c,the itch,vitamin c / the itch,501,1,test
502,brad paisley,letter to me,brad paisley / letter to me,502,1,train
503,stephen marley,mind control,stephen marley / mind control,503,0,train
504,t.g. sheppard,you feel good all over,t.g. sheppard / you feel good all over,504,0,validation
505,ll cool j,phenomenon,ll cool j / phenomenon,401,1,test
506,chante moore,straight up,chante moore / straight up,506,1,train
507,non stop djs,hydraulic pimp,non stop djs / hydraulic pimp,16,0,train
508,bon jovi,the distance,bon jovi / the distance,29,0,train
509,norah jones,thinking about you,norah jones / thinking about you,509,1,train
510,one block radius,all on our own,one block radius / all on our own,510,0,test
511,john frizzell,no unexpected guests,john frizzell / no unexpected guests,511,0,train
512,r. kelly,when a womans fed up,r. kelly / when a womans fed up,512,1,validation
513,britney spears,circus,britney spears / circus,513,1,test
514,caspian,the dropsonde,caspian / the dropsonde,514,0,test
515,tesla,caught in a dream,tesla / caught in a dream,515,0,train
516,brandy,i wanna be down,brandy / i wanna be down,516,1,train
517,charlie peacock,forgiveness (love life album version),charlie peacock / forgiveness (love life album version),405,0,train
518,marc dorsey,love you again,marc dorsey / love you again,518,0,validation
519,nas,nastradamus,nas / nastradamus,519,1,train
520,richie rich,do gs get to go to heaven?,richie rich / do gs get to go to heaven?,520,1,train
521,the high strung,the luck you got,the high strung / the luck you got,521,0,train
522,the stooges,t.v. eye (take 3),the stooges / t.v. eye (take 3),522,0,train
523,shawn colvin,sunny came home,shawn colvin / sunny came home,523,1,train
524,mae west,little bar butterfly,mae west / little bar butterfly,524,0,train
525,amy grant,i will remember you,amy grant / i will remember you,525,1,train
526,cake,arco arena,cake / arco arena,526,0,train
527,aaliyah,at your best (you are love),aaliyah / at your best (you are love),109,1,train
528,en vogue,love dont love you,en vogue / love dont love you,164,1,train
529,jonny lang,one person at a time,jonny lang / one person at a time,529,0,train
530,arctic monkeys,dancing shoes,arctic monkeys / dancing shoes,530,0,train
531,pearl jam,you are,pearl jam / you are,531,0,test
532,richard galliano,honey fingers,richard galliano / honey fingers,532,0,train
533,usher,burn,usher / burn,257,1,train
534,dj quik,tonite,dj quik / tonite,308,1,validation
535,alana davis,32 flavors,alana davis / 32 flavors,535,1,test
536,the crystal method,keep hope alive,the crystal method / keep hope alive,536,0,train
537,devanic,i am,devanic / i am,537,0,validation
538,everything but the girl,wrong,everything but the girl / wrong,538,1,train
539,rick astley,cry for help,rick astley / cry for help,77,1,train
540,jim reeves,mexican joe,jim reeves / mexican joe,302,0,train
541,vertical horizon,everything you want,vertical horizon / everything you want,541,1,train
542,2pac,i get around,2pac / i get around,306,1,test
543,stacie orrico,stuck,stacie orrico / stuck,543,1,train
544,tommy castro,sho enough,tommy castro / sho enough,544,0,validation
545,fall out boy,thnks fr th mmrs,fall out boy / thnks fr th mmrs,545,1,train
546,sandi thom,when horsepower meant what it said,sandi thom / when horsepower meant what it said,546,0,validation
547,mariano yanani,why should i cry for you,mariano yanani / why should i cry for you,547,0,train
548,showbread,dinosaur bones,showbread / dinosaur bones,379,0,train
549,madonna,what it feels like for a girl,madonna / what it feels like for a girl,248,1,validation
550,k-ci & jojo,life,k-ci & jojo / life,436,1,train
551,seven mary three,hammer & a stone,seven mary three / hammer & a stone,551,0,validation
552,glee cast,only the good die young,glee cast / only the good die young,57,1,train
553,pilar montenegro,quitame ese hombre,pilar montenegro / quitame ese hombre,553,1,train
554,michael bolton,said i loved you...but i lied,michael bolton / said i loved you...but i lied,554,1,train
555,mastodon,deep sea creature,mastodon / deep sea creature,46,0,test
556,bob carlisle,man of no reputation,bob carlisle / man of no reputation,556,0,train
557,boyz ii men,water runs dry,boyz ii men / water runs dry,557,1,validation
558,atomship,whitfield,atomship / whitfield,558,0,train
559,jodeci,im still waiting,jodeci / im still waiting,559,1,train
560,guaco,venite pa maracaibo,guaco / venite pa maracaibo,560,0,validation
561,vangelis,twilight,vangelis / twilight,113,0,test
562,janet jackson,again,janet jackson / again,275,0,train
563,snow patrol,shut your eyes,snow patrol / shut your eyes,563,0,test
564,lexie mountain boys,lullaby for the dead in our life,lexie mountain boys / lullaby for the dead in our life,564,0,train
565,blackalicious,ego trip by nikki giovanni,blackalicious / ego trip by nikki giovanni,565,0,train
566,pepper,point and shoot (demo),pepper / point and shoot (demo),433,0,validation
567,james newton howard,u north,james newton howard / u north,567,0,train
568,liz phair,why cant i?,liz phair / why cant i?,568,1,validation
569,bow wow wow,c30 c60 c90 go,bow wow wow / c30 c60 c90 go,569,0,test
570,gonzalo rubalcaba,improv #1,gonzalo rubalcaba / improv #1,570,0,train
571,creedence clearwater revisited,proud mary,creedence clearwater revisited / proud mary,571,0,test
572,blessid union of souls,i wanna be there,blessid union of souls / i wanna be there,387,1,train
573,the smashing pumpkins,rotten apples,the smashing pumpkins / rotten apples,318,0,train
574,simon & garfunkel,citizen of the planet,simon & garfunkel / citizen of the planet,574,0,test
575,gwar,slap u around,gwar / slap u around,101,0,train
576,bone thugs-n-harmony,murder one,bone thugs-n-harmony / murder one,576,0,train
577,gertrudis,quitxalla,gertrudis / quitxalla,249,0,train
578,limp bizkit,rollin,limp bizkit / rollin,578,1,train
579,charlie haden,american dreams,charlie haden / american dreams,579,0,validation
580,themselves,directions to my special place,themselves / directions to my special place,480,0,test
581,cama,walk with you,cama / walk with you,581,0,train
582,digital mystikz,molten,digital mystikz / molten,582,0,train
583,lifer,boring,lifer / boring,583,0,validation
584,bongzilla,stone a pig,bongzilla / stone a pig,584,0,train
585,toots & the maytals,she will never let me down,toots & the maytals / she will never let me down,585,0,train
586,clipse,grindin,clipse / grindin,586,1,validation
587,blind boy fuller,precious lord,blind boy fuller / precious lord,587,0,test
588,papa wemba,excuse me,papa wemba / excuse me,389,0,train
589,coldplay,a rush of blood to the head (live in sydney),coldplay / a rush of blood to the head (live in sydney),181,0,test
590,orthrelm,scelxenak,orthrelm / scelxenak,590,0,train
591,ten madison,elementro,ten madison / elementro,591,0,test
592,karen peck and new river,my god will always be enough,karen peck and new river / my god will always be enough,592,0,validation
593,unk,2 step,unk / 2 step,593,1,train
594,alan jackson,where were you (when the world stopped turning),alan jackson / where were you (when the world stopped turning),594,1,validation
595,jennifer hanson,beautiful goodbye,jennifer hanson / beautiful goodbye,595,1,train
596,stevie ray vaughan and double trouble,tin pan alley (aka roughest place in town),stevie ray vaughan and double trouble / tin pan alley (aka roughest place in town),596,0,train
597,buju banton,destiny,buju banton / destiny,597,0,validation
598,nolwenn leroy,etre une femme,nolwenn leroy / etre une femme,598,0,train
599,ice-t,"new jack hustler (ninos theme) (from new jack city"")""","ice-t / new jack hustler (ninos theme) (from new jack city"")""",599,1,train
600,nando lauria,o come all ye faithful,nando lauria / o come all ye faithful,600,0,train
601,the all-american rejects,it ends tonight,the all-american rejects / it ends tonight,601,1,train
602,judas iscariot,babylon,judas iscariot / babylon,602,0,train
603,justin bieber,that should be me,justin bieber / that should be me,56,1,train
604,la portuaria,down on the corner,la portuaria / down on the corner,604,0,train
605,intonation featuring joee,died in your arms,intonation featuring joee / died in your arms,605,1,train
606,the strokes,between love & hate,the strokes / between love & hate,606,0,train
607,set your goals,the fallen...,set your goals / the fallen...,607,0,test
608,paul cantelon,the other boleyn girl - opening titles,paul cantelon / the other boleyn girl - opening titles,608,0,train
609,taint,hex breaker,taint / hex breaker,609,0,test
610,madonna,nothing really matters,madonna / nothing really matters,248,1,validation
611,amoral,the last round,amoral / the last round,611,0,train
612,50 cent,piggy bank,50 cent / piggy bank,241,1,validation
613,shaggy,alimony,shaggy / alimony,613,0,train
614,eastmountainsouth,hard times,eastmountainsouth / hard times,614,0,test
615,zeromancer,the death of romance,zeromancer / the death of romance,615,0,train
616,david banner,syrup sipping (banner beat break),david banner / syrup sipping (banner beat break),616,0,validation
617,billy ray cyrus,couldve been me,billy ray cyrus / couldve been me,617,1,train
618,nerf herder,nervous breakdown,nerf herder / nervous breakdown,618,0,train
619,swami,tonight,swami / tonight,619,0,train
620,shades,serenade,shades / serenade,620,1,test
621,adam ant,mohair locker room pin-up boys,adam ant / mohair locker room pin-up boys,621,0,test
622,captain hollywood project,all i want,captain hollywood project / all i want,465,0,validation
623,whitney houston,all the man that i need,whitney houston / all the man that i need,623,1,test
624,clay crosse,i surrender all,clay crosse / i surrender all,624,0,train
625,tha liks,40 oz quartet part i,tha liks / 40 oz quartet part i,625,0,test
626,michael gettel,river run,michael gettel / river run,626,0,test
627,redman,muh- f***a,redman / muh- f***a,437,0,train
628,jesse malin,wendy,jesse malin / wendy,628,0,test
629,la portuaria,explorador,la portuaria / explorador,604,0,train
630,janet jackson,greatest x,janet jackson / greatest x,275,0,train
631,nicolas bacchus,josy,nicolas bacchus / josy,631,0,train
632,john wesley,cuttin the tree,john wesley / cuttin the tree,632,0,train
633,cross country,tastes so good to me,cross country / tastes so good to me,633,0,test
634,the ataris,make it last,the ataris / make it last,213,0,train
635,the irish tenors,the croppy boy,the irish tenors / the croppy boy,635,0,test
636,goodie mob,dirty south,goodie mob / dirty south,636,1,train
637,kut klose,i like,kut klose / i like,637,1,train
638,lil suzy,cant get you out of my mind,lil suzy / cant get you out of my mind,638,1,train
639,bongzilla,cutdown,bongzilla / cutdown,584,0,train
640,x-ecutioners featuring tom tom club & biz markie,genius of love 2002 (featuring tom tom club & biz markie),x-ecutioners featuring tom tom club & biz markie / genius of love 2002 (featuring tom tom club & biz markie),640,0,train
641,behemoth,here and beyond,behemoth / here and beyond,641,0,test
642,big & rich,lost in this moment,big & rich / lost in this moment,471,1,test
643,flora purim,tomara (i wish),flora purim / tomara (i wish),148,0,test
644,leona lewis,i will be,leona lewis / i will be,321,1,test
645,mark wills,how bad do you want it,mark wills / how bad do you want it,212,0,test
646,alexis hk,juste une fois,alexis hk / juste une fois,646,0,train
647,robyn,do you know (what it takes),robyn / do you know (what it takes),647,1,train
648,jim chappell,almost us,jim chappell / almost us,456,0,train
649,max-a-million,take your time (do it right),max-a-million / take your time (do it right),649,1,test
650,jinny,keep warm,jinny / keep warm,650,1,test
651,sade,kiss of life,sade / kiss of life,651,1,test
652,good charlotte,lifestyles of the rich and famous,good charlotte / lifestyles of the rich and famous,652,1,train
653,coldplay,talk,coldplay / talk,181,1,test
654,blind lemon jefferson,long distance moan,blind lemon jefferson / long distance moan,654,0,train
655,the roches,we three kings,the roches / we three kings,655,0,train
656,christina aguilera,beautiful,christina aguilera / beautiful,36,0,train
657,john mellencamp,peaceful world,john mellencamp / peaceful world,390,0,train
658,ffh,here i am,ffh / here i am,658,0,train
659,sandy posey,when will i be loved,sandy posey / when will i be loved,659,0,test
660,saliva,always,saliva / always,660,1,validation
661,bill douglas,highland,bill douglas / highland,661,0,train
662,ludacris,number one spot,ludacris / number one spot,188,1,train
663,easy star all-stars,with a little dub from my friends (feat. luciano and u roy),easy star all-stars / with a little dub from my friends (feat. luciano and u roy),663,0,train
664,helmet,your head,helmet / your head,664,0,test
665,grayson capps,i see you,grayson capps / i see you,398,0,train
666,tamia,officially missing you,tamia / officially missing you,666,1,validation
667,heavenly,smile,heavenly / smile,667,0,train
668,bt,knowledge of self (evol intent remix),bt / knowledge of self (evol intent remix),335,0,train
669,aerosmith,crazy,aerosmith / crazy,490,0,train
670,trick trick / eminem,welcome 2 detroit,trick trick / eminem / welcome 2 detroit,670,0,train
671,tim mcgraw,for a little while,tim mcgraw / for a little while,205,1,validation
672,the offspring,why dont you get a job?,the offspring / why dont you get a job?,672,1,train
673,lionel richie,in my dreams,lionel richie / in my dreams,240,0,test
674,garbage,vow,garbage / vow,110,1,train
675,uncle kracker,follow me,uncle kracker / follow me,115,1,validation
676,shadows fall,what drives the weak,shadows fall / what drives the weak,676,0,validation
677,ludacris,southern hospitality,ludacris / southern hospitality,188,1,train
678,destinys child,bug a boo,destinys child / bug a boo,678,1,test
679,steve vai,fever dream,steve vai / fever dream,679,0,train
680,oasis,wonderwall,oasis / wonderwall,680,1,train
681,galactic,[hidden track],galactic / [hidden track],681,0,train
682,metallica,cyanide,metallica / cyanide,87,1,test
683,britney spears,someday (i will understand),britney spears / someday (i will understand),513,0,test
684,tim wilson,the michael vick song,tim wilson / the michael vick song,363,0,train
685,tre,take your time,tre / take your time,685,1,train
686,vhs or beta,new day rising,vhs or beta / new day rising,686,0,train
687,bmx bandits,after i made love to you,bmx bandits / after i made love to you,687,0,train
688,jason michael carroll,no good in goodbye,jason michael carroll / no good in goodbye,64,0,validation
689,vanessa daou,evening,vanessa daou / evening,689,0,train
690,becky baeling,if you love me,becky baeling / if you love me,690,0,validation
691,casa bulga,afraid of change (tribal vocal mix),casa bulga / afraid of change (tribal vocal mix),691,0,train
692,glee cast,me against the music,glee cast / me against the music,57,1,train
693,janet,all for you,janet / all for you,59,1,train
694,barenaked ladies,the old apartment,barenaked ladies / the old apartment,694,1,train
695,neviss,spain,neviss / spain,695,0,validation
696,turisas,sahti waari,turisas / sahti waari,696,0,train
697,los fabulosos cadillacs,matador,los fabulosos cadillacs / matador,697,0,train
698,bob wills,south,bob wills / south,698,0,train
699,thrice,the earth will shake,thrice / the earth will shake,699,0,test
700,lady gaga,paparazzi,lady gaga / paparazzi,700,1,test
701,group home,supa star,group home / supa star,701,1,train
702,tracy chapman,give me one reason,tracy chapman / give me one reason,702,1,train
703,ben sidran,blowin in the wind,ben sidran / blowin in the wind,703,0,train
704,solo,where do u want me to put it,solo / where do u want me to put it,704,1,train
705,since the flood,guardian angel,since the flood / guardian angel,105,0,train
706,luke vibert,gwithian,luke vibert / gwithian,706,0,test
707,dcx,hold me,dcx / hold me,707,0,train
708,nelly furtado,say it right,nelly furtado / say it right,708,1,train
709,nas,i can,nas / i can,519,1,train
710,scott matthews,underlying lies,scott matthews / underlying lies,710,0,test
711,radiohead,2 + 2 = 5,radiohead / 2 + 2 = 5,294,0,validation
712,behemoth,no sympathy for fools,behemoth / no sympathy for fools,641,0,test
713,atman,dancing with the goddess (ttt rmx),atman / dancing with the goddess (ttt rmx),713,0,train
714,charley patton,circle round the moon,charley patton / circle round the moon,714,0,train
715,adam lambert,mad world,adam lambert / mad world,715,1,validation
716,spose,im awesome,spose / im awesome,716,1,train
717,cadacross,bring out your dead,cadacross / bring out your dead,717,0,validation
718,bongzilla,champagne & reefer,bongzilla / champagne & reefer,584,0,train
719,lil wayne,3 peat,lil wayne / 3 peat,719,1,test
720,suicide,night time,suicide / night time,122,0,train
721,cockney rejects,easy life (live),cockney rejects / easy life (live),721,0,train
722,shedaisy,passenger seat,shedaisy / passenger seat,218,1,train
723,moss,silent hill,moss / silent hill,723,0,train
724,deborah cox,the sound of my tears,deborah cox / the sound of my tears,724,1,train
725,nofx,my heart is yearning,nofx / my heart is yearning,206,0,validation
726,devo,be stiff (live),devo / be stiff (live),726,0,test
727,v v brown,leave!,v v brown / leave!,727,0,test
728,lenny kravitz,dig in,lenny kravitz / dig in,372,1,train
729,toby keith,love me if you can,toby keith / love me if you can,270,1,train
730,amorphis,crimson wave,amorphis / crimson wave,730,0,train
731,black tambourine,dream baby dream,black tambourine / dream baby dream,731,0,train
732,pierre perret,le poulet,pierre perret / le poulet,732,0,train
733,porter wagoner,angel band,porter wagoner / angel band,733,0,train
734,sophie b. hawkins,the ballad of sleeping beauty,sophie b. hawkins / the ballad of sleeping beauty,734,0,train
735,nelly,(hot s**t) country grammar,nelly / (hot s**t) country grammar,735,1,train
736,p!nk,family portrait,p!nk / family portrait,736,1,train
737,maroon 5,she will be loved,maroon 5 / she will be loved,737,1,train
738,keith washington,bring it on,keith washington / bring it on,738,1,train
739,arc angels,sent by angels,arc angels / sent by angels,739,0,train
740,loudermilk,mai,loudermilk / mai,740,0,train
741,danny williams,the wonderful world of the young,danny williams / the wonderful world of the young,741,0,train
742,matisyahu,one day,matisyahu / one day,742,1,validation
743,nerf herder,pantera fans in love,nerf herder / pantera fans in love,618,0,train
744,phil collins,please come out tonight,phil collins / please come out tonight,61,0,train
745,porcupine tree,music for the head,porcupine tree / music for the head,745,0,validation
746,tracy byrd,im from the country,tracy byrd / im from the country,0,1,validation
747,los amigos invisibles,ultra-funk,los amigos invisibles / ultra-funk,747,0,train
748,gertrudis,la nit de reis,gertrudis / la nit de reis,249,0,train
749,brandy,almost doesnt count,brandy / almost doesnt count,516,1,train
750,carl cox vs yousef,i want you (forever),carl cox vs yousef / i want you (forever),750,0,train
751,jordin sparks,battlefield,jordin sparks / battlefield,751,1,validation
752,stephan micus,contessa entellina,stephan micus / contessa entellina,752,0,train
753,kardinal offishall / keri hilson,numba 1 (tide is high),kardinal offishall / keri hilson / numba 1 (tide is high),753,0,train
754,lady gaga,poker face,lady gaga / poker face,700,0,test
755,counting crows,hanginaround,counting crows / hanginaround,755,1,train
756,desree,feel so high,desree / feel so high,365,1,train
757,las ketchup,doble bombo,las ketchup / doble bombo,757,0,train
758,the smashing pumpkins,thirty-three,the smashing pumpkins / thirty-three,318,1,train
759,talvin singh,traveller,talvin singh / traveller,759,0,validation
760,taylor swift,innocent,taylor swift / innocent,250,1,train
761,photek,junk,photek / junk,66,0,train
762,george harrison,my sweet lord,george harrison / my sweet lord,762,1,train
763,terry callier,satin doll,terry callier / satin doll,763,0,train
764,kt tunstall,boo hoo,kt tunstall / boo hoo,764,0,train
765,george lopez,only for the young,george lopez / only for the young,289,0,test
766,mance lipscomb,going down slow,mance lipscomb / going down slow,766,0,validation
767,nickelback,feelin way too damn good,nickelback / feelin way too damn good,767,1,train
768,snow patrol,spitting games,snow patrol / spitting games,563,0,test
769,kanye west,street lights,kanye west / street lights,53,0,validation
770,tigertailz,thrill pistol,tigertailz / thrill pistol,770,0,train
771,silversun pickups,panic switch,silversun pickups / panic switch,771,1,validation
772,dj icey,a little louder,dj icey / a little louder,772,0,train
773,toby keith,country comes to town,toby keith / country comes to town,270,1,train
774,tech n9ne,caribou lou,tech n9ne / caribou lou,774,0,validation
775,bon jovi,i love this town,bon jovi / i love this town,29,0,train
776,color me badd,time and chance,color me badd / time and chance,776,1,test
777,francis dunnery,the ava song,francis dunnery / the ava song,777,0,test
778,alicia keys,wait til you see my smile,alicia keys / wait til you see my smile,439,0,train
779,bobby pulido,alma de metal,bobby pulido / alma de metal,779,0,train
780,george nooks,better way of life,george nooks / better way of life,780,0,train
781,puddle of mudd,psycho,puddle of mudd / psycho,121,1,train
782,tlc,diggin on you,tlc / diggin on you,782,1,train
783,depeche mode,walking in my shoes,depeche mode / walking in my shoes,359,1,train
785,yaki-da,i saw you dancing,yaki-da / i saw you dancing,784,1,test
786,donna fargo,superman,donna fargo / superman,785,0,validation
787,agnostic front,no one hears you,agnostic front / no one hears you,786,0,test
788,walter trout,earrings on the table,walter trout / earrings on the table,787,0,train
789,50 cent / mobb deep,outta control,50 cent / mobb deep / outta control,788,0,train
790,mu330,cursed again,mu330 / cursed again,789,0,test
791,sunscreem,perfect motion,sunscreem / perfect motion,790,0,test
792,the mars volta,take the veil cerpin taxt,the mars volta / take the veil cerpin taxt,791,0,train
793,christophe beck,why jack called,christophe beck / why jack called,792,0,train
794,ann lee,so deep,ann lee / so deep,793,0,test
795,bebo norman,britney,bebo norman / britney,268,0,train
796,taylor swift,mine,taylor swift / mine,250,1,train
797,fergie,big girls dont cry,fergie / big girls dont cry,796,1,validation
798,john mayall,the witching hour,john mayall / the witching hour,797,0,test
799,wilson phillips,impulsive,wilson phillips / impulsive,798,1,train
800,bersuit vergarabat,se viene,bersuit vergarabat / se viene,799,0,test
801,warrior king,empress so divine,warrior king / empress so divine,800,0,train
802,naughty by nature,swing swang,naughty by nature / swing swang,801,0,test
803,amorphis,the lost name of god,amorphis / the lost name of god,730,0,train
804,david bowie,im afraid of americans,david bowie / im afraid of americans,803,1,train
805,death ss,the healer,death ss / the healer,804,0,train
806,patty griffin,all creatures of our god and king,patty griffin / all creatures of our god and king,805,0,validation
807,rise against,1000 good intentions,rise against / 1000 good intentions,806,0,test
808,lara,damit du dich in mich verliebst,lara / damit du dich in mich verliebst,807,0,train
809,cauterize,shooting stars,cauterize / shooting stars,808,0,validation
810,love jones,i like young girls,love jones / i like young girls,809,0,test
811,daft punk,da funk,daft punk / da funk,810,0,test
812,pressha,splackavellie,pressha / splackavellie,811,1,test
813,kings of leon,ragoo,kings of leon / ragoo,812,0,train
814,the ting tings,thats not my name,the ting tings / thats not my name,813,1,test
815,extreme,stop the world,extreme / stop the world,814,1,train
816,whitney cummings,romance,whitney cummings / romance,815,0,train
817,britt nicole,good day,britt nicole / good day,816,0,train
818,christina aguilera,walk away,christina aguilera / walk away,36,0,train
819,la portuaria,hasta el final,la portuaria / hasta el final,604,0,train
820,aynsley lister,crazy,aynsley lister / crazy,819,0,train
821,unkle bob,what do i know,unkle bob / what do i know,820,0,train
822,glee cast featuring jonathan groff,bohemian rhapsody,glee cast featuring jonathan groff / bohemian rhapsody,821,1,train
823,ll cool j,mama said knock you out,ll cool j / mama said knock you out,401,1,test
824,sara bareilles,king of anything,sara bareilles / king of anything,823,1,train
825,snow patrol,chocolate,snow patrol / chocolate,563,0,test
826,jimmy mccracklin,gotta cut out,jimmy mccracklin / gotta cut out,825,0,train
827,wolfmother,white feather,wolfmother / white feather,826,0,train
828,rachel portman,bridget,rachel portman / bridget,827,0,train
829,keith murray,get lifted,keith murray / get lifted,828,1,train
830,roger clyne & the peacemakers,mile high and risin,roger clyne & the peacemakers / mile high and risin,829,0,train
831,lifehouse,spin,lifehouse / spin,158,1,validation
832,sierra maestra,abandonada / blancas azucenas,sierra maestra / abandonada / blancas azucenas,831,0,test
833,naughty by nature,craziest,naughty by nature / craziest,801,1,test
834,the chieftains,the raggle taggle gypsy,the chieftains / the raggle taggle gypsy,833,0,train
835,guns n roses,catcher in the rye,guns n roses / catcher in the rye,834,0,train
836,the pharcyde,the climb/paranoia,the pharcyde / the climb/paranoia,246,0,train
837,john williams,old man rocking chair,john williams / old man rocking chair,836,0,train
838,all-4-one,(shes got) skillz,all-4-one / (shes got) skillz,360,1,validation
839,matt redman,facedown,matt redman / facedown,838,0,train
840,jan wayne,hello,jan wayne / hello,839,0,train
841,clay davidson,unconditional,clay davidson / unconditional,840,1,test
842,tq,westside,tq / westside,841,1,train
843,daughtry,over you,daughtry / over you,842,1,train
844,n2deep,toss-up,n2deep / toss-up,843,1,test
845,harry gregson-williams,the ball,harry gregson-williams / the ball,844,0,train
846,humanzi,fix the cracks,humanzi / fix the cracks,845,0,train
847,lollipop lust kill,no answer (outro),lollipop lust kill / no answer (outro),846,0,train
848,sheryl crow,steve mcqueen,sheryl crow / steve mcqueen,40,1,validation
849,deborah coleman,nobody to blame,deborah coleman / nobody to blame,848,0,train
850,audioslave,i am the highway,audioslave / i am the highway,849,1,train
851,no mercy,where do you go,no mercy / where do you go,850,1,train
852,george lopez,kids in the store,george lopez / kids in the store,289,0,test
853,fruit de la passion,tic tic tac,fruit de la passion / tic tic tac,852,1,test
854,toni braxton,let me show you the way (out),toni braxton / let me show you the way (out),4,0,train
855,finest dearest,tunnel vision,finest dearest / tunnel vision,75,0,validation
856,super cat,them no care,super cat / them no care,855,0,validation
857,third eye blind,deep inside of you,third eye blind / deep inside of you,856,1,train
858,michael jackson,history,michael jackson / history,254,0,test
859,avant,when it hurts,avant / when it hurts,858,1,train
860,prince,the greatest romance ever sold,prince / the greatest romance ever sold,859,1,test
861,glee cast featuring gwyneth paltrow,forget you,glee cast featuring gwyneth paltrow / forget you,860,1,validation
862,spiral stairs,ladies and gentlemen,spiral stairs / ladies and gentlemen,358,0,validation
863,steve riley & the mamou playboys,katherine,steve riley & the mamou playboys / katherine,862,0,train
864,b.g. the prince of rap,this beat is hot,b.g. the prince of rap / this beat is hot,863,1,test
865,williamson,breathe easy,williamson / breathe easy,864,0,train
866,dakota moon,a promise i make,dakota moon / a promise i make,865,1,test
867,diamond d,intro,diamond d / intro,866,0,train
868,sister hazel,concede,sister hazel / concede,867,0,train
869,rick astley,the bottom line,rick astley / the bottom line,77,0,train
870,isabel pantoja,adelante,isabel pantoja / adelante,435,0,train
871,iggy pop,5 foot 1,iggy pop / 5 foot 1,870,0,validation
872,gorillaz,feel good inc,gorillaz / feel good inc,297,1,train
873,john van tongeren,salvation,john van tongeren / salvation,872,0,validation
874,mike vax,trumpet blues and cantabile,mike vax / trumpet blues and cantabile,873,0,validation
875,melissa etheridge,im the only one,melissa etheridge / im the only one,874,1,validation
876,alabama,keepin up,alabama / keepin up,875,1,train
877,jerry goldsmith,the keys,jerry goldsmith / the keys,876,0,train
878,bel canto,rumour (abstract hip hop mix),bel canto / rumour (abstract hip hop mix),877,0,train
879,glee cast,time warp,glee cast / time warp,57,1,train
880,snowgoons,planetary takeover,snowgoons / planetary takeover,879,0,test
881,alicia keys,no one,alicia keys / no one,439,1,train
882,darius rucker,this,darius rucker / this,392,1,test
883,gene autry,frankie and johnny,gene autry / frankie and johnny,882,0,train
884,ms. dynamite,all i ever,ms. dynamite / all i ever,883,0,train
885,thrice,betrayal is a symptom,thrice / betrayal is a symptom,699,0,test
886,bob neuwirth,biding her time,bob neuwirth / biding her time,885,0,train
887,tim mcgraw,nothin to die for,tim mcgraw / nothin to die for,205,1,validation
888,2 in a room,el trago (the drink),2 in a room / el trago (the drink),887,1,train
889,kool savas,warum rappst du?,kool savas / warum rappst du?,888,0,train
890,shaggy / brian & tony gold,hey sexy lady,shaggy / brian & tony gold / hey sexy lady,889,0,train
891,sandra mihanovich,cuatro estrofas,sandra mihanovich / cuatro estrofas,890,0,validation
892,michael bolton,when a man loves a woman,michael bolton / when a man loves a woman,554,1,train
893,lonestar,my front porch looking in,lonestar / my front porch looking in,892,1,validation
894,kid cudi,day n nite,kid cudi / day n nite,893,1,test
895,taylor swift,forever & always,taylor swift / forever & always,250,1,train
896,incubus,warning,incubus / warning,895,0,validation
897,wynonna,when love starts talkin,wynonna / when love starts talkin,896,1,test
898,the berzerker,pure hatred,the berzerker / pure hatred,897,0,train
899,fyah blaze,lion paw,fyah blaze / lion paw,898,0,test
900,charice,note to god,charice / note to god,899,1,train
901,photo atlas,red orange yellow,photo atlas / red orange yellow,900,0,test
902,justin timberlake,sexyback,justin timberlake / sexyback,901,1,train
903,nick cave & the bad seeds,stagger lee,nick cave & the bad seeds / stagger lee,902,0,train
904,bobby pulido,la bruja chafa,bobby pulido / la bruja chafa,779,0,train
905,the all-american rejects,"swing, swing","the all-american rejects / swing, swing",601,1,train
906,chris brown,crawl,chris brown / crawl,905,1,train
907,eddie turner,resurrection,eddie turner / resurrection,906,0,test
908,sister hazel,think about me,sister hazel / think about me,867,0,train
909,simple minds,see the lights,simple minds / see the lights,908,1,train
910,eminem,cold wind blows,eminem / cold wind blows,94,1,validation
911,josh groban,february song [live],josh groban / february song [live],910,0,test
912,linkin park,in the end,linkin park / in the end,911,1,validation
913,shinedown,the crow & the butterfly,shinedown / the crow & the butterfly,912,1,test
914,goldfish,watch out for the birdsongs,goldfish / watch out for the birdsongs,913,0,train
915,bebe winans,love thing,bebe winans / love thing,914,0,validation
916,buddy johnson,did you see jackie robinson hit that ball?,buddy johnson / did you see jackie robinson hit that ball?,915,0,train
917,philip bailey,silent night,philip bailey / silent night,916,0,test
918,natasha bedingfield,love like this,natasha bedingfield / love like this,917,0,test
919,memphis minnie,my butcher man,memphis minnie / my butcher man,918,0,train
920,ace of base,beautiful life,ace of base / beautiful life,919,1,train
921,queens of the stone age,i never came,queens of the stone age / i never came,920,0,validation
922,jennifer lopez,play,jennifer lopez / play,348,0,validation
923,gustavo santaolalla,the blinding sun,gustavo santaolalla / the blinding sun,922,0,train
924,nickelback,never gonna be alone,nickelback / never gonna be alone,767,1,train
925,line renaud,mambo bacan,line renaud / mambo bacan,340,0,validation
926,the black eyed peas,i gotta feeling,the black eyed peas / i gotta feeling,925,1,train
927,tilman sillescu,escape from the underrealm,tilman sillescu / escape from the underrealm,926,0,train
928,bette midler,every road leads back to you,bette midler / every road leads back to you,927,1,validation
929,hootie & the blowfish,old man & me (when i get to heaven),hootie & the blowfish / old man & me (when i get to heaven),928,1,train
930,the pineapple thief,snowdrops,the pineapple thief / snowdrops,929,0,train
931,jason aldean,my kinda party,jason aldean / my kinda party,930,1,train
932,gene autry,blueberry hill,gene autry / blueberry hill,882,0,train
933,ffh,great big problem,ffh / great big problem,658,0,train
934,the gone jackals,not buried deep enough,the gone jackals / not buried deep enough,933,0,test
935,mariano yanani,when we dance,mariano yanani / when we dance,547,0,train
936,new order,jetstream - arthur baker remix,new order / jetstream - arthur baker remix,935,0,validation
937,avril lavigne,how does it feel,avril lavigne / how does it feel,936,0,train
938,the mars volta,inertiatic esp,the mars volta / inertiatic esp,791,0,train
939,ub40,the way you do the things you do,ub40 / the way you do the things you do,938,1,train
940,raheem devaughn,customer,raheem devaughn / customer,939,1,test
941,trixter,surrender,trixter / surrender,940,1,train
942,atman,govinda,atman / govinda,713,0,train
943,mudhoney,it is us,mudhoney / it is us,942,0,train
944,giggles,what goes around comes around,giggles / what goes around comes around,943,1,train
945,rick astley,nature boy,rick astley / nature boy,77,0,train
946,matisyahu,exaltation,matisyahu / exaltation,742,0,validation
947,mika,love today,mika / love today,160,1,train
948,dons,best kept secret,dons / best kept secret,947,0,train
949,desert dwellers,pranafestation,desert dwellers / pranafestation,948,0,train
950,radiohead,15 step,radiohead / 15 step,294,0,validation
951,christina aguilera,cruz,christina aguilera / cruz,36,0,train
952,tyrese,signs of love makin,tyrese / signs of love makin,451,1,train
953,teenage fanclub,the sun shines from you,teenage fanclub / the sun shines from you,952,0,train
954,radiohead,fake plastic trees (acoustic version),radiohead / fake plastic trees (acoustic version),294,0,validation
955,the blind boys of alabama,new born soul,the blind boys of alabama / new born soul,954,0,train
956,no doubt,running,no doubt / running,955,1,train
957,the exies,creeper kamikaze,the exies / creeper kamikaze,956,0,train
958,total,kissin you,total / kissin you,957,1,train
959,dj clue / p. diddy,intro,dj clue / p. diddy / intro,958,0,test
960,gerardo,rico suave,gerardo / rico suave,959,1,validation
961,baroness,wanderlust,baroness / wanderlust,104,0,train
962,bessie smith,chicago bound blues,bessie smith / chicago bound blues,961,0,train
963,keb mo,still there for me,keb mo / still there for me,86,0,validation
964,ace frehley,fractured quantum,ace frehley / fractured quantum,963,0,train
965,beastie boys,crawlspace,beastie boys / crawlspace,412,0,train
966,memphis minnie,nothing in rambling,memphis minnie / nothing in rambling,918,0,train
967,frank stokes,nehi mamma blues,frank stokes / nehi mamma blues,966,0,train
968,boyz ii men,let it snow,boyz ii men / let it snow,557,1,validation
969,akon,right now (na na na),akon / right now (na na na),968,1,train
970,brad paisley,who needs pictures,brad paisley / who needs pictures,502,1,train
971,billy lawrence,happiness,billy lawrence / happiness,970,1,train
972,alicia keys,if i was your woman,alicia keys / if i was your woman,439,0,train
973,vivian,bad creation,vivian / bad creation,972,0,train
974,k.d. lang,constant craving,k.d. lang / constant craving,973,1,validation
975,jack johnson,if i had eyes,jack johnson / if i had eyes,974,1,train
976,chris rea,josephine (french edit),chris rea / josephine (french edit),975,0,train
977,the rolling stones,love is strong,the rolling stones / love is strong,976,1,train
978,maroon 5,through with you,maroon 5 / through with you,737,0,train
979,andy griggs,shes more,andy griggs / shes more,978,1,train
980,ll cool j,imagine that,ll cool j / imagine that,401,1,test
981,k.d. lang,hallelujah (vancouver winter 2010 version),k.d. lang / hallelujah (vancouver winter 2010 version),973,1,validation
982,5th ward boyz,undercover gangstas,5th ward boyz / undercover gangstas,159,0,test
983,drama,"left, right, left","drama / left, right, left",982,1,test
984,kenny chesney,how forever feels,kenny chesney / how forever feels,983,1,train
985,basic channel,q1.1 edit,basic channel / q1.1 edit,984,0,train
986,jim jones,we fly high,jim jones / we fly high,985,1,test
987,the ronettes,born to be together,the ronettes / born to be together,986,0,train
988,snow patrol,just say yes,snow patrol / just say yes,563,0,test
989,emf,lies,emf / lies,988,1,train
990,terry riley,peace dance,terry riley / peace dance,989,0,train
991,jk,you make me feel good,jk / you make me feel good,990,0,test
992,mississippi fred mcdowell,you gotta move,mississippi fred mcdowell / you gotta move,991,0,test
993,stimulator,78 stimulator,stimulator / 78 stimulator,992,0,train
994,lords of the underground,chief rocka,lords of the underground / chief rocka,993,1,validation
995,the dillinger escape plan,setting fire to sleeping giants,the dillinger escape plan / setting fire to sleeping giants,994,0,train
996,lady saw,to sir with love,lady saw / to sir with love,995,0,train
997,nofx,stickin in my eye,nofx / stickin in my eye,206,0,validation
998,nightwish,escapist,nightwish / escapist,997,0,validation
999,loop guru,the mystery epoch,loop guru / the mystery epoch,998,0,train
1000,foals,red socks pugie,foals / red socks pugie,999,0,test
1001,craig morgan,i got you,craig morgan / i got you,1000,1,train
1002,bad azz,tha stand,bad azz / tha stand,1001,0,test
1003,musiq,dontchange,musiq / dontchange,1002,1,test
1004,gunther & the sunshine girls,teeny weeny string bikini,gunther & the sunshine girls / teeny weeny string bikini,1003,0,train
1005,aiden,black market hell,aiden / black market hell,1004,0,train
1006,depeche mode,barrel of a gun,depeche mode / barrel of a gun,359,1,train
1007,the funeral pyre,here the sun never shines,the funeral pyre / here the sun never shines,1006,0,train
1008,qt,my baby mama,qt / my baby mama,1007,1,test
1009,michael gettel,safe passage,michael gettel / safe passage,626,0,test
1010,deep forest,hunting,deep forest / hunting,1009,0,train
1011,billie jo spears,it makes no difference now,billie jo spears / it makes no difference now,1010,0,validation
1012,zeca baleiro,telegrama,zeca baleiro / telegrama,1011,0,validation
1013,behemoth,chant for eschaton 2000,behemoth / chant for eschaton 2000,641,0,test
1014,john michael montgomery,friends,john michael montgomery / friends,1013,1,train
1015,maurane,juste une petite fille,maurane / juste une petite fille,8,0,train
1016,usher,pianolude,usher / pianolude,257,0,train
1017,del the funky homosapien,corner story,del the funky homosapien / corner story,1016,0,test
1018,beck,where its at,beck / where its at,1017,1,train
1019,michael jackson,will you be there,michael jackson / will you be there,254,1,test
1020,run-d.m.c.,down with the king,run-d.m.c. / down with the king,1019,1,train
1021,aesop rock,flashflood,aesop rock / flashflood,1020,0,validation
1022,jah cure,freedom,jah cure / freedom,1021,0,train
1023,mighty mighty bosstones,they came to boston,mighty mighty bosstones / they came to boston,1022,0,test
1024,martina mcbride,i just call you mine,martina mcbride / i just call you mine,224,1,test
1025,moving ninja,lost tribe,moving ninja / lost tribe,1024,0,train
1026,outkast,rosa parks,outkast / rosa parks,293,1,test
1027,juelz santana / bezel,violence,juelz santana / bezel / violence,1026,0,train
1028,legacy five,out of my darkness,legacy five / out of my darkness,1027,0,train
1029,jah cure,to your arms of love,jah cure / to your arms of love,1021,0,train
1030,george strait,shell leave you with a smile,george strait / shell leave you with a smile,154,1,train
1031,bonnie raitt,love sneakin up on you,bonnie raitt / love sneakin up on you,1030,1,train
1032,sheryl crow,leaving las vegas,sheryl crow / leaving las vegas,40,1,validation
1033,liars,cycle time,liars / cycle time,237,0,test
1034,broadcast,one hour empire,broadcast / one hour empire,125,0,train
1035,a tribe called quest,like it like that,a tribe called quest / like it like that,1034,0,train
1036,yankee grey,all things considered,yankee grey / all things considered,1035,1,train
1037,helen love,so hot,helen love / so hot,1036,0,train
1038,walter jackson,what would you do,walter jackson / what would you do,1037,0,validation
1039,cancer bats,sabotage,cancer bats / sabotage,1038,0,test
1040,simple minds,see the lights (2002 digital remaster),simple minds / see the lights (2002 digital remaster),908,0,train
1041,u2,last night on earth,u2 / last night on earth,144,1,train
1042,dexys midnight runners,spiritual passion (aka dubious),dexys midnight runners / spiritual passion (aka dubious),1041,0,train
1043,life long tragedy,collecting dust,life long tragedy / collecting dust,1042,0,train
1044,republica,drop dead gorgeous,republica / drop dead gorgeous,1043,1,train
1045,k-ci & jojo,tell me its real,k-ci & jojo / tell me its real,436,1,train
1046,rome,do you like this,rome / do you like this,1045,1,test
1047,taal,noises,taal / noises,1046,0,validation
1048,no doubt,hella good,no doubt / hella good,955,1,train
1049,funeral for a friend,juneau [live],funeral for a friend / juneau [live],1048,0,train
1050,les ogres de barback,de rien,les ogres de barback / de rien,1049,0,validation
1051,electronic pig,electro nicpig,electronic pig / electro nicpig,1050,0,train
1052,snowgoons,been fighting devilz,snowgoons / been fighting devilz,879,0,test
1053,basement jaxx,sfm,basement jaxx / sfm,1052,0,train
1054,eminem,paul,eminem / paul,94,0,validation
1055,maurice chevalier,la romance de la pluie,maurice chevalier / la romance de la pluie,1054,0,train
1056,tom petty and the heartbreakers,mary janes last dance,tom petty and the heartbreakers / mary janes last dance,1055,1,test
1057,rtz,until your love comes back around,rtz / until your love comes back around,1056,1,train
1058,sonia dersion,urgence,sonia dersion / urgence,1057,0,test
1059,buju banton,excerpt of a speech by marcus mosiah garvey,buju banton / excerpt of a speech by marcus mosiah garvey,597,0,validation
1060,planetakis,letters to norway,planetakis / letters to norway,1059,0,train
1061,r. kelly,in the kitchen,r. kelly / in the kitchen,512,1,validation
1062,nine inch nails,memorabilia,nine inch nails / memorabilia,430,0,train
1063,johnny osbourne,folly ranking,johnny osbourne / folly ranking,1062,0,train
1064,38 special,the sound of your voice,38 special / the sound of your voice,1063,1,train
1065,redman,jam 4 u,redman / jam 4 u,437,0,train
1066,tim wilson,uncle b.s. - 1963,tim wilson / uncle b.s. - 1963,363,0,train
1067,carrie underwood,before he cheats,carrie underwood / before he cheats,1066,1,train
1068,jennifer lopez,talk about us,jennifer lopez / talk about us,348,0,validation
1069,the jesus and mary chain,sometimes always,the jesus and mary chain / sometimes always,1068,1,train
1070,sirka ragnar,port now!,sirka ragnar / port now!,1069,0,train
1071,audioslave,show me how to live,audioslave / show me how to live,849,1,train
1072,the rock heroes,all summer long,the rock heroes / all summer long,1071,1,train
1073,poncho sanchez,lip smacker,poncho sanchez / lip smacker,76,0,test
1074,los fabulosos cadillacs,vos sabes,los fabulosos cadillacs / vos sabes,697,0,train
1075,salt-n-pepa,gitty up,salt-n-pepa / gitty up,118,1,train
1076,lifer,breathless,lifer / breathless,583,0,validation
1077,lil wayne,fireman,lil wayne / fireman,719,1,test
1078,craig wedren,alone in love,craig wedren / alone in love,1077,0,train
1079,seal,kiss from a rose,seal / kiss from a rose,1078,1,validation
1080,bruce springsteen,girls in their summer clothes,bruce springsteen / girls in their summer clothes,1079,1,train
1081,dinosaur jr,green mind,dinosaur jr / green mind,1080,0,train
1082,uphill battle,climate control,uphill battle / climate control,1081,0,train
1083,crazy horse,e se tu lontana sei,crazy horse / e se tu lontana sei,1082,0,train
1084,christophe beck,main title,christophe beck / main title,792,0,train
1085,miossec,regarde un peu la france,miossec / regarde un peu la france,1084,0,train
1086,the tokens,la bamba,the tokens / la bamba,1085,0,test
1087,enthroned,the vitalized shell,enthroned / the vitalized shell,1086,0,train
1088,solas,clothes of sand,solas / clothes of sand,1087,0,train
1089,jermaine dupri,gotta getcha,jermaine dupri / gotta getcha,1088,1,train
1090,heavy d,chasing windmills,heavy d / chasing windmills,1089,0,train
1091,doug macleod,the sun shine down my way,doug macleod / the sun shine down my way,1090,0,test
1092,katy perry,firework,katy perry / firework,1091,1,train
1093,van halen,cant stop lovin you,van halen / cant stop lovin you,1092,1,train
1094,bad azz,ghetto,bad azz / ghetto,1001,0,test
1095,the last days of jesus,death song,the last days of jesus / death song,1094,0,test
1096,k-os,heaven only knows,k-os / heaven only knows,1095,0,train
1097,bell biv devoe,something in your eyes,bell biv devoe / something in your eyes,391,1,train
1098,julie roberts,unlove me,julie roberts / unlove me,1097,0,train
1099,my chemical romance,teenagers,my chemical romance / teenagers,1098,1,train
1100,uriah heep,wake the sleeper,uriah heep / wake the sleeper,1099,0,train
1101,elakelaiset,humppa,elakelaiset / humppa,1100,0,train
1102,loudon wainwright iii,how old are you,loudon wainwright iii / how old are you,1101,0,test
1103,orbital,farenheit 303,orbital / farenheit 303,127,0,validation
1104,t.i.,asap,t.i. / asap,317,1,train
1105,mavado,real mckoy feat. busy signal,mavado / real mckoy feat. busy signal,1104,0,train
1106,xscape,who can i run to,xscape / who can i run to,1105,1,test
1107,amy winehouse,valerie,amy winehouse / valerie,1106,0,train
1108,george michael,too funky,george michael / too funky,1107,1,train
1109,smokie norful,i need you now,smokie norful / i need you now,1108,1,validation
1110,andreas dorau,so ist das nun mal,andreas dorau / so ist das nun mal,1109,0,train
1111,shania twain,two hearts one love,shania twain / two hearts one love,1110,0,train
1112,faith hill,this kiss,faith hill / this kiss,1111,1,validation
1113,marco beltrami,1001 robots,marco beltrami / 1001 robots,80,0,train
1114,lil kim,no matter what they say,lil kim / no matter what they say,1113,1,train
1115,eminem,ricky ticky toc,eminem / ricky ticky toc,94,0,validation
1116,the killers,mr. brightside,the killers / mr. brightside,93,1,train
1117,george strait,the seashores of old mexico,george strait / the seashores of old mexico,154,1,train
1118,vanessa williams,the sweetest days,vanessa williams / the sweetest days,1117,1,validation
1119,robben ford,the champ,robben ford / the champ,1118,0,train
1120,reba mcentire,he gets that from me,reba mcentire / he gets that from me,1119,1,train
1121,dj guy,freak it all night,dj guy / freak it all night,1120,0,train
1122,slim whitman,china doll,slim whitman / china doll,1121,0,test
1123,brooks & dunn,rock my world (little country girl),brooks & dunn / rock my world (little country girl),54,1,test
1124,john hammond,come to find out,john hammond / come to find out,1123,0,train
1125,goddess,sexual,goddess / sexual,1124,1,test
1126,miley cyrus,the climb,miley cyrus / the climb,1125,1,test
1127,a tundra,the doug mccomb over,a tundra / the doug mccomb over,1126,0,train
1128,far too jones,use me,far too jones / use me,1127,0,train
1129,jaydee,plastic dreams,jaydee / plastic dreams,1128,0,train
1130,vanilla ice,cool as ice (everybody get loose),vanilla ice / cool as ice (everybody get loose),1129,1,validation
1131,darden smith,perfect moment,darden smith / perfect moment,273,0,test
1132,marques houston,circle,marques houston / circle,458,1,train
1133,meat loaf,objects in the rear view mirror may appear closer than...,meat loaf / objects in the rear view mirror may appear closer than...,1132,1,validation
1134,p!nk,raise your glass,p!nk / raise your glass,736,1,train
1135,babyface,for the cool in you,babyface / for the cool in you,380,1,train
1136,white willow,the reach,white willow / the reach,1135,0,train
1137,shinehead,olivia,shinehead / olivia,1136,0,train
1138,terry callier,java sparrow,terry callier / java sparrow,763,0,train
1139,brooks & dunn,proud of the house we built,brooks & dunn / proud of the house we built,54,1,test
1140,hot tuna,parchman farm,hot tuna / parchman farm,1139,0,train
1141,rhian sheehan,existing alone,rhian sheehan / existing alone,166,0,validation
1142,hall & oates,perkiomen,hall & oates / perkiomen,1141,0,train
1143,willie rosario,un tipo como yo,willie rosario / un tipo como yo,1142,0,train
1144,skyforger,in the underworld,skyforger / in the underworld,1143,0,train
1145,genesis,i cant dance,genesis / i cant dance,200,1,train
1146,ensiferum,hero in a dream,ensiferum / hero in a dream,1145,0,train
1147,gary moore,what are we here for,gary moore / what are we here for,1146,0,train
1148,george lopez,dogs,george lopez / dogs,289,0,test
1149,faithless,take the long way home,faithless / take the long way home,1148,0,train
1150,garth brooks,do what you gotta do,garth brooks / do what you gotta do,1149,1,test
1151,zapp & roger,mega medley,zapp & roger / mega medley,1150,1,train
1152,zombie girl,the darkness (komor kommando mix),zombie girl / the darkness (komor kommando mix),1151,0,train
1153,placebo,slave to the wage,placebo / slave to the wage,1152,0,train
1154,paul avgerinos,song without end,paul avgerinos / song without end,1153,0,validation
1155,strata,trio (1932)_ movement 3: moderato,strata / trio (1932)_ movement 3: moderato,452,0,train
1156,dart,for the good times,dart / for the good times,1155,0,train
1157,dntel,termites in the bathtub,dntel / termites in the bathtub,1156,0,train
1158,elmo & patsy,grandma got run over by a reindeer,elmo & patsy / grandma got run over by a reindeer,1157,1,train
1159,the gone jackals,drop the hammer,the gone jackals / drop the hammer,933,0,test
1160,morgion,basking under a blacksun dawning,morgion / basking under a blacksun dawning,1159,0,test
1161,vanilla ice,play that funky music,vanilla ice / play that funky music,1129,1,validation
1162,outerspace,drive by music,outerspace / drive by music,1161,0,train
1163,weedeater,monkey junction,weedeater / monkey junction,1162,0,train
1164,danilo perez,native soul,danilo perez / native soul,1163,0,train
1165,sick on the bus,who r ya,sick on the bus / who r ya,1164,0,train
1166,4 the cause,stand by me,4 the cause / stand by me,1165,1,train
1167,low millions,eleanor,low millions / eleanor,1166,0,train
1168,the wilkinsons,26 cents,the wilkinsons / 26 cents,1167,1,train
1169,ricardo lemvo,yiri yiri bon,ricardo lemvo / yiri yiri bon,1168,0,train
1170,rascal flatts,stand,rascal flatts / stand,252,1,train
1171,bleed the sky,kettle black,bleed the sky / kettle black,1170,0,train
1172,l.a. guns,some lie for love,l.a. guns / some lie for love,1171,0,train
1173,billie jo spears,57 chevrolet,billie jo spears / 57 chevrolet,1010,0,validation
1174,dark fortress,ghastly indoctrination,dark fortress / ghastly indoctrination,189,0,train
1175,incubus,dig,incubus / dig,895,1,validation
1176,mobb deep,where ya heart at,mobb deep / where ya heart at,1175,0,train
1177,lonnie gordon,happenin all over again,lonnie gordon / happenin all over again,1176,1,validation
1178,the chap,volumatic spacer device,the chap / volumatic spacer device,18,0,train
1179,helmet,give it,helmet / give it,664,0,test
1180,phil collins,hang in long enough,phil collins / hang in long enough,61,1,train
1181,dave eggar,deep blue,dave eggar / deep blue,281,0,train
1182,goo goo dolls,real,goo goo dolls / real,466,1,test
1183,christina aguilera,genio atrapado,christina aguilera / genio atrapado,36,0,train
1184,vanessa hudgens,sneakernight,vanessa hudgens / sneakernight,1183,1,validation
1185,the lord weird slough feg,the spinward marches,the lord weird slough feg / the spinward marches,1184,0,train
1186,gonzalo rubalcaba,infantil (dedicated to john mclaughlin),gonzalo rubalcaba / infantil (dedicated to john mclaughlin),570,0,train
1187,40 grit,intro,40 grit / intro,1186,0,test
1188,sergio dalma,la marca de tus labios,sergio dalma / la marca de tus labios,1187,0,train
1189,busdriver,sun shower (single version),busdriver / sun shower (single version),1188,0,train
1190,the killers,read my mind,the killers / read my mind,93,1,train
1191,themselves,crayon sharpener,themselves / crayon sharpener,480,0,test
1192,mago de oz,desde mi cielo,mago de oz / desde mi cielo,1191,0,train
1193,bobby pulido,la rosa,bobby pulido / la rosa,779,0,train
1194,jake owen,startin with me,jake owen / startin with me,1193,1,train
1195,madonna,"you must love me (from evita"")""","madonna / you must love me (from evita"")""",248,1,validation
1196,planet soul,set u free,planet soul / set u free,1195,1,train
1197,lost boyz,me and my crazy world,lost boyz / me and my crazy world,1196,1,train
1198,various production,lost (actress remix),various production / lost (actress remix),1197,0,train
1199,scorpions,send me an angel,scorpions / send me an angel,1198,1,train
1200,kenny chesney,living in fast forward,kenny chesney / living in fast forward,983,1,train
1201,anti-flag,the gre(a)t depression,anti-flag / the gre(a)t depression,1200,0,train
1202,inspiral carpets,commercial reign,inspiral carpets / commercial reign,1201,0,train
1203,orbital,are we here ?,orbital / are we here ?,127,0,validation
1204,travis tritt,modern day bonnie and clyde,travis tritt / modern day bonnie and clyde,1203,1,train
1205,jill scott,the way,jill scott / the way,1204,1,train
1206,jimmy herring,lifeboat serenade,jimmy herring / lifeboat serenade,1205,0,validation
1207,long beach dub allstars,free love,long beach dub allstars / free love,1206,0,train
1208,the jane shermans,ammunition,the jane shermans / ammunition,1207,0,train
1209,suzi quatro,kids of tragedy,suzi quatro / kids of tragedy,1208,0,test
1210,dave eggar,wave,dave eggar / wave,281,0,train
1211,city high,what would you do?,city high / what would you do?,1210,0,train
1212,tinariwen,tenhert,tinariwen / tenhert,1211,0,train
1213,kmd,get-u-now,kmd / get-u-now,1212,0,train
1214,death cab for cutie,i will possess your heart,death cab for cutie / i will possess your heart,1213,1,train
1215,deee-lite,power of love,deee-lite / power of love,1214,1,train
1216,webb wilder,too cool for love,webb wilder / too cool for love,1215,0,validation
1217,jimmy wakely,beautiful brown eyes,jimmy wakely / beautiful brown eyes,1216,0,train
1218,kt tunstall,under the weather,kt tunstall / under the weather,764,0,train
1219,papa roach,scars,papa roach / scars,1218,1,test
1220,black messiah,gullveig,black messiah / gullveig,1219,0,train
1221,chris standring,through the looking glass (jazz),chris standring / through the looking glass (jazz),1220,0,test
1222,darryl worley,a good day to run,darryl worley / a good day to run,1221,1,train
1223,shakira,poem to a horse,shakira / poem to a horse,123,0,test
1224,jewel,hands,jewel / hands,1223,1,validation
1225,snowgoons,real world,snowgoons / real world,879,0,test
1226,tori amos,spark,tori amos / spark,1225,1,train
1227,moonspell,tired,moonspell / tired,58,0,train
1228,sizzla,princess black,sizzla / princess black,486,0,train
1229,the killers,show you how,the killers / show you how,93,0,train
1230,torcuato mariano,black and blue,torcuato mariano / black and blue,1229,0,test
1231,avant,separated,avant / separated,858,1,train
1232,william orbit,the monkey king,william orbit / the monkey king,1231,0,test
1233,delbert mcclinton,lose your money,delbert mcclinton / lose your money,1232,0,train
1234,amy winehouse,you know im no good,amy winehouse / you know im no good,1106,1,train
1235,cracker,dr. bernice,cracker / dr. bernice,1234,0,test
1236,fugees,nappy heads,fugees / nappy heads,1235,1,test
1237,rihanna,we ride,rihanna / we ride,1236,0,validation
1238,matchbox 20,real world,matchbox 20 / real world,1237,1,validation
1239,converge,to the lions,converge / to the lions,331,0,test
1240,miranda lambert,the house that built me,miranda lambert / the house that built me,1239,1,train
1241,trace adkins,then they do,trace adkins / then they do,1240,1,test
1242,toni braxton,breathe again,toni braxton / breathe again,4,1,train
1243,slick rick,kill niggaz,slick rick / kill niggaz,1242,0,test
1244,3 of hearts,is it love,3 of hearts / is it love,1243,0,train
1245,coco montoya,gotta mind to travel,coco montoya / gotta mind to travel,1244,0,train
1246,hanson,this time around,hanson / this time around,1245,1,train
1247,stevie ray vaughan and double trouble,the house is rockin,stevie ray vaughan and double trouble / the house is rockin,596,0,train
1248,glee cast,happy days are here again / get happy,glee cast / happy days are here again / get happy,57,1,train
1249,nine inch nails,only,nine inch nails / only,430,1,train
1250,rhian benson,say how i feel,rhian benson / say how i feel,1249,0,train
1251,bon jovi,ill sleep when im dead,bon jovi / ill sleep when im dead,29,1,train
1252,prince,black sweat,prince / black sweat,859,1,test
1253,cookies,believe in what i say,cookies / believe in what i say,1252,0,train
1254,zbigniew preisner,colin tries standing,zbigniew preisner / colin tries standing,1253,0,test
1255,papoose,intro,papoose / intro,1254,0,validation
1256,das efx,freakit,das efx / freakit,95,1,train
1257,mariah carey,ill be there,mariah carey / ill be there,225,1,train
1258,eluveitie,(do)minion,eluveitie / (do)minion,1257,0,train
1259,sunscreem,exodus,sunscreem / exodus,790,0,test
1260,maroon 5,sweetest goodbye,maroon 5 / sweetest goodbye,737,0,train
1261,missy elliott,shake your pom pom,missy elliott / shake your pom pom,1260,1,train
1262,les sexareenos,ruby d.,les sexareenos / ruby d.,1261,0,train
1263,mighty mighty bosstones,guns and the young,mighty mighty bosstones / guns and the young,1022,0,test
1264,madonna,hung up,madonna / hung up,248,1,validation
1265,glee cast,welcome christmas,glee cast / welcome christmas,57,1,train
1266,soulwax,kill your darlings,soulwax / kill your darlings,1265,0,train
1267,glee cast,telephone,glee cast / telephone,57,1,train
1268,2 minutos,tema de adrian,2 minutos / tema de adrian,1267,0,train
1269,angels & airwaves,the adventure,angels & airwaves / the adventure,1268,1,test
1270,soul for real,every little thing i do,soul for real / every little thing i do,1269,1,train
1271,rappin 4-tay,playaz club,rappin 4-tay / playaz club,1270,1,train
1272,pat metheny,traveling fast,pat metheny / traveling fast,1271,0,train
1273,jerry lewis,shine on your shoes,jerry lewis / shine on your shoes,1272,0,train
1274,cake,alpha beta parking lot,cake / alpha beta parking lot,526,0,train
1275,jack johnson,inaudible melodies,jack johnson / inaudible melodies,974,0,train
1276,midwest product,motivator,midwest product / motivator,1275,0,test
1277,james newton howard,voices,james newton howard / voices,567,0,train
1278,deadboy & the elephantmen,no rainbow,deadboy & the elephantmen / no rainbow,1277,0,train
1279,json,take a look,json / take a look,1278,1,train
1280,bongzilla,666lb. bongsession,bongzilla / 666lb. bongsession,584,0,train
1281,arctic monkeys,fake tales of san francisco,arctic monkeys / fake tales of san francisco,530,0,train
1282,marcio faraco,sarapatel humano,marcio faraco / sarapatel humano,1281,0,test
1283,fu-schnickens,true fuschnick,fu-schnickens / true fuschnick,1282,0,train
1284,public announcement,body bumpin yippie-yi-yo,public announcement / body bumpin yippie-yi-yo,1283,1,validation
1285,color me badd,all 4 love,color me badd / all 4 love,776,1,test
1286,kenny chesney,who youd be today,kenny chesney / who youd be today,983,1,train
1287,no doubt,simple kind of life,no doubt / simple kind of life,955,1,train
1288,rhian sheehan,degrees of freedom,rhian sheehan / degrees of freedom,166,0,validation
1289,goose,everybody,goose / everybody,382,0,train
1290,pride tiger,56 days,pride tiger / 56 days,1289,0,test
1291,the pineapple thief,run a mile,the pineapple thief / run a mile,929,0,train
1292,arthur tracy,red sails in the sunset,arthur tracy / red sails in the sunset,1291,0,test
1293,american idol finalists season 4,when you tell me that you love me,american idol finalists season 4 / when you tell me that you love me,1292,1,train
1295,kathy mattea,sally in the garden,kathy mattea / sally in the garden,1293,0,train
1296,pyranja,nie wieder (live version),pyranja / nie wieder (live version),1294,0,train
1297,gorillaz,all alone (live),gorillaz / all alone (live),297,0,train
1298,gwen stefani,wind it up,gwen stefani / wind it up,1296,1,validation
1299,agnostic front,sickness,agnostic front / sickness,786,0,test
1300,bobby brown,thats the way love is,bobby brown / thats the way love is,1298,1,train
1301,tracy lawrence,paint me a birmingham,tracy lawrence / paint me a birmingham,1299,1,test
1302,junior reid,no loafting,junior reid / no loafting,1300,0,train
1303,jeremy spencer,it hurts me too,jeremy spencer / it hurts me too,1301,0,train
1304,seal,prayer for the dying (live in paris),seal / prayer for the dying (live in paris),1078,0,validation
1305,les malpolis,les amours de nathalie,les malpolis / les amours de nathalie,114,0,test
1306,martina mcbride,heart trouble,martina mcbride / heart trouble,224,0,test
1307,shadows fall,crushing belial,shadows fall / crushing belial,676,0,validation
1308,the dillinger escape plan,sugar coated sour,the dillinger escape plan / sugar coated sour,994,0,train
1309,don & juan,are you putting me on the shelf,don & juan / are you putting me on the shelf,1307,0,test
1310,jennifer lopez,still,jennifer lopez / still,348,0,validation
1311,skyclad,the one piece puzzle,skyclad / the one piece puzzle,1309,0,test
1312,jellyfish,babys coming back,jellyfish / babys coming back,1310,1,validation
1313,shae jones,talk show shhh!,shae jones / talk show shhh!,1311,1,train
1314,t-pain,reverse cowgirl,t-pain / reverse cowgirl,1312,1,test
1315,cece winans,life,cece winans / life,1313,0,train
1316,bassturk,unutmam,bassturk / unutmam,1314,0,validation
1317,carl crack,sonnenfreunde,carl crack / sonnenfreunde,1315,0,train
1318,novembre,triesteitaliana,novembre / triesteitaliana,1316,0,train
1319,flamin groovies,carol,flamin groovies / carol,1317,0,train
1320,the black crowes,sting me,the black crowes / sting me,494,0,test
1321,valient thorr,problem solver,valient thorr / problem solver,1319,0,test
1322,hey colossus,the book of disquiet,hey colossus / the book of disquiet,1320,0,train
1323,daniel bedingfield,if youre not the one,daniel bedingfield / if youre not the one,1321,1,validation
1324,a tribe called quest,get a hold,a tribe called quest / get a hold,1034,0,train
1325,samy deluxe,denk,samy deluxe / denk,1323,0,validation
1326,placebo,the never-ending why,placebo / the never-ending why,1152,0,train
1327,b*witched,cest la vie,b*witched / cest la vie,345,1,train
1328,kris kross,live and die for hip hop,kris kross / live and die for hip hop,1326,1,validation
1329,miossec,que devient ton poing quand tu tends les doigts,miossec / que devient ton poing quand tu tends les doigts,1084,0,train
1330,statues,the last stand,statues / the last stand,1328,0,train
1331,sade,slave song,sade / slave song,651,0,test
1332,taylor swift,mean,taylor swift / mean,250,1,train
1333,steve vai,the murder prologue,steve vai / the murder prologue,679,0,train
1334,da brat,thats what im looking for,da brat / thats what im looking for,1332,1,test
1335,glee cast,im a slave 4 u,glee cast / im a slave 4 u,57,1,train
1336,3 doors down,kryptonite,3 doors down / kryptonite,272,1,train
1337,casiotone for the painfully alone,white jetta,casiotone for the painfully alone / white jetta,1335,0,test
1338,big punisher featuring donell jones,its so hard,big punisher featuring donell jones / its so hard,1336,1,train
1339,martina mcbride,pick me up on your way down,martina mcbride / pick me up on your way down,224,0,test
1340,gary go,open arms,gary go / open arms,1338,0,train
1341,ec8or,cocain ducks,ec8or / cocain ducks,1339,0,train
1342,snowgoons,starlight,snowgoons / starlight,879,0,test
1343,poncho sanchez / dianne reeves,morning,poncho sanchez / dianne reeves / morning,1341,0,train
1344,pedro luis e a parede,soul,pedro luis e a parede / soul,1342,0,train
1345,da brat,fa all yall,da brat / fa all yall,1332,1,test
1346,the dylans,i hope the weather stays fine (remix),the dylans / i hope the weather stays fine (remix),1344,0,train
1347,shinedown,save me,shinedown / save me,912,1,test
1348,year long disaster,stranger in my room,year long disaster / stranger in my room,1346,0,validation
1349,glee cast,(ive had) the time of my life,glee cast / (ive had) the time of my life,57,1,train
1350,lupe fiasco,the show goes on,lupe fiasco / the show goes on,1348,1,train
1351,atb,marrakech,atb / marrakech,1349,0,test
1352,marcie blane,wer einmal a gesagt (what does a girl do?),marcie blane / wer einmal a gesagt (what does a girl do?),1350,0,train
1353,lindsay lohan,confessions of a broken heart (daughter to father),lindsay lohan / confessions of a broken heart (daughter to father),1351,1,train
1354,isabel pantoja,limosna de amores,isabel pantoja / limosna de amores,435,0,train
1355,billy joel,all about soul,billy joel / all about soul,1353,1,train
1356,rick ross,hustlin,rick ross / hustlin,1354,1,train
1357,system of a down,streamline,system of a down / streamline,131,0,train
1358,pacha massive,take the wheel,pacha massive / take the wheel,1356,0,train
1359,iggy and the stooges,raw power,iggy and the stooges / raw power,1357,0,train
1360,james newton howard,the burp heard round the world,james newton howard / the burp heard round the world,567,0,train
1361,baby bash / grimm,changed my life,baby bash / grimm / changed my life,1359,0,train
1362,tshala muana,banda yango,tshala muana / banda yango,1360,0,test
1363,bounty killer,gun thirsty,bounty killer / gun thirsty,328,0,test
1364,gloria estefan,seal our fate,gloria estefan / seal our fate,1362,1,test
1365,hoobastank,running away,hoobastank / running away,1363,1,train
1366,tlc,girl talk,tlc / girl talk,782,1,train
1367,cross country,in the midnight hour,cross country / in the midnight hour,633,0,test
1368,eminem,the way i am,eminem / the way i am,94,0,validation
1369,mobb deep,up north trip,mobb deep / up north trip,1175,0,train
1370,stereo mcs,elevate my mind,stereo mcs / elevate my mind,1368,1,test
1371,quadro nuevo,swing vagabond,quadro nuevo / swing vagabond,7,0,train
1372,noah lewis,devil in the wood pile,noah lewis / devil in the wood pile,1370,0,train
1373,richard marx,take this heart,richard marx / take this heart,493,1,train
1374,alex gopher,song for paul,alex gopher / song for paul,1372,0,train
1375,auf der maur,taste you,auf der maur / taste you,1373,0,train
1376,gisselle,tocame,gisselle / tocame,1374,0,validation
1377,defari,xtra thump (featuring tash from tha alkaholiks),defari / xtra thump (featuring tash from tha alkaholiks),1375,0,train
1378,the radio dept,mad about the boy,the radio dept / mad about the boy,1376,0,train
1379,cracker,shake some action,cracker / shake some action,1234,0,test
1380,owsley,class clown/good old days (reprise),owsley / class clown/good old days (reprise),1378,0,train
1381,disturbed,stricken,disturbed / stricken,1379,1,train
1382,alan jackson,it must be love,alan jackson / it must be love,594,1,validation
1383,glee cast,like a virgin,glee cast / like a virgin,57,1,train
1384,dokken,disease,dokken / disease,1382,0,test
1385,big audio,the globe,big audio / the globe,1383,1,train
1386,natural elements,mayday,natural elements / mayday,1384,0,train
1387,helen love,bigbigkiss,helen love / bigbigkiss,1036,0,train
1388,kalimba,al final,kalimba / al final,366,0,train
1389,dons,american lovebite,dons / american lovebite,947,0,train
1390,meat loaf,rock and roll dreams come through,meat loaf / rock and roll dreams come through,1132,1,validation
1391,teena marie,how can you resist it,teena marie / how can you resist it,1389,0,train
1392,bee gees,paying the price of love,bee gees / paying the price of love,1390,1,train
1393,nana mouskouri,only you,nana mouskouri / only you,1391,0,validation
1394,hem,have yourself a merry little christmas,hem / have yourself a merry little christmas,417,0,train
1395,becoming the archetype,ex nihilo,becoming the archetype / ex nihilo,1393,0,test
1396,rachel portman,the letters,rachel portman / the letters,827,0,train
1397,mystikal,bouncin back (bumpin me against the wall),mystikal / bouncin back (bumpin me against the wall),1395,1,train
1398,hey colossus,45 pounds,hey colossus / 45 pounds,1320,0,train
1399,black eyed peas,tell your momma come,black eyed peas / tell your momma come,1397,0,train
1400,house of lords,rock bottom,house of lords / rock bottom,1398,0,train
1401,kings of leon,wicker chair,kings of leon / wicker chair,812,0,train
1402,abijah,the rock,abijah / the rock,116,0,train
1403,bare jr.,tobacco spit,bare jr. / tobacco spit,1401,0,train
1404,dave hollister,i know i can,dave hollister / i know i can,151,0,train
1405,k.m.c. kru,the devil came up to michigan,k.m.c. kru / the devil came up to michigan,1403,1,validation
1406,session americana,ice cream man,session americana / ice cream man,1404,0,train
1407,pascal sangla,assis par terre,pascal sangla / assis par terre,68,0,test
1408,the almost,books & books,the almost / books & books,303,0,train
1409,finntroll,hel vete,finntroll / hel vete,283,0,train
1410,glee cast,gives you hell,glee cast / gives you hell,57,1,train
1411,tanto metro & devonte,everyone falls in love,tanto metro & devonte / everyone falls in love,1409,1,test
1412,suicidal tendencies,monopoly on sorrow,suicidal tendencies / monopoly on sorrow,1410,0,train
1413,shaggy,oh carolina,shaggy / oh carolina,613,1,train
1414,enrique iglesias,dicen por ahi,enrique iglesias / dicen por ahi,1412,0,test
1415,laurie berkner,ice cream cone,laurie berkner / ice cream cone,207,0,train
1416,gary allan,right where i need to be,gary allan / right where i need to be,258,1,validation
1417,heather headley,in my mind,heather headley / in my mind,1415,1,train
1418,dru down,can you feel me,dru down / can you feel me,1416,1,train
1419,grayson capps,give it to me,grayson capps / give it to me,398,0,train
1420,africando,lindas africanas,africando / lindas africanas,1418,0,train
1421,rascal flatts,winner at a losing game,rascal flatts / winner at a losing game,252,1,train
1422,phantom planet,after hours,phantom planet / after hours,1420,0,test
1423,chris brown,this christmas,chris brown / this christmas,905,1,train
1424,ashley tisdale,be good to me,ashley tisdale / be good to me,1422,1,train
1425,youves,on probation,youves / on probation,1423,0,test
1426,missy elliott,we run this,missy elliott / we run this,1260,1,train
1427,jope ruonansuu,aattelepa ite,jope ruonansuu / aattelepa ite,1425,0,validation
1428,gin blossoms,found out about you,gin blossoms / found out about you,1426,1,test
1429,bee gees,still waters (run deep),bee gees / still waters (run deep),1390,1,train
1430,bobaflex,medicine,bobaflex / medicine,1428,0,train
1431,matisyahu,refuge,matisyahu / refuge,742,0,validation
1432,melissa etheridge,come to my window,melissa etheridge / come to my window,874,1,validation
1433,the lemonheads,into your arms,the lemonheads / into your arms,1431,1,train
1434,bone thugs-n-harmony,1st of tha month,bone thugs-n-harmony / 1st of tha month,576,1,train
1435,information society,more to this,information society / more to this,384,0,train
1436,jennifer lopez featuring fat joe,hold you down,jennifer lopez featuring fat joe / hold you down,1434,1,train
1437,danielle bollinger,when the broken hearted love again,danielle bollinger / when the broken hearted love again,274,0,train
1438,eric burdon,motorcycle girl,eric burdon / motorcycle girl,1436,0,train
1439,pepe kalle,roger milla,pepe kalle / roger milla,1437,0,train
1440,emilia,big big world,emilia / big big world,1438,1,validation
1441,faithless,insomnia,faithless / insomnia,1148,1,train
1442,natalie merchant,wonder,natalie merchant / wonder,326,1,train
1443,staind,price to play,staind / price to play,1441,1,test
1444,ne-yo,miss independent,ne-yo / miss independent,161,1,test
1445,cypress hill,insane in the brain,cypress hill / insane in the brain,192,1,train
1446,broadcast,where youth and laughter go,broadcast / where youth and laughter go,125,0,train
1447,q-tip,breathe and stop,q-tip / breathe and stop,1445,1,train
1448,kelly clarkson,a moment like this,kelly clarkson / a moment like this,1446,1,train
1449,junior kimbrough,all night long,junior kimbrough / all night long,1447,0,train
1450,the proclaimers,im gonna be (500 miles),the proclaimers / im gonna be (500 miles),1448,1,validation
1451,miranda lambert,more like her,miranda lambert / more like her,1239,1,train
1452,white willow,the dark road,white willow / the dark road,1135,0,train
1453,basement jaxx,la photo,basement jaxx / la photo,1052,0,train
1454,kalimba,no volveras a mi,kalimba / no volveras a mi,366,0,train
1455,walter ego,purple pygmies,walter ego / purple pygmies,1453,0,train
1456,michael buble,save the last dance for me,michael buble / save the last dance for me,1454,1,train
1457,metallica,hero of the day,metallica / hero of the day,87,1,test
1458,arsonists get all the girls,violence in fluid triceratops,arsonists get all the girls / violence in fluid triceratops,1456,0,train
1459,the prodigy,firestarter,the prodigy / firestarter,1457,1,test
1460,basic channel,q loop,basic channel / q loop,984,0,train
1461,kris kross,tonites tha night,kris kross / tonites tha night,1326,1,validation
1462,ini kamoze,here comes the hotstepper,ini kamoze / here comes the hotstepper,1460,0,test
1463,m2m,mirror mirror,m2m / mirror mirror,1461,1,validation
1464,mark morrison,moan & groan,mark morrison / moan & groan,1462,1,test
1465,hubert kah,raketen,hubert kah / raketen,1463,0,train
1466,andru donalds,mishale,andru donalds / mishale,1464,1,train
1467,j.b. lenoir,the mojo,j.b. lenoir / the mojo,1465,0,train
1468,mariachi silvestre vargas,cielito lindo,mariachi silvestre vargas / cielito lindo,1466,0,train
1469,blind blake,dry bone shuffle,blind blake / dry bone shuffle,1467,0,train
1470,gillette,mr. personality,gillette / mr. personality,1468,1,train
1471,martina mcbride,anyway,martina mcbride / anyway,224,1,test
1472,vanessa hudgens,say ok,vanessa hudgens / say ok,1183,1,validation
1473,dierks bentley,come a little closer,dierks bentley / come a little closer,1471,1,validation
1474,jope ruonansuu,aulis gerlander,jope ruonansuu / aulis gerlander,1425,0,validation
1475,goo goo dolls,broadway,goo goo dolls / broadway,466,1,test
1476,geier sturzflug,schwarzarbeit,geier sturzflug / schwarzarbeit,1474,0,train
1477,lot lorien,byal ravnec,lot lorien / byal ravnec,1475,0,train
1478,george strait,meanwhile,george strait / meanwhile,154,1,train
1479,be bop deluxe,sister seagull (live),be bop deluxe / sister seagull (live),1477,0,test
1480,riddlin kids,stop the world,riddlin kids / stop the world,1478,0,train
1481,iyaz,solo,iyaz / solo,1479,1,train
1482,rise against,swing life away,rise against / swing life away,806,0,test
1483,stephen pearcy,freak,stephen pearcy / freak,1481,0,train
1484,luther vandross,your secret love,luther vandross / your secret love,112,1,train
1485,lost boyz,renee,lost boyz / renee,1196,1,train
1486,taylor swift,speak now,taylor swift / speak now,250,1,train
1487,goatwhore,forever consumed oblivion,goatwhore / forever consumed oblivion,1485,0,train
1488,heavy d,private dancer,heavy d / private dancer,1089,0,train
1489,paul thorn,mood ring,paul thorn / mood ring,1487,0,train
1490,horace andy,musical episode,horace andy / musical episode,1488,0,train
1491,after 7,heat of the moment,after 7 / heat of the moment,1489,1,validation
1492,amorphis,and i hear you call,amorphis / and i hear you call,730,0,train
1493,bobby pulido,mi alma esta enamorada,bobby pulido / mi alma esta enamorada,779,0,train
1494,twila paris,perfect peace,twila paris / perfect peace,1492,0,train
1495,savage garden,you can still be free,savage garden / you can still be free,1493,0,validation
1496,eluveitie,primordial breath,eluveitie / primordial breath,1257,0,train
1497,enrique iglesias,do you know? (the ping pong song),enrique iglesias / do you know? (the ping pong song),1412,0,test
1498,crucial conflict,ride out dip,crucial conflict / ride out dip,1496,0,train
1499,dolores keane,telling me lies,dolores keane / telling me lies,47,0,train
1500,shawn mullins,lullaby,shawn mullins / lullaby,1498,1,validation
1501,darryl worley,those less fortunate than i,darryl worley / those less fortunate than i,1221,0,train
1502,avril lavigne,complicated,avril lavigne / complicated,936,1,train
1503,josh groban,mi morena (revised live version),josh groban / mi morena (revised live version),910,0,test
1504,black debbath,ville eyolf,black debbath / ville eyolf,1502,0,test
1505,slim whitman,cattle call,slim whitman / cattle call,1121,0,test
1506,tracie spencer,still in my heart,tracie spencer / still in my heart,1504,1,train
1507,imani coppola,legend of a cowgirl,imani coppola / legend of a cowgirl,1505,1,test
1508,big punisher,im not a player,big punisher / im not a player,1506,1,train
1509,cherish,unappreciated,cherish / unappreciated,1507,1,validation
1510,open hand,never alone,open hand / never alone,1508,0,validation
1511,eyes set to kill,liar in the glass,eyes set to kill / liar in the glass,145,0,test
1512,t.i.,no matter what,t.i. / no matter what,317,1,train
1513,lexie mountain boys,where we are from,lexie mountain boys / where we are from,564,0,train
1514,beyonce,ring the alarm,beyonce / ring the alarm,255,1,train
1515,blaque,bring it all to me,blaque / bring it all to me,1513,1,validation
1516,spongebob squarepants,ripped pants,spongebob squarepants / ripped pants,1514,0,validation
1517,the brand new heavies,dream on dreamer,the brand new heavies / dream on dreamer,1515,1,train
1518,hem,when i was drinking,hem / when i was drinking,417,0,train
1519,kathy mattea,the southern soldier boy,kathy mattea / the southern soldier boy,1293,0,train
1520,the suicide machines,burning in the aftermath,the suicide machines / burning in the aftermath,1518,0,train
1521,tha liks,da da da da,tha liks / da da da da,625,0,test
1522,aesop rock,coma,aesop rock / coma,1020,0,validation
1523,malkit singh,dhol ton bina,malkit singh / dhol ton bina,1521,0,train
1524,charlotte gainsbourg,irm,charlotte gainsbourg / irm,1522,0,test
1525,andrew w.k.,long live the party,andrew w.k. / long live the party,441,0,train
1526,kassav,an mouvman,kassav / an mouvman,1524,0,test
1527,rick astley,close to you,rick astley / close to you,77,0,train
1528,rise against,amber changing,rise against / amber changing,806,0,test
1529,busta rhymes,we got what you want,busta rhymes / we got what you want,1527,0,test
1530,sade,no ordinary love,sade / no ordinary love,651,1,test
1531,mack 10,backyard boogie,mack 10 / backyard boogie,1529,1,train
1532,pink floyd,take it back,pink floyd / take it back,1530,1,train
1533,placebo,every you every me (infected by the scourge of the earth),placebo / every you every me (infected by the scourge of the earth),1152,0,train
1534,jazzy b,soorma,jazzy b / soorma,1532,0,train
1535,shania twain,im gonna getcha good!,shania twain / im gonna getcha good!,1110,1,train
1536,sapo,eduardo,sapo / eduardo,1534,0,train
1537,anita baker,body & soul,anita baker / body & soul,1535,1,test
1538,jennifer lopez,baby i love u,jennifer lopez / baby i love u,348,1,validation
1539,abraham laboriel,guidum,abraham laboriel / guidum,1537,0,train
1540,various production,wot u say,various production / wot u say,1197,0,train
1541,james taylor quartet,got to give it up,james taylor quartet / got to give it up,1539,0,test
1542,audio adrenaline,my god  (audio adrenaline album version),audio adrenaline / my god (audio adrenaline album version),1540,0,train
1543,tracie spencer,this time make it funky,tracie spencer / this time make it funky,1504,1,train
1544,colin james,better days,colin james / better days,1542,0,validation
1545,drs,gangsta lean,drs / gangsta lean,1543,1,train
1546,anthony hamilton,cant let go,anthony hamilton / cant let go,1544,1,train
1547,keith anderson,every time i hear your name,keith anderson / every time i hear your name,1545,1,validation
1548,steve vai,fire,steve vai / fire,679,0,train
1549,george lopez,memories,george lopez / memories,289,0,test
1550,marc shaiman,best in la,marc shaiman / best in la,1548,0,train
1551,les ogres de barback,printemps,les ogres de barback / printemps,1049,0,validation
1552,alicia keys,if i aint got you,alicia keys / if i aint got you,439,1,train
1553,dimmu borgir,the chosen legacy,dimmu borgir / the chosen legacy,484,0,test
1554,toby keith,trailerhood,toby keith / trailerhood,270,1,train
1555,zeca baleiro,blues do elevador,zeca baleiro / blues do elevador,1011,0,validation
1556,jonny lang,the one i got,jonny lang / the one i got,529,0,train
1557,taking back sunday,makedamnsure,taking back sunday / makedamnsure,1555,1,train
1558,az,aziatic (outro),az / aziatic (outro),1556,0,train
1559,juanes,lo que me gusta a mi,juanes / lo que me gusta a mi,1557,1,train
1560,cherrelle,into my eyes,cherrelle / into my eyes,1558,0,train
1561,dimmu borgir,the fundamental alienation,dimmu borgir / the fundamental alienation,484,0,test
1562,soul asylum,lies of hate,soul asylum / lies of hate,1560,0,train
1563,aerosmith,pink,aerosmith / pink,490,1,train
1564,malkit singh,hai shava,malkit singh / hai shava,1521,0,train
1565,steve morse,prognosis,steve morse / prognosis,1563,0,train
1566,the presets,yippiyo-ay,the presets / yippiyo-ay,13,0,test
1567,rihanna,unfaithful,rihanna / unfaithful,1236,1,validation
1568,michelle branch,are you happy now?,michelle branch / are you happy now?,1566,1,train
1569,pelle carlberg,clever girls like clever boys much more than clever boys like clever girls,pelle carlberg / clever girls like clever boys much more than clever boys like clever girls,1567,0,validation
1570,josh gracin,we werent crazy,josh gracin / we werent crazy,1568,1,test
1571,for squirrels,superstar,for squirrels / superstar,1569,0,test
1572,buzzcocks,no reply (demo),buzzcocks / no reply (demo),1570,0,train
1573,newfound road,brand new broken heart,newfound road / brand new broken heart,1571,0,test
1574,maxi priest,groovin in the midnight,maxi priest / groovin in the midnight,1572,1,train
1575,linkin park,faint,linkin park / faint,911,1,validation
1576,snow,informer,snow / informer,17,1,train
1577,red hot chili peppers,dani california,red hot chili peppers / dani california,82,1,train
1578,alan jackson,gone crazy,alan jackson / gone crazy,594,1,validation
1579,glee cast,bust a move,glee cast / bust a move,57,1,train
1580,onyx,wet the club,onyx / wet the club,1578,0,train
1581,pepper,freeze,pepper / freeze,433,0,validation
1582,silverchair,roses,silverchair / roses,1580,0,train
1583,big maybelle,tell me who,big maybelle / tell me who,1581,0,train
1584,mr. big,aint seen love like that,mr. big / aint seen love like that,1582,1,train
1585,alice in chains,i know somethin (bout you),alice in chains / i know somethin (bout you),43,0,train
1586,kool keith,wanna be a star,kool keith / wanna be a star,1584,0,validation
1587,amanda marshall,birmingham,amanda marshall / birmingham,1585,1,train
1588,deepest blue,is it a sin,deepest blue / is it a sin,1586,0,test
1589,joey mcintyre,stay the same,joey mcintyre / stay the same,1587,1,train
1590,rubyhorse,evergreen,rubyhorse / evergreen,1588,0,train
1591,delirious,god you are my god,delirious / god you are my god,1589,0,test
1592,504 boyz,wobble wobble,504 boyz / wobble wobble,1590,1,test
1593,jaguares,el momento,jaguares / el momento,1591,0,test
1594,tina ann,rules of attraction (chris cox),tina ann / rules of attraction (chris cox),1592,0,validation
1595,busta rhymes,taste it,busta rhymes / taste it,1527,0,test
1596,dee clark,just keep it up,dee clark / just keep it up,1594,0,train
1597,alice in chains,god smack,alice in chains / god smack,43,0,train
1598,rupaul,snapshot,rupaul / snapshot,1596,1,test
1599,danny barnes,cumberland gap,danny barnes / cumberland gap,1597,0,train
1600,paul cantelon,mary in labor,paul cantelon / mary in labor,608,0,train
1601,the antlers,the carrying arms,the antlers / the carrying arms,1599,0,test
1602,abraham laboriel,exchange,abraham laboriel / exchange,1537,0,train
1603,mulberry lane,harmless,mulberry lane / harmless,1601,1,validation
1604,the prodigy,what evil lurks,the prodigy / what evil lurks,1457,0,test
1605,the script,for the first time,the script / for the first time,1603,1,train
1606,elvin bishop,party til the cows come home,elvin bishop / party til the cows come home,1604,0,test
1607,bob marley & the wailers,smile jamaica,bob marley & the wailers / smile jamaica,1605,0,test
1608,the cardigans,explode,the cardigans / explode,156,0,train
1609,sub focus,juno,sub focus / juno,1607,0,validation
1610,glee cast,"hello, i love you","glee cast / hello, i love you",57,1,train
1611,orbital,adnans,orbital / adnans,127,0,validation
1612,mikaila,so in love with two,mikaila / so in love with two,1610,1,train
1613,tlc,dear lie,tlc / dear lie,782,1,train
1614,loudon wainwright iii,rowena,loudon wainwright iii / rowena,1101,0,test
1615,aaron hall,all the places (i will kiss you),aaron hall / all the places (i will kiss you),1613,1,train
1616,michael jackson,stranger in moscow,michael jackson / stranger in moscow,254,1,test
1617,dark fortress,incide,dark fortress / incide,189,0,train
1618,50 cent,wanksta,50 cent / wanksta,241,1,validation
1619,linkin park,leave out all the rest,linkin park / leave out all the rest,911,1,validation
1620,charlie rich,nice n easy,charlie rich / nice n easy,1618,0,validation
1621,chroma key,salvation,chroma key / salvation,1619,0,train
1622,capone-n-noreaga,beef,capone-n-noreaga / beef,1620,0,train
1623,klaus badelt,time travel,klaus badelt / time travel,89,0,train
1624,beyonce featuring slim thug,check on it,beyonce featuring slim thug / check on it,1622,1,test
1625,whitney houston,i have nothing,whitney houston / i have nothing,623,1,test
1626,marshall crenshaw,rave on (live 1982),marshall crenshaw / rave on (live 1982),1624,0,train
1627,wreckx-n-effect,knock-n-boots,wreckx-n-effect / knock-n-boots,1625,1,validation
1628,martin sexton,caught in the rain,martin sexton / caught in the rain,1626,0,test
1629,p!nk,u + ur hand,p!nk / u + ur hand,736,1,train
1630,lady antebellum,ready to love again,lady antebellum / ready to love again,1628,1,train
1631,jackie edwards,ali baba,jackie edwards / ali baba,1629,0,train
1632,usher,i need love,usher / i need love,257,0,train
1633,the tony rich project,like a woman,the tony rich project / like a woman,1631,1,train
1634,danity kane,damaged,danity kane / damaged,1632,1,train
1635,delbert mcclinton,lover in demand,delbert mcclinton / lover in demand,1232,0,train
1636,shaggy,criteria,shaggy / criteria,613,0,train
1637,the outhere brothers,boom boom boom,the outhere brothers / boom boom boom,1635,1,train
1638,zo2,isolate,zo2 / isolate,1636,0,test
1639,mance lipscomb,so different blues,mance lipscomb / so different blues,766,0,validation
1640,willie isz,violet heart box,willie isz / violet heart box,1638,0,train
1641,super cat,girlstown,super cat / girlstown,855,1,validation
1642,baroness,grad,baroness / grad,104,0,train
1643,donnie mcclurkin,psalm 27,donnie mcclurkin / psalm 27,1641,0,test
1644,katy perry,not like the movies,katy perry / not like the movies,1091,1,train
1645,marlene dietrich,auf der mundharmonika,marlene dietrich / auf der mundharmonika,1643,0,train
1646,irma thomas,river is waiting,irma thomas / river is waiting,55,0,train
1647,the tragically hip,country day,the tragically hip / country day,1645,0,train
1648,4him,you are holy,4him / you are holy,1646,0,validation
1649,the birds,no good without you,the birds / no good without you,1647,0,test
1650,soilent green,daydreaming the color of blood,soilent green / daydreaming the color of blood,1648,0,train
1651,zac brown band,free,zac brown band / free,262,1,train
1652,vulgar pigeons,o.r.p.,vulgar pigeons / o.r.p.,1650,0,train
1653,les ogres de barback,femme du guerrier,les ogres de barback / femme du guerrier,1049,0,validation
1654,alicia keys,how come you dont call me,alicia keys / how come you dont call me,439,1,train
1655,brenda lee,everybody loves me but you,brenda lee / everybody loves me but you,1653,0,train
1656,chiddy bang,opposite of adults,chiddy bang / opposite of adults,1654,1,train
1657,def leppard,miss you in a heartbeat,def leppard / miss you in a heartbeat,1655,1,train
1658,phil vassar,ill take that as a yes (the hot tub song),phil vassar / ill take that as a yes (the hot tub song),70,1,train
1659,eddie money,heaven in the back seat,eddie money / heaven in the back seat,1657,1,train
1660,remmy ongala,karola,remmy ongala / karola,1658,0,test
1661,dj harry,round the wheel,dj harry / round the wheel,30,0,train
1662,big star,till the end of the day (alternate mix),big star / till the end of the day (alternate mix),1660,0,validation
1663,nick jonas & the administration,who i am,nick jonas & the administration / who i am,277,1,test
1664,joe mcbride,all in,joe mcbride / all in,1662,0,test
1665,ne-yo,closer,ne-yo / closer,161,1,test
1666,new edition,hot 2nite,new edition / hot 2nite,1664,1,train
1667,incubus,a crow left of the murder,incubus / a crow left of the murder,895,0,validation
1668,linkin park,bleed it out,linkin park / bleed it out,911,1,validation
1669,the almost,summer summer,the almost / summer summer,303,0,train
1670,ralph tresvant,sensitivity,ralph tresvant / sensitivity,1668,1,train
1671,xzibit,x,xzibit / x,1669,1,train
1672,arthur tracy,so do i,arthur tracy / so do i,1291,0,test
1673,stefon harris,alovi,stefon harris / alovi,1671,0,train
1674,queens of the stone age,little sister,queens of the stone age / little sister,920,1,validation
1675,neviss,epilog,neviss / epilog,695,0,validation
1676,sigmatropic,the blue side of the sun,sigmatropic / the blue side of the sun,1674,0,train
1677,tyr,grial ii,tyr / grial ii,1675,0,train
1678,daddy yankee,descontrol,daddy yankee / descontrol,1676,0,train
1679,sandi thom,wounded hearts,sandi thom / wounded hearts,546,0,validation
1680,grandpa jones,falling leaves,grandpa jones / falling leaves,1678,0,validation
1681,johannes linstead,guayabera,johannes linstead / guayabera,349,0,train
1682,paramore,decode,paramore / decode,9,1,train
1683,wendy moten,make this love last,wendy moten / make this love last,1681,0,train
1684,ll cool j,6 minutes of pleasure,ll cool j / 6 minutes of pleasure,401,1,test
1685,bury your dead,closed eyes,bury your dead / closed eyes,1683,0,validation
1686,dishwalla,counting blue cars,dishwalla / counting blue cars,1684,1,train
1687,astarte,risen from within,astarte / risen from within,296,0,test
1688,marcus miller,3 deuces,marcus miller / 3 deuces,1686,0,test
1689,randy travis,three wooden crosses,randy travis / three wooden crosses,1687,1,train
1690,trustcompany,downfall,trustcompany / downfall,1688,1,validation
1691,nightfall,so(u)l invictus,nightfall / so(u)l invictus,1689,0,test
1692,smartbomb,complicate it,smartbomb / complicate it,1690,0,train
1693,damian dame,exclusivity,damian dame / exclusivity,1691,1,train
1694,nic endo,future prospects,nic endo / future prospects,1692,0,test
1695,firehose,towin the line,firehose / towin the line,1693,0,validation
1696,ginuwine,stingy,ginuwine / stingy,313,1,test
1697,galactic,think back,galactic / think back,681,0,train
1698,lee ann womack,a little past little rock,lee ann womack / a little past little rock,1696,1,test
1699,sarah mclachlan,i will remember you (live),sarah mclachlan / i will remember you (live),1697,1,train
1700,blue october,my never,blue october / my never,176,0,test
1701,missy elliott,im really hot,missy elliott / im really hot,1260,1,train
1702,saigon kick,love is on the way,saigon kick / love is on the way,119,1,train
1703,kraftwerk,autobahn (live),kraftwerk / autobahn (live),1701,0,train
1704,saving abel,addicted,saving abel / addicted,1702,1,test
1705,story of the year,swallow the knife (live) (segue),story of the year / swallow the knife (live) (segue),1703,0,train
1706,rascal flatts,here,rascal flatts / here,252,1,train
1707,flyleaf,all around me,flyleaf / all around me,1705,1,train
1708,mariah carey featuring da brat & jd,honey,mariah carey featuring da brat & jd / honey,1706,0,train
1709,toots thielemans,le temps des cerises,toots thielemans / le temps des cerises,1707,0,validation
1710,chelsea,right to work (live),chelsea / right to work (live),1708,0,validation
1711,chris cagle,laredo,chris cagle / laredo,1709,1,test
1712,jay & the americans,tomorrow,jay & the americans / tomorrow,209,0,train
1713,christina perri,jar of hearts,christina perri / jar of hearts,1711,1,train
1714,out of the grey,dreaming of april,out of the grey / dreaming of april,1712,0,validation
1715,beyonce,diva,beyonce / diva,255,1,train
1716,lil mama,lip gloss,lil mama / lip gloss,1714,1,train
1717,call to preserve,open your eyes,call to preserve / open your eyes,1715,0,train
1718,monica,all eyez on me,monica / all eyez on me,1716,1,test
1719,jennifer lopez,por arriesgarnos,jennifer lopez / por arriesgarnos,348,0,validation
1720,hot club of cowtown,cabiria,hot club of cowtown / cabiria,1718,0,train
1721,kathy troccoli,tell me where it hurts,kathy troccoli / tell me where it hurts,50,1,validation
1722,carrie underwood,cowboy casanova,carrie underwood / cowboy casanova,1066,1,train
1723,faith hill,there youll be,faith hill / there youll be,1111,1,validation
1724,jason aldean,why,jason aldean / why,930,1,train
1725,keb mo,the door,keb mo / the door,86,0,validation
1726,luciana souza,azul contente,luciana souza / azul contente,1724,0,validation
1727,every time i die,depressionista,every time i die / depressionista,1725,0,train
1728,schoolyard heroes,the last man on earth,schoolyard heroes / the last man on earth,1726,0,validation
1729,eagles,last good time in town,eagles / last good time in town,1727,0,train
1730,bongzilla,witch weed (live),bongzilla / witch weed (live),584,0,train
1731,bloomfield,boulevard st. germain,bloomfield / boulevard st. germain,1729,0,train
1732,jon b,pretty girl,jon b / pretty girl,1730,1,validation
1733,erick sermon,safe sex,erick sermon / safe sex,1731,0,train
1734,phil collins,youll be in my heart,phil collins / youll be in my heart,61,1,train
1735,blue rodeo,never look back,blue rodeo / never look back,1733,0,test
1736,zapp & roger,slow and easy,zapp & roger / slow and easy,1150,1,train
1737,jody watley,off the hook,jody watley / off the hook,1735,1,train
1738,nickelback,this afternoon,nickelback / this afternoon,767,1,train
1739,pennywise,6th avenue nightmare,pennywise / 6th avenue nightmare,1737,0,train
1741,tim mcgraw,felt good on my lips,tim mcgraw / felt good on my lips,205,1,validation
1742,jo dee messina,my give a damns busted,jo dee messina / my give a damns busted,1739,1,train
1743,jon b,dont talk,jon b / dont talk,1730,1,validation
1744,kitty wells,makin believe,kitty wells / makin believe,1741,0,train
1745,sugar minott,informer,sugar minott / informer,1742,0,train
1746,nick colionne,if you ask me,nick colionne / if you ask me,1743,0,train
1747,rebecca lynn howard,forgive,rebecca lynn howard / forgive,1744,1,train
1748,kapelle herrenweide,humppa,kapelle herrenweide / humppa,1745,0,train
1749,future leaders of the world,spotlight,future leaders of the world / spotlight,1746,0,train
1750,inhume,process to decelerate,inhume / process to decelerate,1747,0,train
1751,tanto metro & devonte,know your friends,tanto metro & devonte / know your friends,1409,0,test
1752,aly & aj,potential breakup song,aly & aj / potential breakup song,1749,1,train
1753,martin sexton,white christmas,martin sexton / white christmas,1626,0,test
1754,tha liks,intro,tha liks / intro,625,0,test
1755,soul ballet,tuscan chica,soul ballet / tuscan chica,1752,0,train
1756,frankee,gotta man,frankee / gotta man,1753,0,test
1757,little feat,down on the farm (2006 remastered edit version),little feat / down on the farm (2006 remastered edit version),1754,0,train
1758,pearl jam,inside job,pearl jam / inside job,531,0,test
1759,chuck wicks,if we loved,chuck wicks / if we loved,1756,0,train
1760,mannheim steamroller,the christmas song,mannheim steamroller / the christmas song,1757,0,test
1761,staind,so far away,staind / so far away,1441,1,test
1762,samy deluxe,die meisten,samy deluxe / die meisten,1323,0,validation
1763,lisa lynne,lake of dreams,lisa lynne / lake of dreams,1760,0,validation
1764,snap!,rhythm is a dancer,snap! / rhythm is a dancer,1761,1,train
1765,the knux,bang! bang!,the knux / bang! bang!,1762,0,train
1766,mat kearney,never be ready,mat kearney / never be ready,1763,0,train
1767,john ottman,entanglement,john ottman / entanglement,1764,0,train
1768,cornell campbell,got to tell the people,cornell campbell / got to tell the people,1765,0,test
1769,sergio mendes,puzzle of hearts,sergio mendes / puzzle of hearts,1766,0,test
1770,zbigniew preisner,morning at the hotel,zbigniew preisner / morning at the hotel,1253,0,test
1771,aaron watson,thats what i like about a country song,aaron watson / thats what i like about a country song,3,0,train
1772,adrienne pierce,laundry & dishes,adrienne pierce / laundry & dishes,1769,0,train
1773,carlos ponce,quiero,carlos ponce / quiero,431,0,train
1774,brooks & dunn,thats what she gets for loving me,brooks & dunn / thats what she gets for loving me,54,1,test
1775,r. kelly,thoia thoing,r. kelly / thoia thoing,512,1,validation
1776,joe lopez,me duele,joe lopez / me duele,1773,0,train
1777,john forte,ninety nine [flash the message],john forte / ninety nine [flash the message],1774,1,train
1778,moonspell,alma mater,moonspell / alma mater,58,0,train
1779,cocoa tea,cooling out,cocoa tea / cooling out,1776,0,validation
1780,brooks & dunn,my heart is lost to you,brooks & dunn / my heart is lost to you,54,1,test
1781,the cardigans,marvel hill,the cardigans / marvel hill,156,0,train
1782,n.e.r.d.,intro / time for some action,n.e.r.d. / intro / time for some action,1779,0,train
1783,strata,night falls (the weight of it),strata / night falls (the weight of it),452,0,train
1784,leann rimes,nothin bout love makes sense,leann rimes / nothin bout love makes sense,280,1,train
1785,faith hill,let me let go,faith hill / let me let go,1111,1,validation
1786,lisa lisa & cult jam,something bout love,lisa lisa & cult jam / something bout love,1783,0,train
1787,jordin sparks,one step at a time,jordin sparks / one step at a time,751,1,validation
1788,bob marley & the wailers,three little birds,bob marley & the wailers / three little birds,1605,0,test
1789,carlos vives,si es que te vas,carlos vives / si es que te vas,1786,0,test
1790,eddie turner,secret,eddie turner / secret,906,0,test
1791,aaron watson,whiskey on the fire,aaron watson / whiskey on the fire,3,0,train
1792,suga free,if u stay ready,suga free / if u stay ready,1789,1,train
1793,mithotyn,on misty pathways,mithotyn / on misty pathways,1790,0,train
1794,jay-z,99 problems,jay-z / 99 problems,1791,1,train
1795,frank stokes,sweet to mama,frank stokes / sweet to mama,966,0,train
1796,mandi,pieni maailma,mandi / pieni maailma,1793,0,validation
1797,kellie coffey,when you lie next to me,kellie coffey / when you lie next to me,1794,1,train
1798,tyrone wells,need,tyrone wells / need,1795,0,validation
1799,darren hayes,insatiable,darren hayes / insatiable,1796,1,validation
1800,floor,heather,floor / heather,1797,0,train
1801,hannah montana,make some noise,hannah montana / make some noise,33,1,validation
1802,skeletonwitch,sacrifice for the slaughtergod,skeletonwitch / sacrifice for the slaughtergod,1799,0,train
1803,tony matterhorn,dutty wine,tony matterhorn / dutty wine,1800,0,validation
1804,jaime urrutia,azzurro,jaime urrutia / azzurro,1801,0,train
1805,dru hill,in my bed,dru hill / in my bed,1802,1,train
1806,jonas brothers,bb good,jonas brothers / bb good,485,1,validation
1807,gerald clayton,scrimmage,gerald clayton / scrimmage,1804,0,train
1808,kings of leon,genius,kings of leon / genius,812,0,train
1809,method man,"the riddler (from batman forever"")""","method man / the riddler (from batman forever"")""",1806,1,train
1810,vhs or beta,forever,vhs or beta / forever,686,0,train
1811,n.w.a.,approach to danger (edited),n.w.a. / approach to danger (edited),1808,0,train
1812,beenie man,imagination,beenie man / imagination,37,0,test
1813,freedy johnston,bad reputation,freedy johnston / bad reputation,1810,1,validation
1814,toni braxton,you mean the world to me,toni braxton / you mean the world to me,4,1,train
1815,akon,dont matter,akon / dont matter,968,1,train
1816,michael jackson,black or white,michael jackson / black or white,254,1,test
1817,a tribe called quest,award tour,a tribe called quest / award tour,1034,1,train
1818,open hand,the ambush,open hand / the ambush,1508,0,validation
1819,alexandre desplat,le chagrin de coco,alexandre desplat / le chagrin de coco,1816,0,validation
1821,color me badd,i adore mi amor,color me badd / i adore mi amor,776,1,test
1822,luiz bonfa,samba de duas notas,luiz bonfa / samba de duas notas,1818,0,test
1823,the smashing pumpkins,real love,the smashing pumpkins / real love,318,0,train
1824,agnostic front,standing on my own,agnostic front / standing on my own,786,0,test
1825,sapo,el mes alt,sapo / el mes alt,1534,0,train
1826,precious bryant,blues all around my bed,precious bryant / blues all around my bed,1822,0,train
1827,lisa lynne,isla del luna,lisa lynne / isla del luna,1760,0,validation
1828,sunnyland slim,midnight jump,sunnyland slim / midnight jump,1824,0,test
1829,carlos ponce,todo lo que soy,carlos ponce / todo lo que soy,431,0,train
1830,taylor swift,white horse,taylor swift / white horse,250,1,train
1831,moments in grace,stratus (ep version),moments in grace / stratus (ep version),1827,0,test
1832,glee cast,its my life / confessions part ii,glee cast / its my life / confessions part ii,57,1,train
1833,nightwish,kuolema tekee taiteilijan,nightwish / kuolema tekee taiteilijan,997,0,validation
1834,the lord weird slough feg,beast in the broch,the lord weird slough feg / beast in the broch,1184,0,train
1835,nirvana,lithium,nirvana / lithium,190,1,train
1836,bill douglas,sapphire,bill douglas / sapphire,661,0,train
1837,los fabulosos cadillacs,la vida,los fabulosos cadillacs / la vida,697,0,train
1838,memphis minnie,pig meat on the line,memphis minnie / pig meat on the line,918,0,train
1839,celine dion,love can move mountains,celine dion / love can move mountains,1835,1,train
1840,jade,"i wanna love you (from class act"")""","jade / i wanna love you (from class act"")""",1836,1,train
1841,chris brown,run it!,chris brown / run it!,905,1,train
1842,dionne warwick,let it be me,dionne warwick / let it be me,1838,0,train
1843,a static lullaby,god bless you (goddamn it),a static lullaby / god bless you (goddamn it),1839,0,train
1845,keyshia cole,heaven sent,keyshia cole / heaven sent,1840,1,train
1846,puddle of mudd,blurry,puddle of mudd / blurry,121,1,train
1847,david arkenstone,the forgotten lands,david arkenstone / the forgotten lands,1842,0,validation
1848,rome,i belong to you (every time i see your face),rome / i belong to you (every time i see your face),1045,1,test
1849,joe nichols,whats a guy gotta do,joe nichols / whats a guy gotta do,329,1,train
1850,jesus jones,"right here, right now","jesus jones / right here, right now",1845,1,train
1851,rishi rich,jaan - interlude,rishi rich / jaan - interlude,1846,0,train
1852,mike jones,back then,mike jones / back then,1847,1,validation
1853,chris eaton,all or nothing,chris eaton / all or nothing,1848,0,train
1854,breaking benjamin,so cold,breaking benjamin / so cold,108,1,validation
1855,amil,anyday,amil / anyday,1850,0,train
1856,irwin goodman,yhteinen koti,irwin goodman / yhteinen koti,1851,0,train
1857,jeff wahl,waterfall,jeff wahl / waterfall,1852,0,validation
1858,sophie b. hawkins,i want you,sophie b. hawkins / i want you,734,0,train
1859,hi-five,i cant wait another minute,hi-five / i cant wait another minute,1854,1,train
1860,the jason bonham band,hold on,the jason bonham band / hold on,1855,0,test
1861,gloria estefan,youll be mine (party time),gloria estefan / youll be mine (party time),1362,1,test
1862,maxi priest,caution,maxi priest / caution,1572,0,train
1863,grizzly bear,deep blue sea (daniel rossen home recording),grizzly bear / deep blue sea (daniel rossen home recording),1858,0,train
1864,cirrus,boomerang (reprise),cirrus / boomerang (reprise),1859,0,train
1865,p.m. dawn,downtown venus,p.m. dawn / downtown venus,1860,1,train
1866,piero umiliani,apertura in jazz,piero umiliani / apertura in jazz,1861,0,validation
1867,usher,caught up,usher / caught up,257,1,train
1868,britt nicole,set the world on fire,britt nicole / set the world on fire,816,0,train
1869,korn,proud,korn / proud,51,0,train
1870,marcus miller,outro duction,marcus miller / outro duction,1686,0,test
1871,benabar,le zoo de vincennes,benabar / le zoo de vincennes,1866,0,train
1872,zombie girl,i want it,zombie girl / i want it,1151,0,train
1873,usher,u remind me,usher / u remind me,257,1,train
1874,jars of clay,love me,jars of clay / love me,460,0,validation
1875,youngbloodz,presidential,youngbloodz / presidential,1870,1,train
1876,toby keith,im just talkin about tonight,toby keith / im just talkin about tonight,270,1,train
1877,avant,makin good love,avant / makin good love,858,1,train
1878,the-dream,falsetto,the-dream / falsetto,1873,1,test
1879,tiny tim,i hold your hand in mine [live at royal albert hall],tiny tim / i hold your hand in mine [live at royal albert hall],1874,0,train
1880,toby keith,she never cried in front of me,toby keith / she never cried in front of me,270,1,train
1881,shedaisy,i will...but,shedaisy / i will...but,218,1,train
1882,wilshire,special,wilshire / special,1877,0,train
1883,the jason bonham band,bing,the jason bonham band / bing,1855,0,test
1884,martina mcbride,(i never promised you a) rose garden,martina mcbride / (i never promised you a) rose garden,224,1,test
1885,sportsguitar,fish,sportsguitar / fish,1880,0,validation
1886,u2,even better than the real thing,u2 / even better than the real thing,144,1,train
1887,usher,more,usher / more,257,1,train
1888,rascal flatts,i wont let go,rascal flatts / i wont let go,252,1,train
1889,alexisonfire,mailbox arson,alexisonfire / mailbox arson,1884,0,train
1890,the black crowes,roll old jeremiah,the black crowes / roll old jeremiah,494,0,test
1891,faithless,drifting away,faithless / drifting away,1148,0,train
1892,sade,morning bird,sade / morning bird,651,0,test
1893,the radio dept.,closing scene,the radio dept. / closing scene,1888,0,train
1894,the outfield,closer to me,the outfield / closer to me,1889,1,train
1895,charlie mccoy,night life,charlie mccoy / night life,1890,0,train
1896,sister hazel,cerilene,sister hazel / cerilene,867,0,train
1897,rise against,everchanging,rise against / everchanging,806,0,test
1898,nelly furtado,turn off the light,nelly furtado / turn off the light,708,1,train
1899,korn,ever be,korn / ever be,51,0,train
1900,ana popovic,shadow after dark,ana popovic / shadow after dark,1895,0,train
1901,charlie mccoy,columbus stockade blues,charlie mccoy / columbus stockade blues,1890,0,train
1902,patti smith,wing,patti smith / wing,1897,0,train
1903,gwen stefani,cool,gwen stefani / cool,1296,1,validation
1904,atman,all is one,atman / all is one,713,0,train
1905,blue rodeo,fools like you,blue rodeo / fools like you,1733,0,test
1906,alan jackson,work in progress,alan jackson / work in progress,594,1,validation
1907,john ottman,the people you care for,john ottman / the people you care for,1764,0,train
1908,chris brown,wall to wall,chris brown / wall to wall,905,1,train
1909,marco beltrami,dead hackers,marco beltrami / dead hackers,80,0,train
1910,gary allan,tough little boys,gary allan / tough little boys,258,1,validation
1911,cascada,everytime we touch,cascada / everytime we touch,1906,1,test
1912,randy travis,stranger in my mirror,randy travis / stranger in my mirror,1687,1,train
1913,cristian castro,amor eterno,cristian castro / amor eterno,1908,1,test
1914,shania twain,dont be stupid (you know i love you),shania twain / dont be stupid (you know i love you),1110,1,train
1915,matchbox twenty,if youre gone,matchbox twenty / if youre gone,1910,1,test
1916,the script,breakeven,the script / breakeven,1603,1,train
1917,jimi hendrix,voodoo chile blues,jimi hendrix / voodoo chile blues,1912,0,train
1918,hysterie,imagination,hysterie / imagination,1913,0,train
1919,benabar,porcelaine,benabar / porcelaine,1866,0,train
1920,butthole surfers,tongue,butthole surfers / tongue,474,0,train
1921,goo goo dolls,iris,goo goo dolls / iris,466,1,test
1922,omarion featuring gucci mane,i get it in,omarion featuring gucci mane / i get it in,1917,1,test
1923,nia peeples,street of dreams,nia peeples / street of dreams,1918,1,train
1924,morrissey,"the more you ignore me, the closer i get","morrissey / the more you ignore me, the closer i get",1919,1,train
1925,francis lai,13 jours en france,francis lai / 13 jours en france,1920,0,train
1926,tanto metro & devonte,strange things,tanto metro & devonte / strange things,1409,0,test
1927,scar symmetry,the three-dimensional shadow,scar symmetry / the three-dimensional shadow,1922,0,train
1928,set your goals,summer jam,set your goals / summer jam,607,0,test
1929,bodeans,back then,bodeans / back then,1924,0,train
1930,jope ruonansuu,matti ja teppo,jope ruonansuu / matti ja teppo,1425,0,validation
1931,mariah carey,love takes time,mariah carey / love takes time,225,1,train
1932,seal,the beginning (giro e giro mix),seal / the beginning (giro e giro mix),1078,0,validation
1933,the dreamtree project,bliss,the dreamtree project / bliss,1928,0,test
1934,pyranja,anfang vom ende,pyranja / anfang vom ende,1294,0,train
1935,breaking benjamin,i will not bow,breaking benjamin / i will not bow,108,1,validation
1936,phil collins,welcome,phil collins / welcome,61,0,train
1937,aaron tippin,kiss this,aaron tippin / kiss this,31,1,train
1938,da youngstas,hip hop ride,da youngstas / hip hop ride,1933,1,test
1939,mary j. blige,family affair,mary j. blige / family affair,107,1,test
1940,smart es,sesames treet,smart es / sesames treet,1935,1,train
1941,jack johnson,upside down,jack johnson / upside down,974,1,train
1942,sara evans,i keep looking,sara evans / i keep looking,1937,1,train
1943,nightwish,the poet and the pendulum,nightwish / the poet and the pendulum,997,0,validation
1944,phil vassar,this is my life,phil vassar / this is my life,70,0,train
1945,inspiral carpets,keep the circle around,inspiral carpets / keep the circle around,1201,0,train
1946,terry riley,acension final chord rising,terry riley / acension final chord rising,989,0,train
1947,sean kingston,take you there,sean kingston / take you there,1942,1,train
1948,kelly rowland,stole,kelly rowland / stole,1943,1,train
1949,negura bunget,al doilea om,negura bunget / al doilea om,411,0,train
1950,klaus badelt,moonlight serenade,klaus badelt / moonlight serenade,89,0,train
1951,asleep at the wheel,the letter that johnny walker read,asleep at the wheel / the letter that johnny walker read,1946,0,train
1952,all-4-one,i swear,all-4-one / i swear,360,1,validation
1953,pennywise,yell out,pennywise / yell out,1737,0,train
1954,izzy stradlin and the ju ju hounds,train tracks,izzy stradlin and the ju ju hounds / train tracks,1949,0,train
1955,timbaland featuring keri hilson,the way i are,timbaland featuring keri hilson / the way i are,1950,1,train
1956,22-20s,hold on,22-20s / hold on,1951,0,test
1957,stefon harris,from the gardner meditations: african tarantella,stefon harris / from the gardner meditations: african tarantella,1671,0,train
1958,m83,let men burn stars,m83 / let men burn stars,117,0,train
1959,marilyn scott,take me with you,marilyn scott / take me with you,1954,0,test
1960,rod stewart,rhythm of my heart,rod stewart / rhythm of my heart,81,1,train
1961,luis fonsi,nada es para siempre,luis fonsi / nada es para siempre,1956,1,train
1962,fuel,the name is...,fuel / the name is...,1957,0,train
1963,t.i.,rubber band man,t.i. / rubber band man,317,1,train
1964,firehouse,reach for the sky,firehouse / reach for the sky,285,1,test
1965,katy perry,hot n cold,katy perry / hot n cold,1091,1,train
1966,pepper,stormtrooper (live),pepper / stormtrooper (live),433,0,validation
1967,blake shelton,goodbye time,blake shelton / goodbye time,1962,1,train
1968,glee cast,endless love,glee cast / endless love,57,1,train
1969,tevin campbell,tell me what you want me to do,tevin campbell / tell me what you want me to do,1964,1,train
1970,karyn white,can i stay with you,karyn white / can i stay with you,163,1,validation
1971,otis taylor,round and round,otis taylor / round and round,210,0,train
1972,brigada victor jara,parto em terras distantes,brigada victor jara / parto em terras distantes,1967,0,train
1973,mindy mccready,breakin it,mindy mccready / breakin it,219,0,train
1974,carlos ponce,escuchame,carlos ponce / escuchame,431,0,train
1975,black debbath,where to piss and shit in oslo,black debbath / where to piss and shit in oslo,1502,0,test
1976,arturo sandoval,luna de miel en guama,arturo sandoval / luna de miel en guama,92,0,train
1977,dusminguet,disco jonki,dusminguet / disco jonki,1972,0,train
1978,dj godfather,from da back,dj godfather / from da back,1973,0,validation
1979,jesus jones,yellow brown,jesus jones / yellow brown,1845,0,train
1980,room 5,hidden sun,room 5 / hidden sun,1975,0,train
1981,the killers,boots,the killers / boots,93,1,train
1982,dave brockie experience,too much stuff,dave brockie experience / too much stuff,1977,0,train
1983,snoop dogg,from tha chuuuch to da palace,snoop dogg / from tha chuuuch to da palace,292,1,train
1984,jonell & method man,round and round,jonell & method man / round and round,1979,1,train
1985,fenton robinson,somebody loan me a dime,fenton robinson / somebody loan me a dime,1980,0,test
1986,joe bonamassa,stop!,joe bonamassa / stop!,128,0,train
1987,glee cast,keep holding on,glee cast / keep holding on,57,1,train
1988,novaspace,dancing with tears in my eyes 2004 (nova mix (club version)),novaspace / dancing with tears in my eyes 2004 (nova mix (club version)),419,0,train
1989,plasmatics,lightning breaks,plasmatics / lightning breaks,1984,0,train
1991,ha-ash,amor a medias,ha-ash / amor a medias,1985,0,train
1992,naughty by nature,o.p.p.,naughty by nature / o.p.p.,801,1,test
1993,diesel boy,dragonfly,diesel boy / dragonfly,338,0,train
1994,danny gokey,my best days are ahead of me,danny gokey / my best days are ahead of me,1988,1,train
1995,jude taylor & his burning flames,the thrill is gone,jude taylor & his burning flames / the thrill is gone,1989,0,test
1996,pearl jam,given to fly,pearl jam / given to fly,531,1,test
1997,martina mcbride,where would you be,martina mcbride / where would you be,224,1,test
1998,casiotone for the painfully alone,dying batteries,casiotone for the painfully alone / dying batteries,1335,0,test
1999,city high,sista,city high / sista,1210,0,train
2000,aaron neville,everybody plays the fool,aaron neville / everybody plays the fool,1994,1,train
2001,david arkenstone,big bounce,david arkenstone / big bounce,1842,0,validation
2002,jazmine sullivan,bust your windows,jazmine sullivan / bust your windows,1996,1,train
2003,brad paisley,the world,brad paisley / the world,502,1,train
2004,ice cube,it was a good day,ice cube / it was a good day,1998,1,train
2005,erick sermon,intro,erick sermon / intro,1731,0,train
2006,kings of leon,use somebody,kings of leon / use somebody,812,1,train
2007,bob hope,merry-go-runaround,bob hope / merry-go-runaround,2001,0,train
2008,paul avgerinos,gnosis,paul avgerinos / gnosis,1153,0,validation
2009,brad paisley,online,brad paisley / online,502,1,train
2010,sum 41,fat lip,sum 41 / fat lip,2004,1,train
2011,oldelaf et monsieur d,ouragan,oldelaf et monsieur d / ouragan,2005,0,train
2012,ozzy osbourne,"mama, im coming home","ozzy osbourne / mama, im coming home",2006,1,train
2013,brad paisley,shes everything,brad paisley / shes everything,502,1,train
2014,otis taylor,talking about it blues,otis taylor / talking about it blues,210,0,train
2015,kenny rogers,reuben james,kenny rogers / reuben james,256,0,validation
2016,madonna,jump [jacques lu cont edit],madonna / jump [jacques lu cont edit],248,0,validation
2017,glee cast,"its a mans, mans mans world","glee cast / its a mans, mans mans world",57,1,train
2018,flora purim,above the rainbow,flora purim / above the rainbow,148,0,test
2019,dashboard confessional,dont wait,dashboard confessional / dont wait,2013,1,test
2020,sara evans,perfect,sara evans / perfect,1937,1,train
2021,joe bataan,ernestine,joe bataan / ernestine,2015,0,train
2022,fito paez,tercer mundo,fito paez / tercer mundo,2016,0,validation
2023,the temper trap,sweet disposition,the temper trap / sweet disposition,2017,0,train
2024,sonic subjunkies,djungelstadt,sonic subjunkies / djungelstadt,2018,0,train
2025,iggy pop,main street eyes,iggy pop / main street eyes,870,0,validation
2026,zombina & the skeletones,the waiting,zombina & the skeletones / the waiting,2020,0,test
2027,the who,sodding about,the who / sodding about,2021,0,train
2028,fergie,clumsy,fergie / clumsy,796,1,validation
2029,sheryl crow,all i wanna do,sheryl crow / all i wanna do,40,1,validation
2030,dru hill,were not making love no more,dru hill / were not making love no more,1802,1,train
2031,dave hollister,calm da seas,dave hollister / calm da seas,151,0,train
2032,eddie cantor,when my ship comes in,eddie cantor / when my ship comes in,2026,0,validation
2033,michael jackson,who is it,michael jackson / who is it,254,1,test
2034,gus viseur,fausse monnaie,gus viseur / fausse monnaie,2028,0,test
2035,the beatles,real love,the beatles / real love,2029,1,test
2036,jazmine sullivan,need u bad,jazmine sullivan / need u bad,1996,1,train
2037,george michael,praying for time,george michael / praying for time,1107,0,train
2038,the exciters,reaching for the best,the exciters / reaching for the best,2032,0,test
2039,taking dawn,black diamond,taking dawn / black diamond,2033,0,test
2040,the rentals,friends of p.,the rentals / friends of p.,2034,1,train
2041,missy elliott,pass that dutch,missy elliott / pass that dutch,1260,1,train
2042,les ogres de barback,flute,les ogres de barback / flute,1049,0,validation
2043,the jeff healey band,it could all get blown away,the jeff healey band / it could all get blown away,2037,0,validation
2044,taylor dayne,cant get enough of your love,taylor dayne / cant get enough of your love,2038,1,validation
2045,the race,raising children,the race / raising children,2039,0,test
2046,macy gray,i try,macy gray / i try,2040,1,validation
2047,jeff scott soto,2 late 4 goodbyes,jeff scott soto / 2 late 4 goodbyes,186,0,train
2048,keyshia cole,i remember,keyshia cole / i remember,1840,1,train
2049,frankie j,gone,frankie j / gone,2043,0,train
2050,tina ann,too late (orange factory extended mix),tina ann / too late (orange factory extended mix),1592,0,validation
2051,corina,whispers,corina / whispers,2045,1,test
2052,sugar minott,make it with you,sugar minott / make it with you,1742,0,train
2053,markscheider kunst,dj,markscheider kunst / dj,2047,0,validation
2054,zhane,sending my love,zhane / sending my love,2048,1,train
2055,william orbit,deus ex machina,william orbit / deus ex machina,1231,0,test
2056,latour,people are still having sex,latour / people are still having sex,2050,1,train
2057,phantom planet,the meantime,phantom planet / the meantime,1420,0,test
2058,snap!,the world in my hands (we are one),snap! / the world in my hands (we are one),1761,0,train
2059,hi-five,quality time,hi-five / quality time,1854,1,train
2060,brooks & dunn,play something country,brooks & dunn / play something country,54,1,test
2061,shiny toy guns,major tom,shiny toy guns / major tom,2055,1,train
2062,lyrics born,i changed my mind (dj spinna remix),lyrics born / i changed my mind (dj spinna remix),2056,0,train
2063,north mississippi allstars,2stepn,north mississippi allstars / 2stepn,2057,0,train
2064,stevie b,because i love you (the postman song),stevie b / because i love you (the postman song),2058,1,validation
2065,little milton,walking the back streets and crying,little milton / walking the back streets and crying,2059,0,test
2066,seventh day slumber,shattered life,seventh day slumber / shattered life,2060,0,train
2067,new order,bizarre love triangle,new order / bizarre love triangle,935,1,validation
2068,snap!,mary had a little boy (maestro mix),snap! / mary had a little boy (maestro mix),1761,0,train
2069,from autumn to ashes,iv,from autumn to ashes / iv,2063,0,test
2070,astarte,oblivious darkness,astarte / oblivious darkness,296,0,test
2071,jazmine sullivan,holding you down (goin in circles),jazmine sullivan / holding you down (goin in circles),1996,1,train
2073,madonna,ray of light,madonna / ray of light,248,1,validation
2074,bowling for soup,girl all the bad guys want,bowling for soup / girl all the bad guys want,2067,1,test
2075,kenny chesney,a lot of things different,kenny chesney / a lot of things different,983,1,train
2076,soulwax,soul simplicity,soulwax / soul simplicity,1265,0,train
2077,brad paisley,then,brad paisley / then,502,1,train
2078,vilma palma e vampiros,te quiero tanto,vilma palma e vampiros / te quiero tanto,2071,0,train
2079,beyonce,"me, myself and i","beyonce / me, myself and i",255,1,train
2080,shelly manne,get me to the church on time,shelly manne / get me to the church on time,2073,0,train
2081,link,whatcha gone do?,link / whatcha gone do?,2074,1,train
2082,dave hollister,cant stay,dave hollister / cant stay,151,1,train
2083,lenny kravitz,american woman,lenny kravitz / american woman,372,1,train
2084,blue october,hate me,blue october / hate me,176,1,test
2085,rihanna,music of the sun,rihanna / music of the sun,1236,0,validation
2086,poison,ride the wind,poison / ride the wind,2079,1,validation
2087,zbigniew preisner,the court,zbigniew preisner / the court,1253,0,test
2088,daddy yankee / may-be,que vas a hacer?,daddy yankee / may-be / que vas a hacer?,2081,0,train
2089,gob,face the ashes,gob / face the ashes,2082,0,train
2090,danny barnes,big girl blues,danny barnes / big girl blues,1597,0,train
2091,c.c. adcock,loaded gun,c.c. adcock / loaded gun,2084,0,train
2092,hannah montana,pumpin up the party,hannah montana / pumpin up the party,33,1,validation
2093,coldplay,the world turned upside down,coldplay / the world turned upside down,181,0,test
2094,leona naess,paper thin,leona naess / paper thin,2087,0,train
2095,cece peniston,keep on walkin,cece peniston / keep on walkin,2088,1,train
2096,usher,papers,usher / papers,257,1,train
2097,chris walker,take time,chris walker / take time,2090,1,train
2098,k.t. oslin,come next monday,k.t. oslin / come next monday,2091,0,train
2099,yami bolo,healing of all nations,yami bolo / healing of all nations,2092,0,test
2100,eric burdon,leos place,eric burdon / leos place,1436,0,train
2101,moraes moreira,banho de amor,moraes moreira / banho de amor,2094,0,test
2102,ryan cabrera,on the way down,ryan cabrera / on the way down,2095,1,test
2103,beyonce,at last,beyonce / at last,255,1,train
2104,moonspell,the hanged man,moonspell / the hanged man,58,0,train
2105,ol dirty bastard,shimmy shimmy ya,ol dirty bastard / shimmy shimmy ya,2098,1,train
2106,stars like fleas,you are my memoir,stars like fleas / you are my memoir,2099,0,validation
2107,tlc,silly ho,tlc / silly ho,782,1,train
2108,colin james,sending a message,colin james / sending a message,1542,0,validation
2109,silverchair,suicidal dream,silverchair / suicidal dream,1580,0,train
2110,love and rockets,sweet lover hangover,love and rockets / sweet lover hangover,2103,0,train
2111,information society,empty,information society / empty,384,0,train
2112,bullet for my valentine,4 words (to choke upon),bullet for my valentine / 4 words (to choke upon),2105,0,test
2113,charley pride,help me make it through the night,charley pride / help me make it through the night,2106,0,train
2114,charlie byrd,how insensitive,charlie byrd / how insensitive,2107,0,train
2115,demi lovato,dont forget,demi lovato / dont forget,325,1,train
2116,julie roberts,the chance,julie roberts / the chance,1097,0,train
2117,kelly clarkson,my life would suck without you,kelly clarkson / my life would suck without you,1446,0,train
2118,john frizzell,defcon 4,john frizzell / defcon 4,511,0,train
2119,john michael montgomery,hold on to me,john michael montgomery / hold on to me,1013,1,train
2120,bravehearts,sensations,bravehearts / sensations,2113,0,train
2121,david gray,babylon,david gray / babylon,2114,1,train
2122,bersuit vergarabat,de onda,bersuit vergarabat / de onda,799,0,test
2123,joe rogan,telepathy/ted haggard got cured of the gay,joe rogan / telepathy/ted haggard got cured of the gay,2116,0,train
2124,gertrudis,intro,gertrudis / intro,249,0,train
2125,chrisette michele,epiphany (im leaving),chrisette michele / epiphany (im leaving),2118,1,train
2126,glee cast featuring jonathan groff,hello,glee cast featuring jonathan groff / hello,821,1,train
2127,primordial,here i am king,primordial / here i am king,229,0,train
2128,l7,baggage,l7 / baggage,2121,0,train
2129,changing faces,foolin around,changing faces / foolin around,2122,1,train
2130,helmet,tic,helmet / tic,664,0,test
2131,george strait,i just want to dance with you,george strait / i just want to dance with you,154,1,train
2132,five for fighting,the riddle,five for fighting / the riddle,2125,1,train
2133,selena gomez & the scene,a year without rain,selena gomez & the scene / a year without rain,72,1,validation
2134,philip glass,left alone...,philip glass / left alone...,2127,0,train
2135,brad paisley,little moments,brad paisley / little moments,502,1,train
2136,goodie mob,soul food,goodie mob / soul food,636,1,train
2137,warrior king,virtuous woman,warrior king / virtuous woman,800,0,train
2138,monster magnet,black celebration,monster magnet / black celebration,2131,0,train
2139,ciara,and i,ciara / and i,2132,1,train
2140,mariah carey,mine again,mariah carey / mine again,225,0,train
2141,michael w. smith,i will be here for you,michael w. smith / i will be here for you,2134,1,train
2142,david cook,come back to me,david cook / come back to me,2135,1,test
2143,eddy raven,i wanna hear it from you,eddy raven / i wanna hear it from you,2136,0,train
2144,dmx,damien,dmx / damien,2137,0,validation
2145,godsmack,speak,godsmack / speak,290,1,train
2146,new edition,hit me off,new edition / hit me off,1664,1,train
2147,bon jovi,wildflower,bon jovi / wildflower,29,0,train
2148,matchbox 20,back 2 good,matchbox 20 / back 2 good,1237,1,validation
2149,seether,fine again,seether / fine again,2142,1,train
2150,jessica simpson,in this skin,jessica simpson / in this skin,2143,0,train
2151,quadro nuevo,nature boy,quadro nuevo / nature boy,7,0,train
2152,jackie edwards,so jah seh,jackie edwards / so jah seh,1629,0,train
2153,theodore shapiro,the big stall,theodore shapiro / the big stall,2146,0,test
2154,owl city,panda bear,owl city / panda bear,2147,0,train
2155,no mercy,when i die,no mercy / when i die,850,1,train
2156,white town,your woman,white town / your woman,2149,1,train
2157,steel pulse,role model,steel pulse / role model,143,0,validation
2158,the all american rejects,the future has arrived,the all american rejects / the future has arrived,2151,0,train
2159,primordial,the burning season (live),primordial / the burning season (live),229,0,train
2160,avril lavigne,unwanted,avril lavigne / unwanted,936,0,train
2162,the tragically hip,ahead by a century,the tragically hip / ahead by a century,1645,0,train
2163,montell jordan,whats on tonight,montell jordan / whats on tonight,2155,1,train
2164,afi,summer shudder,afi / summer shudder,2156,0,train
2165,patty griffin,moses,patty griffin / moses,805,0,validation
2166,plump djs,weighed down,plump djs / weighed down,2158,0,test
2167,enrique iglesias,can you hear me,enrique iglesias / can you hear me,1412,0,test
2168,bodeans,"closer to free (from party of five"")""","bodeans / closer to free (from party of five"")""",1924,1,train
2169,joe jonas,gotta find you,joe jonas / gotta find you,2161,1,train
2170,glee cast,taking chances,glee cast / taking chances,57,1,train
2171,les brown,harlem nocturne,les brown / harlem nocturne,2163,0,train
2172,xcultures,sudanese dance,xcultures / sudanese dance,2164,0,test
2173,brian tyler,festival of holi,brian tyler / festival of holi,2165,0,train
2174,usher featuring the nu beginning,only human,usher featuring the nu beginning / only human,2166,0,train
2175,cherish the ladies,the shaskeen / gan ainm,cherish the ladies / the shaskeen / gan ainm,2167,0,train
2177,kenny rogers,love is what we make it,kenny rogers / love is what we make it,256,0,validation
2178,nick cave & the bad seeds,where do we go now but nowhere,nick cave & the bad seeds / where do we go now but nowhere,902,0,train
2179,carrie underwood,"jesus, take the wheel","carrie underwood / jesus, take the wheel",1066,1,train
2180,afi,love like winter,afi / love like winter,2156,1,train
2181,lords of the underground,funky child,lords of the underground / funky child,993,1,validation
2182,the pineapple thief,boxing day,the pineapple thief / boxing day,929,0,train
2183,foo fighters,overdrive,foo fighters / overdrive,222,0,test
2184,george michael,mothers pride,george michael / mothers pride,1107,1,train
2185,lifehouse,better luck next time,lifehouse / better luck next time,158,0,validation
2186,keith urban,kiss a girl,keith urban / kiss a girl,320,1,train
2187,artists stand up to cancer,just stand up!,artists stand up to cancer / just stand up!,2178,1,test
2188,fleet foxes,english house,fleet foxes / english house,2179,0,train
2189,lutricia mcneal,aint that just the way,lutricia mcneal / aint that just the way,2180,1,train
2190,anti-flag,death of a nation,anti-flag / death of a nation,1200,0,train
2191,phantom planet,here i am,phantom planet / here i am,1420,0,test
2192,cocoa tea,100%,cocoa tea / 100%,1776,0,validation
2193,arturo sandoval,waheera,arturo sandoval / waheera,92,0,train
2194,billy currington,must be doin somethin right,billy currington / must be doin somethin right,2185,1,test
2195,jim reeves,TRUE,jim reeves / true,302,0,train
2196,helmet,everybody loves you,helmet / everybody loves you,664,0,test
2197,brooks & dunn featuring reba mcentire,cowgirls dont cry,brooks & dunn featuring reba mcentire / cowgirls dont cry,2188,1,train
2198,juana molina,j uh!,juana molina / j uh!,462,0,train
2199,erykah badu,window seat,erykah badu / window seat,2190,1,train
2200,michelle branch,everywhere,michelle branch / everywhere,1566,1,train
2201,brandy,u dont know me (like u used to),brandy / u dont know me (like u used to),516,1,train
2202,william orbit,harry flowers,william orbit / harry flowers,1231,0,test
2203,radio moscow,broke down,radio moscow / broke down,2194,0,train
2204,a+,enjoy yourself,a+ / enjoy yourself,2195,1,train
2205,gerald levert,thinkin bout it,gerald levert / thinkin bout it,2196,1,train
2206,the summer obsession,where you belong,the summer obsession / where you belong,2197,0,train
2207,rita chiarelli,reginella,rita chiarelli / reginella,461,0,validation
2208,ace of base,lucky love,ace of base / lucky love,919,1,train
2209,miranda lee richards,the long goodbye,miranda lee richards / the long goodbye,2200,0,train
2210,seether,rise above this,seether / rise above this,2142,1,train
2211,everyday sunday,wake up! wake up! (wake up! wake up! album version),everyday sunday / wake up! wake up! (wake up! wake up! album version),2202,0,validation
2212,martina mcbride,how far,martina mcbride / how far,224,1,test
2213,brooks & dunn,aint nothing bout you,brooks & dunn / aint nothing bout you,54,1,test
2214,cece winans,come on back home,cece winans / come on back home,1313,0,train
2215,roxette,spending my time,roxette / spending my time,191,1,train
2216,damn yankees,come again,damn yankees / come again,2207,1,train
2217,liquid stranger,drop sacrifice,liquid stranger / drop sacrifice,279,0,validation
2218,ty herndon,what mattered most,ty herndon / what mattered most,2209,1,test
2219,bacilos,sangre americana,bacilos / sangre americana,2210,0,train
2220,4him,wings,4him / wings,1646,0,validation
2221,shakira,pienso en ti,shakira / pienso en ti,123,0,test
2222,mike bloomfield,junko partner,mike bloomfield / junko partner,2213,0,train
2223,yg,toot it and boot it,yg / toot it and boot it,2214,1,train
2224,too $hort,cocktales,too $hort / cocktales,322,1,train
2225,jazz gillum,boar hog blues,jazz gillum / boar hog blues,2216,0,validation
2226,erick sermon,erick sermon,erick sermon / erick sermon,1731,0,train
2227,afi,too shy to scream,afi / too shy to scream,2156,0,train
2228,capleton,say yeah,capleton / say yeah,2219,0,train
2229,the forms,red gun,the forms / red gun,2220,0,validation
2230,the chap,they have a name,the chap / they have a name,18,0,train
2231,outerspace,fire and ice,outerspace / fire and ice,1161,0,train
2232,taylor swift,picture to burn,taylor swift / picture to burn,250,1,train
2233,brad paisley,ticks,brad paisley / ticks,502,1,train
2234,mims,cop it,mims / cop it,2225,0,train
2235,keep of kalessin,ascendant,keep of kalessin / ascendant,463,0,train
2236,tim exile,oh scat mix up,tim exile / oh scat mix up,221,0,validation
2237,atari teenage riot,revolution action,atari teenage riot / revolution action,2228,0,train
2238,noisettes,bridge to canada,noisettes / bridge to canada,2229,0,validation
2239,james blunt,1973,james blunt / 1973,2230,1,train
2240,maximilian hecker,polyester,maximilian hecker / polyester,2231,0,train
2241,stew,tomorrow gone,stew / tomorrow gone,2232,0,train
2242,the balustrade ensemble,fall away into darkness,the balustrade ensemble / fall away into darkness,2233,0,train
2243,the band perry,if i die young,the band perry / if i die young,2234,1,train
2244,brokencyde,schitzo,brokencyde / schitzo,2235,0,validation
2245,p.m. dawn,i had no right,p.m. dawn / i had no right,1860,1,train
2246,faithless,six,faithless / six,1148,0,train
2247,paula abdul,vibeology,paula abdul / vibeology,2238,1,train
2248,bad religion,infected,bad religion / infected,2239,0,validation
2249,scott glasgow,solemn,scott glasgow / solemn,2240,0,validation
2250,augustana,boston,augustana / boston,2241,1,train
2251,kellie pickler,best days of your life,kellie pickler / best days of your life,2242,1,train
2252,soul ballet,the cool down,soul ballet / the cool down,1752,0,train
2253,depeche mode,only when i lose myself,depeche mode / only when i lose myself,359,1,train
2254,charlotte gainsbourg,tel que tu es,charlotte gainsbourg / tel que tu es,1522,0,test
2255,faithless,salva mea,faithless / salva mea,1148,0,train
2256,zeromancer,ammonite,zeromancer / ammonite,615,0,train
2257,sugar minott,now we know,sugar minott / now we know,1742,0,train
2258,the black eyed peas,boom boom pow,the black eyed peas / boom boom pow,925,1,train
2259,fergie,fergalicious,fergie / fergalicious,796,1,validation
2260,silverchair,the door,silverchair / the door,1580,0,train
2261,sofia karlsson,i denna ljuva sommartid,sofia karlsson / i denna ljuva sommartid,332,0,validation
2262,oceansize,new pin (edit),oceansize / new pin (edit),2253,0,train
2263,toby keith,stays in mexico,toby keith / stays in mexico,270,1,train
2264,jason & the scorchers,19th nervous breakdown,jason & the scorchers / 19th nervous breakdown,2255,0,validation
2265,cathy dennis,too many walls,cathy dennis / too many walls,2256,1,train
2266,beogradski sindikat,slatke male maloletnice,beogradski sindikat / slatke male maloletnice,2257,0,validation
2267,kelly clarkson,i do not hook up,kelly clarkson / i do not hook up,1446,1,train
2268,les ogres de barback,niev nietch nievitch,les ogres de barback / niev nietch nievitch,1049,0,validation
2269,robben ford,something for the pain,robben ford / something for the pain,1118,0,train
2270,atman,distant voices,atman / distant voices,713,0,train
2271,annie lennox,erased,annie lennox / erased,196,0,train
2272,dashboard confessional,stolen,dashboard confessional / stolen,2013,1,test
2273,steel pulse,house of love,steel pulse / house of love,143,0,validation
2274,pat green,threadbare gypsy soul,pat green / threadbare gypsy soul,2265,0,train
2275,mithotyn,let thy ale swing,mithotyn / let thy ale swing,1790,0,train
2276,scott glasgow,space station liberty,scott glasgow / space station liberty,2240,0,validation
2277,josh groban,lullaby [with ladysmith black mambazo] (album version),josh groban / lullaby [with ladysmith black mambazo] (album version),910,0,test
2278,steve vai,brother,steve vai / brother,679,0,train
2279,will ackerman,a movie of a placid lake on a moonless night in september - reprise,will ackerman / a movie of a placid lake on a moonless night in september - reprise,2270,0,validation
2280,the real kids,now you know,the real kids / now you know,2271,0,test
2281,high school musical 3 cast,now or never,high school musical 3 cast / now or never,2272,1,validation
2282,death from above 1979,romantic rights,death from above 1979 / romantic rights,343,0,train
2283,2raumwohnung,lachen und weinen,2raumwohnung / lachen und weinen,2274,0,train
2284,daryl braithwaite,higher than hope,daryl braithwaite / higher than hope,2275,1,validation
2285,long beach dub allstars,like a dog,long beach dub allstars / like a dog,1206,0,train
2286,busdriver,unemployed black astronaut,busdriver / unemployed black astronaut,1188,0,train
2287,deep forest,madazulu,deep forest / madazulu,1009,0,train
2288,backstreet boys,incomplete,backstreet boys / incomplete,49,1,train
2289,vertical horizon,best i ever had (grey sky morning),vertical horizon / best i ever had (grey sky morning),541,1,train
2290,fun lovin criminals,we have all the time in the world,fun lovin criminals / we have all the time in the world,2281,0,train
2291,northern state,last night,northern state / last night,2282,0,test
2292,seether,careless whisper,seether / careless whisper,2142,1,train
2293,the black crowes,nonfiction,the black crowes / nonfiction,494,0,test
2294,the klf,what time is love?,the klf / what time is love?,2285,1,train
2295,the balustrade ensemble,crushed pears,the balustrade ensemble / crushed pears,2233,0,train
2296,obie bermudez,antes (salsa version),obie bermudez / antes (salsa version),2287,0,train
2297,tullycraft,loveless,tullycraft / loveless,2288,0,validation
2298,kari tapio,rakkauden veteraani,kari tapio / rakkauden veteraani,2289,0,train
2299,mary black,flesh and blood,mary black / flesh and blood,2290,0,train
2300,bob marley,corner stone,bob marley / corner stone,21,0,train
2301,camron,what means the world to you,camron / what means the world to you,2292,1,test
2302,gabriel yared,devon,gabriel yared / devon,2293,0,train
2303,montell jordan,get it on tonite,montell jordan / get it on tonite,2155,1,train
2304,50 cent,if i cant,50 cent / if i cant,241,1,validation
2305,moss,winter in finland,moss / winter in finland,723,0,train
2306,ten madison,leaving melbourne,ten madison / leaving melbourne,591,0,test
2307,bone thugs-n-harmony,2 glocks,bone thugs-n-harmony / 2 glocks,576,0,train
2308,vuneny,curse of sound (dub mix),vuneny / curse of sound (dub mix),2299,0,train
2309,shedaisy,come home soon,shedaisy / come home soon,218,1,train
2310,epmd / nocturnal,dungeon master,epmd / nocturnal / dungeon master,2301,0,train
2311,pennywise,lies,pennywise / lies,1737,0,train
2312,lonestar,youre like comin home,lonestar / youre like comin home,892,1,validation
2313,jonas brothers,paranoid,jonas brothers / paranoid,485,1,validation
2314,amorphis,into hiding,amorphis / into hiding,730,0,train
2315,bert kaempfert,happy safari,bert kaempfert / happy safari,2306,0,train
2316,lady saw,bare as you dare,lady saw / bare as you dare,995,0,train
2317,u2,sweetest thing,u2 / sweetest thing,144,1,train
2318,eric burdon,ghetto child,eric burdon / ghetto child,1436,0,train
2319,colombiafrica - the mystic orchestra,sambangole / tres golpes na mas,colombiafrica - the mystic orchestra / sambangole / tres golpes na mas,2310,0,train
2320,rihanna,breakin dishes,rihanna / breakin dishes,1236,0,validation
2321,95 south,"whoot, there it is","95 south / whoot, there it is",2312,1,validation
2322,charlie byrd,speak low,charlie byrd / speak low,2107,0,train
2323,kelly clarkson,cry,kelly clarkson / cry,1446,0,train
2324,james horner,the stranger,james horner / the stranger,2315,0,test
2325,wilshire,when,wilshire / when,1877,0,train
2326,the black crowes,good morning captain,the black crowes / good morning captain,494,0,test
2327,tiny tim,you called it madness [but i call it love] [live at royal albert hall],tiny tim / you called it madness [but i call it love] [live at royal albert hall],1874,0,train
2328,heaven 17,we blame love,heaven 17 / we blame love,2319,0,train
2329,brian mcknight,love of my life,brian mcknight / love of my life,2320,1,train
2330,5th ward boyz,ghetto curse words (chopped&screwed),5th ward boyz / ghetto curse words (chopped&screwed),159,0,test
2331,heavenly,over and over,heavenly / over and over,667,0,train
2332,taylor swift,the other side of the door,taylor swift / the other side of the door,250,1,train
2333,the rapture,the devil,the rapture / the devil,2324,0,train
2334,rascal flatts,here comes goodbye,rascal flatts / here comes goodbye,252,1,train
2335,red hot chili peppers,tell me baby,red hot chili peppers / tell me baby,82,1,train
2336,big dee irwin,swinging on a star,big dee irwin / swinging on a star,2327,0,train
2337,gang starr,mass appeal,gang starr / mass appeal,2328,1,train
2338,afi,affliction,afi / affliction,2156,0,train
2339,basic channel,radiance i,basic channel / radiance i,984,0,train
2340,lisa stansfield,"never, never gonna give you up","lisa stansfield / never, never gonna give you up",2331,1,train
2341,kekele,affaire mokuwa,kekele / affaire mokuwa,2332,0,train
2342,martin sexton,things you do to me,martin sexton / things you do to me,1626,0,test
2343,trick trick / obie trice,war,trick trick / obie trice / war,2334,0,train
2344,the cure,mint car,the cure / mint car,455,1,train
2345,joe satriani,just like lightnin,joe satriani / just like lightnin,2336,0,train
2346,aiden,killing machine,aiden / killing machine,1004,0,train
2347,shakira,she wolf,shakira / she wolf,123,1,test
2348,stevie ray vaughan and double trouble,empty arms,stevie ray vaughan and double trouble / empty arms,596,0,train
2349,carpenters,an old fashioned christmas,carpenters / an old fashioned christmas,2340,0,validation
2350,mary black,turning away,mary black / turning away,2290,0,train
2351,isyss,single for the rest of my life,isyss / single for the rest of my life,2342,1,train
2352,sylvia tosun,head over heels,sylvia tosun / head over heels,2343,0,train
2353,keb mo,dangerous mood,keb mo / dangerous mood,86,0,validation
2354,maurane / lara fabian,mais la vie,maurane / lara fabian / mais la vie,2345,0,train
2355,skeeter davis,am i that easy to forget,skeeter davis / am i that easy to forget,2346,0,train
2356,luther vandross,take you out,luther vandross / take you out,112,1,train
2357,r.e.m.,strange currencies,r.e.m. / strange currencies,2348,1,validation
2358,paul avgerinos,in my heart,paul avgerinos / in my heart,1153,0,validation
2359,fu-schnickens,heavenly father,fu-schnickens / heavenly father,1282,0,train
2360,soul ballet,da da diamonds,soul ballet / da da diamonds,1752,0,train
2361,anne dudley,victims of the occupation,anne dudley / victims of the occupation,2352,0,test
2362,memphis jug band,memphis jug,memphis jug band / memphis jug,2353,0,train
2363,tum tum,eat or get ate,tum tum / eat or get ate,2354,0,validation
2364,naughty by nature,ring the alarm,naughty by nature / ring the alarm,801,0,test
2365,g unit,stunt 101,g unit / stunt 101,2356,1,validation
2366,ma rainey,night time blues,ma rainey / night time blues,2357,0,train
2367,ashlee simpson,shadow,ashlee simpson / shadow,468,1,train
2368,glee cast featuring gwyneth paltrow,singing in the rain / umbrella,glee cast featuring gwyneth paltrow / singing in the rain / umbrella,860,1,validation
2369,jesse malin,harmony,jesse malin / harmony,628,0,test
2370,nas,one mic,nas / one mic,519,1,train
2371,anti-flag,tearing everyone down,anti-flag / tearing everyone down,1200,0,train
2372,kaizers orchestra,container,kaizers orchestra / container,2363,0,train
2373,martin sexton,ice cream man,martin sexton / ice cream man,1626,0,test
2374,lil suzy,promise me,lil suzy / promise me,638,1,train
2375,mint condition,u send me swingin,mint condition / u send me swingin,2366,1,test
2376,hank locklin,let me be the one,hank locklin / let me be the one,2367,0,train
2377,dmx,stop being greedy,dmx / stop being greedy,2137,1,validation
2378,nightfall,death of neira,nightfall / death of neira,1689,0,test
2379,seven mary three,cumbersome,seven mary three / cumbersome,551,1,validation
2380,99 posse,rafaniello,99 posse / rafaniello,236,0,train
2381,mariah carey,make it happen,mariah carey / make it happen,225,1,train
2382,josh groban,mai [live],josh groban / mai [live],910,0,test
2383,john michael montgomery,be my baby tonight,john michael montgomery / be my baby tonight,1013,1,train
2384,u2,40,u2 / 40,144,0,train
2385,call to preserve,hindsight,call to preserve / hindsight,1715,0,train
2386,andy & lucas,dime si me quieres,andy & lucas / dime si me quieres,120,0,test
2387,montell jordan,this is how we do it,montell jordan / this is how we do it,2155,1,train
2388,def leppard,stand up (kick love into motion),def leppard / stand up (kick love into motion),1655,1,train
2389,david banner,bush,david banner / bush,616,0,validation
2390,coolio,too hot,coolio / too hot,2381,1,train
2391,yeah yeah yeahs,maps,yeah yeah yeahs / maps,2382,1,validation
2392,vince gill,tryin to get over you,vince gill / tryin to get over you,2383,1,train
2393,peggy zina,o hiroteros ehthros mou,peggy zina / o hiroteros ehthros mou,2384,0,validation
2394,bombay rockers,rock tha party,bombay rockers / rock tha party,2385,0,test
2395,esa pakarinen,miina ja mikko markkinoilla,esa pakarinen / miina ja mikko markkinoilla,2386,0,train
2396,shanadoo,king kong,shanadoo / king kong,2387,0,test
2397,maroon 5,give a little more,maroon 5 / give a little more,737,1,train
2398,alan jackson,drive (for daddy gene),alan jackson / drive (for daddy gene),594,1,validation
2399,the killers,all these things that ive done,the killers / all these things that ive done,93,1,train
2400,milieu,blackwood moth,milieu / blackwood moth,2391,0,train
2401,organized konfusion,hate,organized konfusion / hate,2392,0,test
2402,avril - remix by ana rago,the date (remix by ana rago),avril - remix by ana rago / the date (remix by ana rago),2393,0,test
2403,ancient astronauts,crescent moon,ancient astronauts / crescent moon,2394,0,train
2404,john mayer,waiting on the world to change,john mayer / waiting on the world to change,2395,1,train
2405,smokey robinson,double good everything,smokey robinson / double good everything,2396,1,validation
2406,selena gomez,tell me something i dont know,selena gomez / tell me something i dont know,2397,1,train
2407,dinosaur jr.,been there all the time,dinosaur jr. / been there all the time,2398,0,train
2408,sick of it all,sanctuary,sick of it all / sanctuary,369,0,train
2409,kane,all i can do,kane / all i can do,2400,0,train
2410,destinys child,lose my breath,destinys child / lose my breath,678,1,test
2411,firehouse,talk of the town,firehouse / talk of the town,285,0,test
2412,inner circle,"bad boys (theme from cops"")""","inner circle / bad boys (theme from cops"")""",2403,1,train
2413,mudhoney,the money will roll right in,mudhoney / the money will roll right in,942,0,train
2414,novika,common tear,novika / common tear,2405,0,validation
2415,syl johnson,diamond in the rough,syl johnson / diamond in the rough,2406,0,test
2416,arrested development,since the last time,arrested development / since the last time,2407,0,train
2417,amil,get down,amil / get down,1850,0,train
2418,jesse mccartney,right where you want me,jesse mccartney / right where you want me,2409,1,train
2419,third eye blind,semi-charmed life,third eye blind / semi-charmed life,856,1,train
2420,mxpx,time will tell,mxpx / time will tell,301,0,validation
2421,avril lavigne,innocence,avril lavigne / innocence,936,0,train
2422,fantasia,truth is,fantasia / truth is,2413,1,train
2423,inhume,inhume,inhume / inhume,1747,0,train
2424,aesop rock,limelighters (feat. camp lo) / flunkadelic interlude,aesop rock / limelighters (feat. camp lo) / flunkadelic interlude,1020,0,validation
2425,bill laswell,digitaria,bill laswell / digitaria,2416,0,train
2426,various production,bside,various production / bside,1197,0,train
2427,jazzy jeff & the fresh prince,im looking for the one (to be with me),jazzy jeff & the fresh prince / im looking for the one (to be with me),2418,1,test
2428,dangelo,cruisin,dangelo / cruisin,357,1,test
2429,cassidy,im a hustla,cassidy / im a hustla,2420,1,validation
2430,u2,discotheque,u2 / discotheque,144,1,train
2431,theory of a deadman,all or nothing,theory of a deadman / all or nothing,2422,1,train
2432,five for fighting,superman (its not easy),five for fighting / superman (its not easy),2125,1,train
2433,velvet revolver,fall to pieces,velvet revolver / fall to pieces,2424,1,train
2434,leona naess,star signs,leona naess / star signs,2087,0,train
2435,black eyed peas / les nubians / mos def,on my own,black eyed peas / les nubians / mos def / on my own,2426,0,train
2436,inspiral carpets,party in the sky,inspiral carpets / party in the sky,1201,0,train
2437,slackbaba,and the beat goes om,slackbaba / and the beat goes om,2428,0,validation
2438,hannah montana,youll always find your way back home,hannah montana / youll always find your way back home,33,1,validation
2439,house of pain,on point,house of pain / on point,2430,1,train
2440,africando all stars,mopao,africando all stars / mopao,2431,0,validation
2441,shinedown,second chance,shinedown / second chance,912,1,test
2442,next,butta love,next / butta love,2433,1,train
2443,flutlicht,ahmea,flutlicht / ahmea,2434,0,train
2444,lighter shade of brown,homies,lighter shade of brown / homies,2435,1,train
2445,bloc party,zephyrus,bloc party / zephyrus,2436,0,train
2446,u2,the fly,u2 / the fly,144,1,train
2447,dean martin,pennies from heaven,dean martin / pennies from heaven,2438,0,train
2448,glee cast,one love (people get ready),glee cast / one love (people get ready),57,1,train
2449,aesop rock,n.y. electric / hunter interlude,aesop rock / n.y. electric / hunter interlude,1020,0,validation
2450,joe public,live and learn,joe public / live and learn,2441,1,train
2451,cockney rejects,big time charlie,cockney rejects / big time charlie,721,0,train
2452,el gran combo de puerto rico,no hay manera,el gran combo de puerto rico / no hay manera,2443,0,train
2453,backstreet boys,pda,backstreet boys / pda,49,0,train
2454,zombiesuckers,the nightmare begins,zombiesuckers / the nightmare begins,2445,0,train
2455,outkast,ms. jackson,outkast / ms. jackson,293,1,test
2456,tlc,waterfalls,tlc / waterfalls,782,1,train
2457,joe nichols,tequila makes her clothes fall off,joe nichols / tequila makes her clothes fall off,329,1,train
2458,the clark family experience,meanwhile back at the ranch,the clark family experience / meanwhile back at the ranch,2449,1,train
2459,snowgoons,platoon goons,snowgoons / platoon goons,879,0,test
2460,juana molina,micael,juana molina / micael,462,0,train
2461,roger sanchez,lost,roger sanchez / lost,2452,0,test
2462,dwight yoakam,fast as you,dwight yoakam / fast as you,2453,1,test
2463,unearth,crow killer,unearth / crow killer,2454,0,train
2464,nas,got ur self a...,nas / got ur self a...,519,1,train
2465,cross country,a fall song,cross country / a fall song,633,0,test
2466,kelly rowland,cant nobody,kelly rowland / cant nobody,1943,1,train
2467,curtis,superstar dog,curtis / superstar dog,2458,0,test
2468,69 boyz,tootsee roll,69 boyz / tootsee roll,2459,1,train
2469,bullet for my valentine,suffocating under words of sorrow (what can i do),bullet for my valentine / suffocating under words of sorrow (what can i do),2105,0,test
2470,finntroll,grottans barn,finntroll / grottans barn,283,0,train
2471,tiny bradshaw,well oh well,tiny bradshaw / well oh well,2462,0,test
2472,silverchair,cicada,silverchair / cicada,1580,0,train
2473,the forms,innizar,the forms / innizar,2220,0,validation
2474,kem,i cant stop loving you,kem / i cant stop loving you,2465,1,test
2475,rise against,drones,rise against / drones,806,0,test
2476,wolfmother,cosmonaut,wolfmother / cosmonaut,826,0,train
2477,ryandan,wind beneath my wings,ryandan / wind beneath my wings,2468,0,train
2478,orbital,forever,orbital / forever,127,0,validation
2479,janet jackson,hold on baby,janet jackson / hold on baby,275,0,train
2480,shakira,loba,shakira / loba,123,0,test
2481,maximilian hecker,sleepy lad,maximilian hecker / sleepy lad,2231,0,train
2482,lily allen,u killed it,lily allen / u killed it,2473,0,train
2483,babylon disco,error,babylon disco / error,2474,0,train
2484,sonora carruseles,la chola caderona,sonora carruseles / la chola caderona,2475,0,train
2485,seventh star,i versus i,seventh star / i versus i,2476,0,test
2486,neon blonde,new detroit,neon blonde / new detroit,2477,0,validation
2487,britney spears,my prerogative,britney spears / my prerogative,513,0,test
2488,david summers,2.000 kilometros,david summers / 2.000 kilometros,2479,0,train
2489,lizzy borden,zanzibar,lizzy borden / zanzibar,2480,0,train
2490,heavy d / mcgruff,wanna be a player,heavy d / mcgruff / wanna be a player,2481,0,test
2491,the frequency,stop it,the frequency / stop it,2482,0,validation
2492,epmd,give the people,epmd / give the people,42,0,test
2493,symphony in peril,inherent scars,symphony in peril / inherent scars,2484,0,train
2494,call to preserve,hope for the fallen,call to preserve / hope for the fallen,1715,0,train
2495,faith evans,again,faith evans / again,214,1,train
2496,prince,1999,prince / 1999,859,1,test
2497,train,marry me,train / marry me,2488,1,test
2498,donell jones,knocks me off my feet,donell jones / knocks me off my feet,63,1,train
2499,k7,come baby come,k7 / come baby come,2490,1,validation
2500,tito rodriguez,mango del monte,tito rodriguez / mango del monte,2491,0,test
2501,daryl hall & john oates,only love,daryl hall & john oates / only love,2492,0,train
2502,little willie john,leave my kitten alone,little willie john / leave my kitten alone,2493,0,test
2503,dixie chicks,if i fall youre going down with me,dixie chicks / if i fall youre going down with me,23,1,train
2504,michael gettel,turning of a key,michael gettel / turning of a key,626,0,test
2505,she satellites,no-satellites,she satellites / no-satellites,2496,0,test
2506,joe nichols,the impossible,joe nichols / the impossible,329,1,train
2507,beyonce,naughty girl,beyonce / naughty girl,255,1,train
2508,event horizon,endless ocean,event horizon / endless ocean,2499,0,train
2509,charanga forever,tumba tumba,charanga forever / tumba tumba,2500,0,train
2510,linkin park,breaking the habit,linkin park / breaking the habit,911,1,validation
2511,arsonists get all the girls,skiff for the suits,arsonists get all the girls / skiff for the suits,1456,0,train
2512,pretty ricky,on the hotline,pretty ricky / on the hotline,2503,1,train
2513,wolfchant,guardians of the forest,wolfchant / guardians of the forest,2504,0,test
2514,fergie,london bridge,fergie / london bridge,796,1,validation
2515,tullycraft,bee sting stings,tullycraft / bee sting stings,2288,0,validation
2516,shania twain,man! i feel like a woman!,shania twain / man! i feel like a woman!,1110,1,train
2517,seal,dont cry,seal / dont cry,1078,1,validation
2518,sting,when we dance,sting / when we dance,251,1,train
2519,this or the apocalypse,two wars,this or the apocalypse / two wars,2510,0,train
2520,alex ubago,temblando,alex ubago / temblando,2511,0,train
2522,patton oswalt,a brief history of shitty comedy,patton oswalt / a brief history of shitty comedy,2512,0,train
2523,janitor joe,boyfriend,janitor joe / boyfriend,2513,0,train
2524,robin thicke,lost without u,robin thicke / lost without u,2514,1,validation
2525,marc shaiman,city slickers,marc shaiman / city slickers,1548,0,train
2526,fast eddie,yo yo get funky,fast eddie / yo yo get funky,2516,0,test
2527,dj harry,other side of you,dj harry / other side of you,30,0,train
2528,bizarre inc,miracle,bizarre inc / miracle,2518,0,train
2529,dj godfather,intro,dj godfather / intro,1973,0,validation
2530,nicho hinojosa,tus viejas cartas,nicho hinojosa / tus viejas cartas,2520,0,train
2531,tevin campbell,always in my heart,tevin campbell / always in my heart,1964,1,train
2532,foo fighters,hell,foo fighters / hell,222,0,test
2533,u2,new york,u2 / new york,144,0,train
2534,simple plan,shut up,simple plan / shut up,2524,1,train
2535,2 minutos,vos no confiaste,2 minutos / vos no confiaste,1267,0,train
2536,brokencyde,freaxxx,brokencyde / freaxxx,2235,0,validation
2537,taylor hicks,takin it to the streets,taylor hicks / takin it to the streets,2527,1,test
2538,ghost machine,what you made me (ugli),ghost machine / what you made me (ugli),2528,0,train
2539,twin atlantic,what is light? where is laughter? (acoustic version),twin atlantic / what is light? where is laughter? (acoustic version),2529,0,validation
2540,marco beltrami,nomads alive,marco beltrami / nomads alive,80,0,train
2541,tamia,cant go for that,tamia / cant go for that,666,1,validation
2542,3 doors down,away from the sun,3 doors down / away from the sun,272,1,train
2543,daryl hall john oates,ill be around,daryl hall john oates / ill be around,2533,1,train
2544,ciara,promise,ciara / promise,2132,1,train
2545,w.a.s.p.,when the levee breaks,w.a.s.p. / when the levee breaks,2535,0,test
2546,goo goo dolls,black balloon,goo goo dolls / black balloon,466,1,test
2547,i hate sally,martha served,i hate sally / martha served,2537,0,train
2548,snoop dogg,lets get blown,snoop dogg / lets get blown,292,1,train
2549,house of pain,jump around,house of pain / jump around,2430,1,train
2550,the black keys,tighten up,the black keys / tighten up,2540,1,train
2551,bad company,how about that,bad company / how about that,2541,1,train
2552,kenny chesney,beer in mexico,kenny chesney / beer in mexico,983,1,train
2553,elvenking,pathfinders,elvenking / pathfinders,2543,0,train
2554,abysmal dawn,compulsory resurrection,abysmal dawn / compulsory resurrection,2544,0,test
2555,year of desolation,l.s.m.,year of desolation / l.s.m.,2545,0,test
2556,jacques dutronc,les playboys (version espagnole),jacques dutronc / les playboys (version espagnole),2546,0,train
2557,epmd,head banger,epmd / head banger,42,0,test
2558,michael gettel,memory in the snow,michael gettel / memory in the snow,626,0,test
2559,jaime jamgochian,god unchanging,jaime jamgochian / god unchanging,2549,0,train
2560,f.i.r.,i am here,f.i.r. / i am here,2550,0,train
2561,p.o.d.,alive,p.o.d. / alive,425,1,train
2562,stephen warbeck,birth of the falls,stephen warbeck / birth of the falls,2552,0,test
2563,soilwork,as the sleeper awakes,soilwork / as the sleeper awakes,2553,0,validation
2564,josh turner,me and god,josh turner / me and god,2554,1,validation
2565,don francisco,give your heart a home,don francisco / give your heart a home,2555,0,train
2566,trentemoller,in progress (original mix),trentemoller / in progress (original mix),2556,0,test
2567,t.i.,top back,t.i. / top back,317,1,train
2568,r. kelly,u saved me,r. kelly / u saved me,512,1,validation
2569,the tokens,ill always love you,the tokens / ill always love you,1085,0,test
2570,line renaud,cent mille guitares,line renaud / cent mille guitares,340,0,validation
2571,3 doors down,better life,3 doors down / better life,272,0,train
2572,andrea martin,let me return the favor,andrea martin / let me return the favor,2562,1,train
2573,thirty seconds to mars,the kill (bury me),thirty seconds to mars / the kill (bury me),2563,1,validation
2574,akon,angel,akon / angel,968,1,train
2575,skrape,searching for home,skrape / searching for home,2565,0,train
2576,bottom of the hudson,one of us,bottom of the hudson / one of us,2566,0,train
2577,radiohead,subterranean homesick alien,radiohead / subterranean homesick alien,294,0,validation
2578,astarte,thorns of charon (pt. 2) - emerge from hades,astarte / thorns of charon (pt. 2) - emerge from hades,296,0,test
2579,r. kelly,happy people,r. kelly / happy people,512,1,validation
2580,the berzerker,humanity,the berzerker / humanity,897,0,train
2581,mariah carey,someday,mariah carey / someday,225,0,train
2582,fall out boy,thriller,fall out boy / thriller,545,0,train
2583,billy gilman,oklahoma,billy gilman / oklahoma,2573,1,train
2584,faith hill,where are you christmas?,faith hill / where are you christmas?,1111,1,validation
2585,glee cast,dont stand so close to me / young girl,glee cast / dont stand so close to me / young girl,57,1,train
2586,sarah mclachlan,building a mystery,sarah mclachlan / building a mystery,1697,1,train
2587,debelah morgan,yesterday,debelah morgan / yesterday,2577,1,train
2588,ace of base,all that she wants,ace of base / all that she wants,919,1,train
2589,basic channel,phylyps trak ii/ii,basic channel / phylyps trak ii/ii,984,0,train
2590,d12,how come,d12 / how come,2580,1,train
2591,bare jr.,naked albino,bare jr. / naked albino,1401,0,train
2592,css,music is my hot hot sex,css / music is my hot hot sex,2582,1,train
2593,amoral,metamorphosis,amoral / metamorphosis,611,0,train
2594,luiz bonfa,santeleco,luiz bonfa / santeleco,1818,0,test
2595,blackalicious,rock the spot,blackalicious / rock the spot,565,0,train
2596,lonestar,everythings changed,lonestar / everythings changed,892,1,validation
2597,casiotone for the painfully alone,nashville parthenon,casiotone for the painfully alone / nashville parthenon,1335,0,test
2598,sylvester weaver,guitar rag,sylvester weaver / guitar rag,2588,0,train
2599,papa wemba,bakwetu,papa wemba / bakwetu,389,0,train
2600,photek,under the palms,photek / under the palms,66,0,train
2601,joe bataan,keep the change,joe bataan / keep the change,2015,0,train
2602,the distillers,world comes tumblin down,the distillers / world comes tumblin down,374,0,train
2603,lady antebellum,hello world,lady antebellum / hello world,1628,1,train
2604,tom petty,its good to be king,tom petty / its good to be king,2594,1,test
2605,keith urban,your everything,keith urban / your everything,320,1,train
2606,three days grace,animal i have become,three days grace / animal i have become,2596,1,train
2607,the berzerker,deform (live),the berzerker / deform (live),897,0,train
2608,amy winehouse,stronger than me,amy winehouse / stronger than me,1106,0,train
2609,claw hammer,succotash,claw hammer / succotash,2599,0,train
2610,gob,no regrets,gob / no regrets,2082,0,train
2611,bobby darin,(i heard that) lonesome whistle,bobby darin / (i heard that) lonesome whistle,2601,0,test
2612,everyday sunday,comfort zone,everyday sunday / comfort zone,2202,0,validation
2613,taylor swift,better than revenge,taylor swift / better than revenge,250,1,train
2614,backstreet boys,inconsolable,backstreet boys / inconsolable,49,1,train
2615,marco beltrami,not a kid anymore,marco beltrami / not a kid anymore,80,0,train
2616,sub swara,constructing the absence,sub swara / constructing the absence,2606,0,validation
2617,damage,love ii love,damage / love ii love,2607,1,train
2618,outkast,wailin,outkast / wailin,293,0,test
2619,opiate for the masses,21st century time bomb,opiate for the masses / 21st century time bomb,2609,0,train
2620,nickelback,we will rock you,nickelback / we will rock you,767,0,train
2621,doyle bramhall,chateau strut,doyle bramhall / chateau strut,2611,0,train
2622,vanessa daou,for anything,vanessa daou / for anything,689,0,train
2623,modeselektor,tetrispack,modeselektor / tetrispack,2613,0,test
2624,the killers,shadowplay,the killers / shadowplay,93,1,train
2625,anthony cruz,make it up,anthony cruz / make it up,2615,0,validation
2626,the escape club,call it poison,the escape club / call it poison,2616,1,test
2627,angelica,angel baby,angelica / angel baby,2617,1,train
2628,bruno mars,marry you,bruno mars / marry you,469,1,validation
2629,boyz ii men,motownphilly,boyz ii men / motownphilly,557,1,validation
2630,joe diffie,a night to remember,joe diffie / a night to remember,2620,1,train
2631,jah cure,how can i,jah cure / how can i,1021,0,train
2632,yung berg featuring casha,the business,yung berg featuring casha / the business,2622,1,train
2633,bryan adams,the only thing that looks good on me is you,bryan adams / the only thing that looks good on me is you,2623,1,train
2634,sara evans,born to fly,sara evans / born to fly,1937,1,train
2635,taya wooden,mothers rastas,taya wooden / mothers rastas,2625,0,test
2636,boyz n da hood,dem boyz,boyz n da hood / dem boyz,2626,1,test
2637,talking heads,two note swivel (unfinished outtake),talking heads / two note swivel (unfinished outtake),2627,0,train
2638,harry gregson-williams,sanchez family,harry gregson-williams / sanchez family,844,0,train
2639,methods of mayhem / scott kirkland,narcotic,methods of mayhem / scott kirkland / narcotic,2629,0,train
2640,frankie j,dont wanna try,frankie j / dont wanna try,2043,1,train
2641,cascada,what hurts the most,cascada / what hurts the most,1906,1,test
2642,estopa,exiliado en el lavabo,estopa / exiliado en el lavabo,2632,0,train
2643,ace of base,whenever youre near me,ace of base / whenever youre near me,919,1,train
2644,gabriel yared,ship in a painting,gabriel yared / ship in a painting,2293,0,train
2645,jewel,standing still,jewel / standing still,1223,1,validation
2646,michael morales,i dont wanna see you,michael morales / i dont wanna see you,2636,1,train
2647,martina mcbride,thanks a lot,martina mcbride / thanks a lot,224,0,test
2648,rihanna,dont stop the music,rihanna / dont stop the music,1236,1,validation
2649,rise against,intro/chamber the cartridge,rise against / intro/chamber the cartridge,806,0,test
2650,every time i die,after one quarter of a revolution,every time i die / after one quarter of a revolution,1725,0,train
2651,belphegor,the sukkubus lustrate,belphegor / the sukkubus lustrate,2641,0,test
2652,jeckyll & hyde,time flies,jeckyll & hyde / time flies,2642,0,train
2653,otis spann,no more doggin,otis spann / no more doggin,100,0,train
2654,less than jake,short on ideas / one last cigarette,less than jake / short on ideas / one last cigarette,2644,0,train
2655,tlc,unpretty,tlc / unpretty,782,1,train
2656,xlnc,pichleh janam dee,xlnc / pichleh janam dee,2646,0,train
2657,in extremo,vollmond,in extremo / vollmond,2647,0,validation
2658,regina belle,quiet time,regina belle / quiet time,2648,0,validation
2659,al denson,rain love,al denson / rain love,2649,0,validation
2660,bobaflex,turn the heat up,bobaflex / turn the heat up,1428,0,train
2661,lady gaga,alejandro,lady gaga / alejandro,700,1,test
2662,styles p,intro,styles p / intro,2652,0,train
2663,keane,is it any wonder?,keane / is it any wonder?,2653,1,test
2664,tim mcgraw,watch the wind blow by,tim mcgraw / watch the wind blow by,205,1,validation
2665,johnny gill,wrap my body tight,johnny gill / wrap my body tight,2655,1,train
2666,brooks & dunn,husbands and wives,brooks & dunn / husbands and wives,54,1,test
2667,nick cave & the bad seeds,new morning (live),nick cave & the bad seeds / new morning (live),902,0,train
2668,stone temple pilots,sour girl,stone temple pilots / sour girl,2658,1,train
2669,busta rhymes,genesis,busta rhymes / genesis,1527,0,test
2670,frost,la familia,frost / la familia,2660,1,train
2671,eliane elias,all the things you are,eliane elias / all the things you are,2661,0,validation
2672,ffh,why do i,ffh / why do i,658,0,train
2673,alice in chains,brother,alice in chains / brother,43,0,train
2674,brady seals,"another you, another me","brady seals / another you, another me",2664,1,train
2675,radiohead,everything in its right place,radiohead / everything in its right place,294,0,validation
2676,carl smith,loose talk,carl smith / loose talk,347,0,train
2677,paul brown,side steppin,paul brown / side steppin,169,0,train
2678,regina belle,if i ruled the world,regina belle / if i ruled the world,2648,0,validation
2679,son by four,purest of pain (a puro dolor),son by four / purest of pain (a puro dolor),2669,1,train
2680,jennifer lopez featuring styles & jadakiss,jenny from the block,jennifer lopez featuring styles & jadakiss / jenny from the block,2670,1,train
2681,ricky martin,loaded,ricky martin / loaded,2671,1,test
2682,kenny chesney,i go back,kenny chesney / i go back,983,1,train
2683,lloyd,lay it down,lloyd / lay it down,2673,1,train
2684,bill engvall with special guest travis tritt,heres your sign (get the picture),bill engvall with special guest travis tritt / heres your sign (get the picture),2674,1,validation
2685,arrested development,ease my mind,arrested development / ease my mind,2407,1,train
2686,artists for haiti,we are the world 25: for haiti,artists for haiti / we are the world 25: for haiti,2676,1,train
2687,mary j. blige,i can love you,mary j. blige / i can love you,107,1,test
2688,buddy miles,midnight rider,buddy miles / midnight rider,2678,0,train
2689,los amigos invisibles,nerio compra una contestadora,los amigos invisibles / nerio compra una contestadora,747,0,train
2690,onerepublic,stop and stare,onerepublic / stop and stare,179,1,test
2691,david cook,i did it for you,david cook / i did it for you,2135,0,test
2692,glee cast featuring jonathan groff,like a prayer,glee cast featuring jonathan groff / like a prayer,821,1,train
2693,christopher wilde,starstruck,christopher wilde / starstruck,2683,1,test
2694,juanes,me enamora,juanes / me enamora,1557,1,train
2695,rihanna,only girl (in the world),rihanna / only girl (in the world),1236,1,validation
2696,pascal obispo,la machine,pascal obispo / la machine,2686,0,train
2697,swizz beatz,its me snitches,swizz beatz / its me snitches,2687,1,validation
2698,bigelf,superstar,bigelf / superstar,2688,0,train
2699,my chemical romance,the end. [live in mexico],my chemical romance / the end. [live in mexico],1098,0,train
2700,tinariwen,chatma,tinariwen / chatma,1211,0,train
2701,siouxsie,into a swan,siouxsie / into a swan,2691,0,train
2702,esa pakarinen,vanhapoika-severi,esa pakarinen / vanhapoika-severi,2386,0,train
2703,michelle branch,all you wanted,michelle branch / all you wanted,1566,1,train
2704,george strait,"easy come, easy go","george strait / easy come, easy go",154,1,train
2705,martha wainwright,comin tonight,martha wainwright / comin tonight,2695,0,train
2706,dru down,pimp of the year,dru down / pimp of the year,1416,1,train
2707,toby keith,whiskey girl,toby keith / whiskey girl,270,1,train
2708,jack off jill,horrible,jack off jill / horrible,2698,0,validation
2709,50 cent,u not like me,50 cent / u not like me,241,0,validation
2710,kool moe dee,death blow,kool moe dee / death blow,2700,0,train
2711,albert collins,same old thing,albert collins / same old thing,2701,0,train
2712,alexandre desplat,meeting daisy,alexandre desplat / meeting daisy,1816,0,validation
2713,carlos vives,cancion de amor eterno,carlos vives / cancion de amor eterno,1786,0,test
2714,leann rimes,looking through your eyes,leann rimes / looking through your eyes,280,1,train
2715,reba mcentire,till you love me,reba mcentire / till you love me,1119,1,train
2716,luke vibert,mate tron,luke vibert / mate tron,706,0,test
2717,richard galliano,les forains,richard galliano / les forains,532,0,train
2718,jimi hendrix,lullaby for the summer,jimi hendrix / lullaby for the summer,1912,0,train
2719,lil wayne,a milli,lil wayne / a milli,719,1,test
2720,the fever,bye bye betty blue,the fever / bye bye betty blue,2710,0,train
2721,lisa lisa and cult jam,let the beat hit em,lisa lisa and cult jam / let the beat hit em,2711,1,train
2722,billy currington,thats how country boys roll,billy currington / thats how country boys roll,2185,1,test
2723,bone thugs-n-harmony,servin tha fiends,bone thugs-n-harmony / servin tha fiends,576,0,train
2724,richie ray & bobby cruz,el gallo y la vaca,richie ray & bobby cruz / el gallo y la vaca,2714,0,train
2725,little brother,second chances feat. bilal & darien brockington,little brother / second chances feat. bilal & darien brockington,2715,0,validation
2726,the veronicas,take me on the floor,the veronicas / take me on the floor,2716,1,train
2727,esser,headlock,esser / headlock,2717,0,train
2728,steve vai,angel food,steve vai / angel food,679,0,train
2729,whitney houston,i learned from the best,whitney houston / i learned from the best,623,1,test
2730,grupo batuque,ole ola,grupo batuque / ole ola,2720,0,train
2731,monica,u shouldve known better,monica / u shouldve known better,1716,1,test
2732,beck,the new pollution,beck / the new pollution,1017,1,train
2733,glee cast,i want to hold your hand,glee cast / i want to hold your hand,57,1,train
2734,francis lai,la valse du mariage,francis lai / la valse du mariage,1920,0,train
2735,u2,vertigo,u2 / vertigo,144,1,train
2736,busdriver,(bloody paw on the) kill floor,busdriver / (bloody paw on the) kill floor,1188,0,train
2737,stone sour,bother,stone sour / bother,2727,1,train
2738,ghorwane,matarlatanta,ghorwane / matarlatanta,2728,0,train
2739,hoku,another dumb blonde,hoku / another dumb blonde,2729,1,train
2740,she moves,its your love,she moves / its your love,2730,1,train
2741,michael jackson,tabloid junkie,michael jackson / tabloid junkie,254,0,test
2742,bryan ferry,going down,bryan ferry / going down,304,0,test
2743,erja lyytinen,soul of a man,erja lyytinen / soul of a man,2733,0,test
2744,trivium,the deceived,trivium / the deceived,2734,0,train
2745,crystal waters,what i need,crystal waters / what i need,2735,1,train
2746,vangelis,el greco: movement iii,vangelis / el greco: movement iii,113,0,test
2747,richard galliano,french touch,richard galliano / french touch,532,0,train
2748,michael jackson,you rock my world,michael jackson / you rock my world,254,1,test
2749,jennifer lopez,waiting for tonight,jennifer lopez / waiting for tonight,348,1,validation
2750,abysmal dawn,programmed to consume,abysmal dawn / programmed to consume,2544,0,test
2751,fuel,falls on me,fuel / falls on me,1957,1,train
2752,marc lavoine,si tu veux le savoir,marc lavoine / si tu veux le savoir,2742,0,train
2753,cleopatra,cleopatras theme,cleopatra / cleopatras theme,2743,1,validation
2754,40 grit,a part of me,40 grit / a part of me,1186,0,test
2755,warrior king,breath of fresh air,warrior king / breath of fresh air,800,0,train
2756,beyonce,get me bodied,beyonce / get me bodied,255,1,train
2757,the crystal method,realizer,the crystal method / realizer,536,0,train
2758,warren barfield,unleashed,warren barfield / unleashed,2748,0,train
2759,collin raye,"one boy, one girl","collin raye / one boy, one girl",2749,1,validation
2760,owl city,on the wing,owl city / on the wing,2147,0,train
2761,shelby lynne,old times sake,shelby lynne / old times sake,450,0,train
2762,bryan adams,thought id died and gone to heaven,bryan adams / thought id died and gone to heaven,2623,1,train
2763,dmx,look thru my eyes,dmx / look thru my eyes,2137,0,validation
2764,lost boyz,certain things we do,lost boyz / certain things we do,1196,0,train
2765,celine dion,misled,celine dion / misled,1835,1,train
2766,gloria estefan,heavens what i feel,gloria estefan / heavens what i feel,1362,1,test
2767,dimmu borgir,master of disharmony,dimmu borgir / master of disharmony,484,0,test
2768,hot club of cowtown,the magic violin,hot club of cowtown / the magic violin,1718,0,train
2769,the frequency,own me,the frequency / own me,2482,0,validation
2770,tantric,walk away,tantric / walk away,2760,0,train
2771,crematorium,dying under a binary star,crematorium / dying under a binary star,2761,0,test
2772,lenny kravitz,rock and roll is dead,lenny kravitz / rock and roll is dead,372,1,train
2773,floor,assassin,floor / assassin,1797,0,train
2774,terror fabulous,position,terror fabulous / position,2764,0,train
2775,my chemical romance,na na na (na na na na na na na na na),my chemical romance / na na na (na na na na na na na na na),1098,1,train
2776,natural selection,do anything,natural selection / do anything,2766,1,validation
2777,fruko y sus tesos,la fruta bomba,fruko y sus tesos / la fruta bomba,2767,0,test
2778,collin raye,someone you used to know,collin raye / someone you used to know,2749,1,validation
2779,coldworld,schmerzensschreie,coldworld / schmerzensschreie,2769,0,train
2780,at all cost,drugs,at all cost / drugs,2770,0,validation
2781,sugarbomb,posterchild for tragedy,sugarbomb / posterchild for tragedy,140,0,train
2782,2 minutos,rompan todo,2 minutos / rompan todo,1267,0,train
2783,agnostic front,rock star,agnostic front / rock star,786,0,test
2784,terry callier,holdin on,terry callier / holdin on,763,0,train
2785,christina aguilera,show me how you burlesque,christina aguilera / show me how you burlesque,36,1,train
2786,avril lavigne,losing grip,avril lavigne / losing grip,936,1,train
2787,black eyed peas / terry dexter,magic,black eyed peas / terry dexter / magic,2777,0,train
2788,george michael,amazing,george michael / amazing,1107,0,train
2789,sonora carruseles,vitamina,sonora carruseles / vitamina,2475,0,train
2790,hannah montana,this is the life,hannah montana / this is the life,33,1,validation
2791,real mccoy,automatic lover (call for love),real mccoy / automatic lover (call for love),2781,1,train
2792,maroon 5,sunday morning,maroon 5 / sunday morning,737,1,train
2793,juelz santana,there it go (the whistle song),juelz santana / there it go (the whistle song),2783,0,train
2794,!!!,myth takes,!!! / myth takes,2784,0,train
2795,maxwell,ascension (dont ever wonder),maxwell / ascension (dont ever wonder),2785,1,test
2796,keith urban,only you can love me this way,keith urban / only you can love me this way,320,1,train
2797,martina mcbride,when god-fearin women get the blues,martina mcbride / when god-fearin women get the blues,224,1,test
2798,ephraim lewis,drowning in your eyes,ephraim lewis / drowning in your eyes,2788,1,test
2799,j.j. cale,midnight in memphis,j.j. cale / midnight in memphis,2789,0,validation
2800,the disposable heroes of hiphoprisy,music and politics,the disposable heroes of hiphoprisy / music and politics,2790,0,train
2801,the ocean,catharsis of a heretic,the ocean / catharsis of a heretic,2791,0,validation
2802,t.i.,24s,t.i. / 24s,317,1,train
2803,jeremy spencer,maria de santiago,jeremy spencer / maria de santiago,1301,0,train
2804,evanescence,good enough,evanescence / good enough,2794,0,validation
2805,ashton shepherd,old memory,ashton shepherd / old memory,2795,0,train
2806,deekline & wizard,sun is shining,deekline & wizard / sun is shining,2796,0,train
2807,hole,doll parts,hole / doll parts,2797,1,train
2808,dora the explorer,mary had a little lamb,dora the explorer / mary had a little lamb,71,0,train
2809,josh gracin,nothin to lose,josh gracin / nothin to lose,1568,1,test
2810,gene clark,set you free this time,gene clark / set you free this time,2800,0,train
2811,amy winehouse,in my bed,amy winehouse / in my bed,1106,0,train
2812,dave brockie experience,slips of paper,dave brockie experience / slips of paper,1977,0,train
2813,jennifer lopez featuring big pun & fat joe,feelin so good,jennifer lopez featuring big pun & fat joe / feelin so good,2803,1,train
2814,kyle eastwood,samba de paris,kyle eastwood / samba de paris,2804,0,test
2815,patsy cline,i cried all the way to the altar,patsy cline / i cried all the way to the altar,2805,0,test
2816,furry lewis,old hobo,furry lewis / old hobo,2806,0,train
2817,anti-flag,on independence day,anti-flag / on independence day,1200,0,train
2819,tim mcgraw,unbroken,tim mcgraw / unbroken,205,1,validation
2820,stevie ray vaughan and double trouble,chitlins con carne,stevie ray vaughan and double trouble / chitlins con carne,596,0,train
2821,kitaro,trong com,kitaro / trong com,149,0,validation
2822,janet jackson,if,janet jackson / if,275,1,train
2823,3 doors down,here without you,3 doors down / here without you,272,1,train
2824,luther vandross,the rush,luther vandross / the rush,112,1,train
2825,def leppard,make love like a man,def leppard / make love like a man,1655,1,train
2826,mother superior,get that girl (remix),mother superior / get that girl (remix),2815,0,train
2827,mobb deep,(the grave prelude),mobb deep / (the grave prelude),1175,0,train
2828,atb,collides with beauty,atb / collides with beauty,1349,0,test
2829,pagan wanderer lu,knight -> king 4,pagan wanderer lu / knight -> king 4,2818,0,train
2830,toni braxton,best friend,toni braxton / best friend,4,0,train
2831,restless heart,when she cries,restless heart / when she cries,2820,1,train
2832,wu-tang clan,c.r.e.a.m. (cash rules everything around me),wu-tang clan / c.r.e.a.m. (cash rules everything around me),2821,1,test
2833,soul asylum,slowly rising,soul asylum / slowly rising,1560,0,train
2834,j.b. lenoir,i feel so good,j.b. lenoir / i feel so good,1465,0,train
2835,bodies in the gears of the apparatus,xenophobic hate machine,bodies in the gears of the apparatus / xenophobic hate machine,2824,0,train
2836,dave valentin,sunshower,dave valentin / sunshower,2825,0,train
2837,yami bolo,put down your weapons,yami bolo / put down your weapons,2092,0,test
2838,queens of the stone age,this lullaby,queens of the stone age / this lullaby,920,0,validation
2839,rita chiarelli,chiove,rita chiarelli / chiove,461,0,validation
2840,will ackerman,a movie of a placid lake on a moonless night in september,will ackerman / a movie of a placid lake on a moonless night in september,2270,0,validation
2841,robin fox,wonderland,robin fox / wonderland,2830,0,train
2842,captain hollywood project,find another way,captain hollywood project / find another way,465,0,validation
2843,natasha bedingfield,pocketful of sunshine,natasha bedingfield / pocketful of sunshine,917,1,test
2844,dave matthews band,tripping billies,dave matthews band / tripping billies,2833,0,validation
2845,mxpx,drum machine joy,mxpx / drum machine joy,301,0,validation
2846,lit,lovely day,lit / lovely day,2835,0,train
2847,firehose,tien an man dream again,firehose / tien an man dream again,1693,0,validation
2848,naughty by nature,family tree,naughty by nature / family tree,801,0,test
2849,eberhard weber,unfinished self-portrait,eberhard weber / unfinished self-portrait,2838,0,train
2850,truckfighters,traffic,truckfighters / traffic,2839,0,test
2851,long beach dub allstars,kablammin it,long beach dub allstars / kablammin it,1206,0,train
2852,reba,what do you say,reba / what do you say,2841,1,test
2853,lloyd banks,south side story,lloyd banks / south side story,2842,0,train
2854,alice in chains,angry chair,alice in chains / angry chair,43,0,train
2855,arc angels,see what tomorrow brings,arc angels / see what tomorrow brings,739,0,train
2856,stevie ray vaughan,crossfire,stevie ray vaughan / crossfire,2845,0,test
2857,buddy jewell,sweet southern comfort,buddy jewell / sweet southern comfort,2846,1,train
2858,backstreet boys,drowning,backstreet boys / drowning,49,1,train
2859,masta ace incorporated,sittin on chrome,masta ace incorporated / sittin on chrome,2848,1,train
2860,glee cast,losing my religion,glee cast / losing my religion,57,1,train
2861,keith sweat,ill give all my love to you,keith sweat / ill give all my love to you,2850,1,train
2862,terror squad / remy / prospect / armageddon,hum drum,terror squad / remy / prospect / armageddon / hum drum,2851,0,train
2863,jan wayne,groovin,jan wayne / groovin,839,0,train
2864,staind,for you,staind / for you,1441,1,test
2865,candlebox,breathe me in,candlebox / breathe me in,2854,0,train
2866,"10,000 maniacs",these are days,"10,000 maniacs / these are days",2855,1,train
2867,saosin,bury your head (acoustic),saosin / bury your head (acoustic),2856,0,train
2868,don francisco,gotta tell somebody,don francisco / gotta tell somebody,2555,0,train
2869,onyx,slam,onyx / slam,1578,1,train
2870,korn,twisted transistor,korn / twisted transistor,51,1,train
2871,martina mcbride,concrete angel,martina mcbride / concrete angel,224,1,test
2872,screamin jay hawkins,talk about me,screamin jay hawkins / talk about me,2861,0,train
2873,the suicide machines,your silence,the suicide machines / your silence,1518,0,train
2874,damn yankees,high enough,damn yankees / high enough,2207,1,train
2875,paula abdul,rush rush,paula abdul / rush rush,2238,1,train
2876,josh turner,long black train,josh turner / long black train,2554,1,validation
2877,hot chip,ready for the floor (radio edit),hot chip / ready for the floor (radio edit),2866,0,test
2878,deborah coleman,confused,deborah coleman / confused,848,0,train
2879,alex ubago,ciudad desierta,alex ubago / ciudad desierta,2511,0,train
2880,scott matthews,city headache,scott matthews / city headache,710,0,test
2881,luke bryan,country man,luke bryan / country man,276,1,train
2882,christina aguilera,hurt,christina aguilera / hurt,36,1,train
2883,alexandre desplat,hidden documents,alexandre desplat / hidden documents,1816,0,validation
2884,kandi,dont think im not,kandi / dont think im not,2873,1,train
2885,kasia stankiewicz,zolte slonie,kasia stankiewicz / zolte slonie,2874,0,train
2886,susan boyle,wild horses,susan boyle / wild horses,2875,1,test
2887,arrested development,mr. wendal,arrested development / mr. wendal,2407,1,train
2888,lionel richie,just for you,lionel richie / just for you,240,1,test
2889,die fantastischen vier,was wollen wir noch mehr?,die fantastischen vier / was wollen wir noch mehr?,2878,0,train
2890,johnny horton,got the bull by the horns,johnny horton / got the bull by the horns,355,0,train
2891,keyshia cole,you complete me,keyshia cole / you complete me,1840,1,train
2892,semisonic,gone to the movies,semisonic / gone to the movies,99,0,train
2893,shai,i dont wanna be alone,shai / i dont wanna be alone,2882,1,train
2894,eiffel 65,blue (da ba dee),eiffel 65 / blue (da ba dee),2883,1,train
2895,jope ruonansuu,rant kanaria,jope ruonansuu / rant kanaria,1425,0,validation
2896,information society,slipping away/here is kazmeyer,information society / slipping away/here is kazmeyer,384,0,train
2897,coo coo cal,my projects,coo coo cal / my projects,2886,1,test
2898,the field mice,below the stars,the field mice / below the stars,2887,0,train
2899,olivia ruiz,vitrier,olivia ruiz / vitrier,2888,0,train
2900,tyrese,sweet lady,tyrese / sweet lady,451,1,train
2901,kalibas,from ivory towers above the control grid,kalibas / from ivory towers above the control grid,2890,0,train
2902,francis dunnery,too much saturn,francis dunnery / too much saturn,777,0,test
2903,the chap,we are not impartial,the chap / we are not impartial,18,0,train
2904,cradle of filth,summer dying fast,cradle of filth / summer dying fast,2893,0,train
2905,queensryche,silent lucidity,queensryche / silent lucidity,2894,1,train
2906,luniz,i got 5 on it,luniz / i got 5 on it,2895,1,train
2907,john mayer,free fallin,john mayer / free fallin,2395,1,train
2908,capleton,when me a move,capleton / when me a move,2219,0,train
2909,trent tomlinson,one wing in the fire,trent tomlinson / one wing in the fire,2898,1,validation
2910,david nail,red light,david nail / red light,2899,1,train
2911,lifehouse,first time,lifehouse / first time,158,1,validation
2912,beyonce,sweet dreams,beyonce / sweet dreams,255,1,train
2913,modeselektor,we do it too,modeselektor / we do it too,2613,0,test
2914,russ irwin,my heart belongs to you,russ irwin / my heart belongs to you,2903,1,train
2915,black box,strike it up,black box / strike it up,2904,1,test
2916,metallica,nothing else matters,metallica / nothing else matters,87,1,test
2917,britney spears,shattered glass,britney spears / shattered glass,513,1,test
2918,rob thomas,someday,rob thomas / someday,2907,1,train
2919,boy george,"the crying game (from the crying game"")""","boy george / the crying game (from the crying game"")""",2908,1,train
2920,mad lion,take it easy,mad lion / take it easy,2909,1,train
2921,tina turner,why must we wait until tonight,tina turner / why must we wait until tonight,2910,1,validation
2922,simple minds,chelsea girl (live),simple minds / chelsea girl (live),908,0,train
2923,lost boyz,get your hustle on,lost boyz / get your hustle on,1196,0,train
2924,galactic,squarebiz,galactic / squarebiz,681,0,train
2925,k-os,b-boy stance,k-os / b-boy stance,1095,0,train
2926,sleepy john estes,need more blues,sleepy john estes / need more blues,2915,0,train
2927,danny elfman,the kingdom - titles,danny elfman / the kingdom - titles,2916,0,train
2928,stanley clarke,what if i forget the champagne,stanley clarke / what if i forget the champagne,2917,0,train
2929,workhorse,serus,workhorse / serus,2918,0,test
2930,facto delafe y las flores azules,desde el este,facto delafe y las flores azules / desde el este,2919,0,train
2931,jesse malin,almost grown,jesse malin / almost grown,628,0,test
2932,ashanti,foolish,ashanti / foolish,2921,1,test
2933,janet jackson,just a little while,janet jackson / just a little while,275,1,train
2934,tin hat trio,width of the world,tin hat trio / width of the world,2923,0,train
2935,nine inch nails,the frail,nine inch nails / the frail,430,0,train
2936,ty herndon,steam,ty herndon / steam,2209,1,test
2937,edward maya & vika jigulina,stereo love,edward maya & vika jigulina / stereo love,2926,1,train
2938,paul glazby,beautiful,paul glazby / beautiful,2927,0,validation
2939,candyman,nightgown,candyman / nightgown,2928,1,test
2940,outkast,"so fresh, so clean","outkast / so fresh, so clean",293,1,test
2941,klaus badelt,after the fire,klaus badelt / after the fire,89,0,train
2942,panzer ag,when i am you,panzer ag / when i am you,2931,0,train
2943,toby keith,a little too late,toby keith / a little too late,270,1,train
2944,blind willie mctell,boll weevil,blind willie mctell / boll weevil,2933,0,validation
2945,david arkenstone,drifting,david arkenstone / drifting,1842,0,validation
2946,trisha yearwood,ill still love you more,trisha yearwood / ill still love you more,2935,1,train
2947,2 minutos,14 botellas,2 minutos / 14 botellas,1267,0,train
2948,arthur tracy,a sailboat in the moonlight,arthur tracy / a sailboat in the moonlight,1291,0,test
2949,t-la rock,back to burn,t-la rock / back to burn,2938,0,train
2950,the highwaymen,the road goes on forever,the highwaymen / the road goes on forever,2939,0,train
2951,thirty seconds to mars,from yesterday,thirty seconds to mars / from yesterday,2563,1,validation
2952,autumnblaze,her golden robe in silence veiled,autumnblaze / her golden robe in silence veiled,208,0,validation
2953,brad paisley,american saturday night,brad paisley / american saturday night,502,1,train
2954,coldplay,speed of sound,coldplay / speed of sound,181,1,test
2955,jack johnson,adrift,jack johnson / adrift,974,0,train
2956,sizzla,love & devotion,sizzla / love & devotion,486,0,train
2957,lady antebellum,lookin for a good time,lady antebellum / lookin for a good time,1628,1,train
2958,peter gallagher,everytime it rains,peter gallagher / everytime it rains,2947,0,train
2959,mariah carey,all i want for christmas is you,mariah carey / all i want for christmas is you,225,1,train
2960,hannah montana,he could be the one,hannah montana / he could be the one,33,1,validation
2961,voice of the beehive,monsters and angels,voice of the beehive / monsters and angels,2950,1,train
2962,bally sagoo,punjabian di chale glassi,bally sagoo / punjabian di chale glassi,2951,0,train
2963,simply red,thrill me,simply red / thrill me,426,0,train
2964,hannah montana,lifes what you make it,hannah montana / lifes what you make it,33,1,validation
2965,ten madison,cup horn,ten madison / cup horn,591,0,test
2966,staind,its been awhile,staind / its been awhile,1441,1,test
2967,novika,mikawa miya,novika / mikawa miya,2405,0,validation
2968,the tragically hip,the drop-off,the tragically hip / the drop-off,1645,0,train
2969,daler mehndi,teri nau ke paune teen,daler mehndi / teri nau ke paune teen,2958,0,validation
2970,helen love,rollercoasting,helen love / rollercoasting,1036,0,train
2971,sticky fingaz,oh my god,sticky fingaz / oh my god,2960,0,train
2972,sonny terry,my baby likes to shuffle,sonny terry / my baby likes to shuffle,2961,0,validation
2973,incubus,just a phase,incubus / just a phase,895,0,validation
2974,bryan adams,do i have to say the words?,bryan adams / do i have to say the words?,2623,1,train
2975,tito puente,mambo suavecito,tito puente / mambo suavecito,399,0,train
2976,justin timberlake,what goes around...comes around,justin timberlake / what goes around...comes around,901,1,train
2977,the click,hurricane,the click / hurricane,2966,1,validation
2978,byther smith,so unhappy,byther smith / so unhappy,2967,0,train
2979,sylver,sympathy,sylver / sympathy,2968,0,train
2980,daddy yankee,a lo clasico,daddy yankee / a lo clasico,1676,0,train
2981,james hunter,class act,james hunter / class act,2970,0,validation
2982,tim exile,family galaxy,tim exile / family galaxy,221,0,validation
2983,50 cent,just a lil bit,50 cent / just a lil bit,241,1,validation
2984,david banner,play,david banner / play,616,1,validation
2985,the rebel pebbles,dream lover,the rebel pebbles / dream lover,2974,1,train
2986,tom petty and the heartbreakers,"walls (from shes the one"")""","tom petty and the heartbreakers / walls (from shes the one"")""",1055,1,test
2987,dub pistols feat. tk,revitalise,dub pistols feat. tk / revitalise,2976,0,train
2988,hi-c,im not your puppet,hi-c / im not your puppet,2977,1,train
2989,kaija koo,viimeiset hitaat,kaija koo / viimeiset hitaat,354,0,train
2990,sir mix-a-lot,baby got back,sir mix-a-lot / baby got back,2979,1,test
2991,new found glory,sucker,new found glory / sucker,2980,0,test
2992,dark party,active,dark party / active,2981,0,train
2993,b2k featuring fabolous,badaboom,b2k featuring fabolous / badaboom,2982,1,test
2994,behemoth,hello space boy,behemoth / hello space boy,641,0,test
2995,mary j. blige,ooh!,mary j. blige / ooh!,107,1,test
2996,sophie b. hawkins,did we not choose each other,sophie b. hawkins / did we not choose each other,734,0,train
2997,cocoa tea,hurry up and come,cocoa tea / hurry up and come,1776,0,validation
2998,martina mcbride,blessed,martina mcbride / blessed,224,1,test
2999,wendo kolosoy,marie marie,wendo kolosoy / marie marie,2988,0,train
3000,cassie,me & u,cassie / me & u,2989,1,validation
3001,ice cube,why we thugs,ice cube / why we thugs,1998,1,train
3002,muse,uprising,muse / uprising,2991,1,train
3003,vilma palma e vampiros,verano traidor,vilma palma e vampiros / verano traidor,2071,0,train
3004,tim exile,post-toxic finger disorder,tim exile / post-toxic finger disorder,221,0,validation
3005,alicia keys,heartburn,alicia keys / heartburn,439,0,train
3006,love jones,matter of fact,love jones / matter of fact,809,0,test
3007,martha wainwright,who was i kidding,martha wainwright / who was i kidding,2695,0,train
3008,eighteen visions,our darkest days,eighteen visions / our darkest days,2997,0,validation
3009,patience dabany,abagui alobi,patience dabany / abagui alobi,2998,0,validation
3010,toby keith,how do you like me now?!,toby keith / how do you like me now?!,270,1,train
3011,jibbs,chain hang low,jibbs / chain hang low,3000,1,train
3012,bessie smith,gin house blues,bessie smith / gin house blues,961,0,train
3014,set your goals,this very moment,set your goals / this very moment,607,0,test
3015,disembowelment,your prophetic throne of ivory,disembowelment / your prophetic throne of ivory,3003,0,train
3016,mungo jerry,pushbike song,mungo jerry / pushbike song,3004,0,test
3017,cocoa tea,getting closer,cocoa tea / getting closer,1776,0,validation
3018,jamie oneal,somebodys hero,jamie oneal / somebodys hero,3006,1,train
3019,ffh,listen,ffh / listen,658,0,train
3020,katy perry,teenage dream,katy perry / teenage dream,1091,1,train
3021,whitney houston & deborah cox,"same script, different cast","whitney houston & deborah cox / same script, different cast",3009,1,test
3022,shania twain,that dont impress me much,shania twain / that dont impress me much,1110,1,train
3023,willie colon,guajira y ven,willie colon / guajira y ven,3011,0,validation
3024,helmet,street crab,helmet / street crab,664,0,test
3025,gorilla zoe,hood figga,gorilla zoe / hood figga,3013,1,validation
3026,lords of the underground,tic toc,lords of the underground / tic toc,993,1,validation
3027,aerosmith,milkcow blues,aerosmith / milkcow blues,490,0,train
3028,joe satriani,house full of bullets,joe satriani / house full of bullets,2336,0,train
3029,jack off jill,yellow brick road,jack off jill / yellow brick road,2698,0,validation
3030,michael w. smith,somebody love me,michael w. smith / somebody love me,2134,1,train
3031,guns n roses,locomotive (complicity),guns n roses / locomotive (complicity),834,0,train
3032,skeeter davis,santa claus is coming to town,skeeter davis / santa claus is coming to town,2346,0,train
3033,jennifer lopez,que hiciste,jennifer lopez / que hiciste,348,1,validation
3034,michael whalen,a new heart,michael whalen / a new heart,3022,0,train
3035,falco,monarchy now,falco / monarchy now,3023,0,train
3036,stacy earl,slowly,stacy earl / slowly,3024,1,train
3037,casiotone for the painfully alone,attic room,casiotone for the painfully alone / attic room,1335,0,test
3038,dru hill,i love you,dru hill / i love you,1802,1,train
3039,fruko y sus tesos,tania,fruko y sus tesos / tania,2767,0,test
3040,jennifer lopez,we gotta talk,jennifer lopez / we gotta talk,348,0,validation
3041,kassav,loko,kassav / loko,1524,0,test
3042,train,meet virginia,train / meet virginia,2488,1,test
3043,atari teenage riot,live at brixton academy 1999,atari teenage riot / live at brixton academy 1999,2228,0,train
3044,prince and the new power generation,the morning papers,prince and the new power generation / the morning papers,3032,1,test
3045,los chunguitos,por la calle abajo,los chunguitos / por la calle abajo,3033,0,validation
3046,jason aldean,laughed until we cried,jason aldean / laughed until we cried,930,1,train
3047,tin hat trio,scrap,tin hat trio / scrap,2923,0,train
3048,finger eleven,one thing,finger eleven / one thing,404,1,test
3049,toad the wet sprocket,fall down,toad the wet sprocket / fall down,3037,1,train
3050,vhs or beta,you got me (the juan maclean dub),vhs or beta / you got me (the juan maclean dub),686,0,train
3051,boyz ii men,in my life,boyz ii men / in my life,557,0,validation
3052,it dies today,one the road (to damnation),it dies today / one the road (to damnation),3040,0,train
3053,oldelaf et monsieur d,rue de nantes,oldelaf et monsieur d / rue de nantes,2005,0,train
3054,lost boyz,lifestyles of the rich and shameless,lost boyz / lifestyles of the rich and shameless,1196,1,train
3055,fantasia,when i see u,fantasia / when i see u,2413,1,train
3056,kim wilson,got to let you go,kim wilson / got to let you go,3044,0,train
3057,george michael,jesus to a child,george michael / jesus to a child,1107,1,train
3058,the fray,you found me,the fray / you found me,3046,1,test
3059,dimmu borgir,broderskapets ring,dimmu borgir / broderskapets ring,484,0,test
3060,nestor torres,this side of paradise,nestor torres / this side of paradise,3048,0,train
3061,shai hulud,we who finish last,shai hulud / we who finish last,3049,0,train
3062,darwin hobbs,you are god (broken album version),darwin hobbs / you are god (broken album version),32,0,train
3063,the postal service,we will become silhouettes,the postal service / we will become silhouettes,3051,1,test
3064,michael gettel,wind and water,michael gettel / wind and water,626,0,test
3065,sonic subjunkies,turntable terrorist,sonic subjunkies / turntable terrorist,2018,0,train
3066,d4l,betcha cant do it like me,d4l / betcha cant do it like me,3054,1,validation
3067,lustra,scotty doesnt know,lustra / scotty doesnt know,3055,1,train
3068,terry callier,blues,terry callier / blues,763,0,train
3069,andy griggs,tonight i wanna be your man,andy griggs / tonight i wanna be your man,978,1,train
3070,otis spann,must have been the devil,otis spann / must have been the devil,100,0,train
3071,trey songz,i need a girl,trey songz / i need a girl,6,1,train
3072,capleton,raggy road,capleton / raggy road,2219,0,train
3073,meredith brooks,what would happen,meredith brooks / what would happen,3061,1,train
3074,the wiseguys,start the commotion,the wiseguys / start the commotion,3062,1,validation
3075,sergio dalma,un cachito de ti,sergio dalma / un cachito de ti,1187,0,train
3076,all time low,umbrella,all time low / umbrella,3064,0,train
3077,fabolous,you be killin em,fabolous / you be killin em,3065,1,train
3078,jerrod niemann,"lover, lover","jerrod niemann / lover, lover",3066,1,validation
3079,ray barretto,guarare,ray barretto / guarare,3067,0,train
3080,crystal bowersox,up to the mountain,crystal bowersox / up to the mountain,3068,1,train
3081,ll cool j / freeway,what you want,ll cool j / freeway / what you want,3069,0,test
3082,guns n roses,since i dont have you,guns n roses / since i dont have you,834,1,train
3083,del tha funkee homosapien,mistadobalina,del tha funkee homosapien / mistadobalina,3071,0,validation
3084,disturbed,inside the fire,disturbed / inside the fire,1379,1,train
3085,debbie davies,backseat driver,debbie davies / backseat driver,1,0,test
3086,little milton,little bluebird,little milton / little bluebird,2059,0,test
3087,us3,cantaloop (flip fantasia),us3 / cantaloop (flip fantasia),3075,1,test
3088,bt,henrys death,bt / henrys death,335,0,train
3089,every time i die,your touch versus death,every time i die / your touch versus death,1725,0,train
3090,weezer,dope nose,weezer / dope nose,3078,0,validation
3091,gorillaz,white light,gorillaz / white light,297,0,train
3092,becoming the archetype,end of the age,becoming the archetype / end of the age,1393,0,test
3093,alan silvestri,full house,alan silvestri / full house,3081,0,train
3094,deep forest,sweet lullaby,deep forest / sweet lullaby,1009,1,train
3095,anne dudley,still lost in the forest,anne dudley / still lost in the forest,2352,0,test
3096,the soup dragons,divine thing,the soup dragons / divine thing,3084,1,train
3097,tim hughes,dance,tim hughes / dance,3085,0,train
3098,deitrick haddon,stir the gift,deitrick haddon / stir the gift,3086,0,test
3099,sonora carruseles,que suene mi campana,sonora carruseles / que suene mi campana,2475,0,train
3100,king curtis,ode to billie joe  (live @ fillmore west),king curtis / ode to billie joe (live @ fillmore west),3088,0,train
3101,deep forest,green and blue,deep forest / green and blue,1009,0,train
3102,marshall crenshaw,from now until then,marshall crenshaw / from now until then,1624,0,train
3103,j. cole,who dat,j. cole / who dat,3091,1,validation
3104,outkast,call of da wild,outkast / call of da wild,293,0,test
3105,nick cave & the bad seeds,still in love,nick cave & the bad seeds / still in love,902,0,train
3106,deborah allen,i will always love you,deborah allen / i will always love you,3094,0,test
3107,maxwell,pretty wings,maxwell / pretty wings,2785,1,test
3108,miley cyrus,see you again,miley cyrus / see you again,1125,1,test
3109,brasilian tropical orchestra,yesterday,brasilian tropical orchestra / yesterday,3097,0,train
3110,naughty by nature,written on ya kitten,naughty by nature / written on ya kitten,801,1,test
3111,bottom of the hudson,eagle eye,bottom of the hudson / eagle eye,2566,0,train
3112,cause and effect,another minute,cause and effect / another minute,3100,1,test
3113,the northern pikes,she aint pretty,the northern pikes / she aint pretty,3101,1,validation
3114,trick pony,pour me,trick pony / pour me,3102,1,train
3115,junior kimbrough,lonesome road,junior kimbrough / lonesome road,1447,0,train
3116,minnie riperton,les fleurs,minnie riperton / les fleurs,3104,0,test
3117,trixter,give it to me good,trixter / give it to me good,940,1,train
3118,tanto metro & devonte,give it to her,tanto metro & devonte / give it to her,1409,1,test
3119,irma thomas,we all need love,irma thomas / we all need love,55,0,train
3120,zombie nation,kernkraft 400,zombie nation / kernkraft 400,3108,1,validation
3121,jaheim,put that woman first,jaheim / put that woman first,111,1,train
3122,eminem,when im gone,eminem / when im gone,94,1,validation
3123,zombina & the skeletones,i was a human bomb for the fbi,zombina & the skeletones / i was a human bomb for the fbi,2020,0,test
3124,evanescence,call me when youre sober,evanescence / call me when youre sober,2794,1,validation
3125,ms. dynamite / kymani marley,seed will grow,ms. dynamite / kymani marley / seed will grow,3113,0,test
3126,steve riley & the mamou playboys,between eunice & opelousas,steve riley & the mamou playboys / between eunice & opelousas,862,0,train
3127,this is hell,realization: remorse,this is hell / realization: remorse,3115,0,validation
3128,the murmurs,you suck,the murmurs / you suck,3116,1,train
3129,alexandre desplat,the epi-pen,alexandre desplat / the epi-pen,1816,0,validation
3130,immature,never lie,immature / never lie,3118,1,train
3131,halfway to gone,turnpike,halfway to gone / turnpike,473,0,train
3132,intex systems,vapour fragments,intex systems / vapour fragments,3120,0,test
3133,pedro aznar,amor de juventud,pedro aznar / amor de juventud,3121,0,train
3134,krystof,svedomi,krystof / svedomi,3122,0,train
3135,chamillionaire,good morning,chamillionaire / good morning,3123,1,train
3136,faith hill,sunshine and summertime,faith hill / sunshine and summertime,1111,1,validation
3137,garth brooks,more than a memory,garth brooks / more than a memory,1149,1,test
3138,jason mraz,the remedy (i wont worry),jason mraz / the remedy (i wont worry),3126,1,train
3139,t.g. sheppard,only one you,t.g. sheppard / only one you,504,0,validation
3140,spice girls,headlines (friendship never ends),spice girls / headlines (friendship never ends),3128,1,train
3141,maximilian hecker,let me out,maximilian hecker / let me out,2231,0,train
3142,mono,life in mono,mono / life in mono,3130,1,train
3143,the galactic heroes,cherokee,the galactic heroes / cherokee,3131,0,validation
3144,blake shelton,nobody but me,blake shelton / nobody but me,1962,1,train
3145,jesse mccartney,leavin,jesse mccartney / leavin,2409,1,train
3146,ruben studdard,sorry 2004,ruben studdard / sorry 2004,3134,1,train
3147,paramore,crushcrushcrush,paramore / crushcrushcrush,9,1,train
3148,jennifer lopez,if you had my love,jennifer lopez / if you had my love,348,1,validation
3149,pacha massive,just want to see ya,pacha massive / just want to see ya,1356,0,train
3150,ace of base,living in danger,ace of base / living in danger,919,1,train
3151,terry dexter,beautiful one,terry dexter / beautiful one,3139,0,validation
3152,unk,walk it out,unk / walk it out,593,1,train
3153,brooke valentine,american girl,brooke valentine / american girl,3141,0,test
3154,wyclef jean,guantanamera,wyclef jean / guantanamera,267,0,train
3155,cliff edwards/disney studio chorus,when you wish upon a star,cliff edwards/disney studio chorus / when you wish upon a star,3143,0,validation
3156,franz ferdinand,take me out,franz ferdinand / take me out,3144,1,train
3157,mint condition,call me,mint condition / call me,2366,0,test
3158,vitamin c,graduation (friends forever),vitamin c / graduation (friends forever),501,1,test
3159,harry gregson-williams,whip fight,harry gregson-williams / whip fight,844,0,train
3160,winston reedy,daughter of zion,winston reedy / daughter of zion,3148,0,train
3161,reba,wrong night,reba / wrong night,2841,1,test
3162,zo2,comin home,zo2 / comin home,1636,0,test
3163,ginuwine,differences,ginuwine / differences,313,1,test
3164,ginuwine,in those jeans,ginuwine / in those jeans,313,1,test
3165,meat puppets,backwater,meat puppets / backwater,3153,1,validation
3166,w.a.s.p.,phantoms in the mirror,w.a.s.p. / phantoms in the mirror,2535,0,test
3167,marco beltrami,revelations,marco beltrami / revelations,80,0,train
3168,joe rogan,fear factor (shiny happy jihad),joe rogan / fear factor (shiny happy jihad),2116,0,train
3169,bone thugs-n-harmony,thuggish ruggish bone,bone thugs-n-harmony / thuggish ruggish bone,576,1,train
3170,fito paez,la ley de la vida,fito paez / la ley de la vida,2016,0,validation
3171,kane,rain down on me,kane / rain down on me,2400,0,train
3172,behemoth,malice,behemoth / malice,641,0,test
3173,eddie turner,rise,eddie turner / rise,906,0,test
3174,joey negro,make a move on me,joey negro / make a move on me,3162,0,train
3175,kenny chesney,never wanted nothing more,kenny chesney / never wanted nothing more,983,1,train
3176,vilma palma e vampiros,bye bye,vilma palma e vampiros / bye bye,2071,0,train
3177,sean paul,get busy,sean paul / get busy,3165,1,train
3178,nelly,n dey say,nelly / n dey say,735,1,train
3179,lil band o gold,first you cry,lil band o gold / first you cry,394,0,train
3180,kenny chesney,dont blink,kenny chesney / dont blink,983,1,train
3181,lord sterling,poison lips,lord sterling / poison lips,3169,0,validation
3182,hatiras,lost in space,hatiras / lost in space,3170,0,test
3183,goldfish,tracy,goldfish / tracy,913,0,train
3184,lyrics born,stop complaining/remix/jam,lyrics born / stop complaining/remix/jam,2056,0,train
3185,beherit,suck my blood,beherit / suck my blood,185,0,train
3186,lighthouse family,ocean drive,lighthouse family / ocean drive,3174,0,train
3187,glee cast,last christmas,glee cast / last christmas,57,1,train
3188,brad paisley,anything like me,brad paisley / anything like me,502,1,train
3189,the cranberries,linger,the cranberries / linger,3177,1,train
3190,ying yang twins,whistle while you twurk,ying yang twins / whistle while you twurk,3178,1,validation
3191,clay walker,fall,clay walker / fall,3179,1,train
3192,dragonforce,through the fire and flames,dragonforce / through the fire and flames,3180,1,test
3193,u2,electrical storm,u2 / electrical storm,144,1,train
3194,madonna,american life,madonna / american life,248,1,validation
3195,martin denny,manila,martin denny / manila,3183,0,test
3196,ai ai ai,com una flama,ai ai ai / com una flama,3184,0,train
3197,les ogres de barback,flamme & co,les ogres de barback / flamme & co,1049,0,validation
3198,ashton shepherd,sounds so good,ashton shepherd / sounds so good,2795,0,train
3199,beres hammond,call on the father,beres hammond / call on the father,3187,0,test
3200,mademoiselle sane,cabaret,mademoiselle sane / cabaret,3188,0,validation
3201,tim mcgraw,indian outlaw,tim mcgraw / indian outlaw,205,1,validation
3202,floor,ignis,floor / ignis,1797,0,train
3203,alias,more than words can say,alias / more than words can say,3191,1,train
3204,jason mraz,song for a friend (live from montalvo),jason mraz / song for a friend (live from montalvo),3126,0,train
3205,aly & aj,greatest time of year,aly & aj / greatest time of year,1749,1,train
3206,laissez faire,in paradise,laissez faire / in paradise,3194,1,test
3207,leona naess,chase,leona naess / chase,2087,0,train
3208,the movement,jump!,the movement / jump!,3196,1,train
3209,kimberley locke,8th world wonder,kimberley locke / 8th world wonder,3197,1,train
3210,the distillers,oh serena,the distillers / oh serena,374,0,train
3211,shawn colvin,these four walls,shawn colvin / these four walls,523,0,train
3212,sheryl crow,soak up the sun,sheryl crow / soak up the sun,40,1,validation
3213,dario marianelli,why did you all lie to me?,dario marianelli / why did you all lie to me?,3201,0,train
3214,metallica,sad but true,metallica / sad but true,87,1,test
3215,grace gale,la matanza,grace gale / la matanza,3203,0,train
3216,dilated peoples,big business,dilated peoples / big business,3204,0,train
3217,david benoit,frieda,david benoit / frieda,3205,0,train
3218,cut copy,unforgettable season,cut copy / unforgettable season,3206,0,test
3219,vulture industries,the benevolent path,vulture industries / the benevolent path,3207,0,validation
3220,daddy yankee,llamado de emergencia,daddy yankee / llamado de emergencia,1676,0,train
3221,uriah heep,son of a bitch,uriah heep / son of a bitch,1099,0,train
3222,workhorse,flight of the elephant,workhorse / flight of the elephant,2918,0,test
3223,mastodon,megalodon,mastodon / megalodon,46,0,test
3224,speaker,joking,speaker / joking,3212,0,validation
3225,beenie man,politrix,beenie man / politrix,37,0,test
3226,hellsongs,rock the night,hellsongs / rock the night,3214,0,train
3227,jack johnson,fortunate fool,jack johnson / fortunate fool,974,0,train
3228,dark fortress,evenfall,dark fortress / evenfall,189,0,train
3229,ryan leslie,diamond girl,ryan leslie / diamond girl,3217,1,train
3230,sister rosetta tharpe,what he done for me,sister rosetta tharpe / what he done for me,3218,0,train
3231,jade,dont walk away,jade / dont walk away,1836,1,train
3232,martriden,blank eye stare,martriden / blank eye stare,3220,0,train
3233,panzer ag,bereit,panzer ag / bereit,2931,0,train
3234,unearth,fuel the fire,unearth / fuel the fire,2454,0,train
3235,sixpence none the richer,kiss me,sixpence none the richer / kiss me,3223,1,train
3236,collin raye,anyone else,collin raye / anyone else,2749,1,validation
3237,eve,tambourine,eve / tambourine,3225,1,train
3238,robben ford,spoonful,robben ford / spoonful,1118,0,train
3239,young buck,shorty wanna ride,young buck / shorty wanna ride,3227,1,train
3240,keep of kalessin,many are we,keep of kalessin / many are we,463,0,train
3241,ricky martin,shake your bon-bon,ricky martin / shake your bon-bon,2671,1,test
3242,embrace the end,intensity in ten cities,embrace the end / intensity in ten cities,3230,0,train
3243,portable,theresa,portable / theresa,3231,0,train
3244,richie mcdonald,if every day could be christmas,richie mcdonald / if every day could be christmas,3232,0,validation
3245,the pharcyde,storm,the pharcyde / storm,246,0,train
3247,the vaughan brothers,hillbillies from outerspace,the vaughan brothers / hillbillies from outerspace,3234,0,train
3248,dynamite deluxe,eimsbush bis 0711,dynamite deluxe / eimsbush bis 0711,3235,0,train
3249,jon secada,"too late, too soon","jon secada / too late, too soon",327,1,train
3250,lara,nur eine nacht mit dir,lara / nur eine nacht mit dir,807,0,train
3251,shapeshifters,chime,shapeshifters / chime,3238,0,test
3252,dinosaur jr,on the brink,dinosaur jr / on the brink,1080,0,train
3253,tommy lee,good times,tommy lee / good times,3240,1,test
3254,julie roberts,break down here,julie roberts / break down here,1097,1,train
3255,hinder,better than me,hinder / better than me,3242,1,validation
3256,gregory isaacs,out deh,gregory isaacs / out deh,3243,0,test
3257,akon,over the edge,akon / over the edge,968,0,train
3258,g-unit,poppin them thangs,g-unit / poppin them thangs,3245,0,train
3259,k-os,aquacityboy,k-os / aquacityboy,1095,0,train
3260,phil vassar,carlene,phil vassar / carlene,70,1,train
3261,alex ubago,20 horas de nada,alex ubago / 20 horas de nada,2511,0,train
3262,five,slam dunk,five / slam dunk,3249,1,train
3263,atman,luminous bliss,atman / luminous bliss,713,0,train
3264,styx,show me the way,styx / show me the way,3251,1,train
3265,shakira,que vuelvas,shakira / que vuelvas,123,0,test
3266,jack johnson,monsoon,jack johnson / monsoon,974,0,train
3267,skid row,wasted time,skid row / wasted time,3254,1,train
3268,helen love,shifty disco girl,helen love / shifty disco girl,1036,0,train
3269,tito puente,flight to jordan,tito puente / flight to jordan,399,0,train
3270,blessid union of souls,let me be the one,blessid union of souls / let me be the one,387,1,train
3271,jennifer hudson,if this isnt love,jennifer hudson / if this isnt love,3258,1,train
3272,jessica simpson,come on over,jessica simpson / come on over,2143,1,train
3273,concretes,souvenirs,concretes / souvenirs,3260,0,train
3274,jon b,they dont know,jon b / they dont know,1730,1,validation
3275,open hand,11th street,open hand / 11th street,1508,0,validation
3276,juice leskinen,marilyn,juice leskinen / marilyn,3263,0,train
3277,babylon disco,multiplayer,babylon disco / multiplayer,2474,0,train
3278,maria bamford,vennette,maria bamford / vennette,3265,0,test
3279,bersuit vergarabat,sencillamente,bersuit vergarabat / sencillamente,799,0,test
3280,mikey dread,quest for oneness,mikey dread / quest for oneness,3267,0,validation
3281,joy enriquez,between you and me,joy enriquez / between you and me,3268,0,test
3282,breaking benjamin,breath,breaking benjamin / breath,108,1,validation
3283,jimmy wakely,mine all mine,jimmy wakely / mine all mine,1216,0,train
3284,c.j. chenier,banana man,c.j. chenier / banana man,3271,0,train
3285,the verve pipe,medicate myself,the verve pipe / medicate myself,3272,0,train
3286,behemoth,he who breeds pestilence,behemoth / he who breeds pestilence,641,0,test
3287,workhorse,my friend the blind,workhorse / my friend the blind,2918,0,test
3288,john mayall & the bluesbreakers,looking back,john mayall & the bluesbreakers / looking back,3275,0,train
3289,blackstreet,before i let you go,blackstreet / before i let you go,371,1,test
3290,phil vassar,six-pack summer,phil vassar / six-pack summer,70,1,train
3291,krystof,ostravaczech,krystof / ostravaczech,3122,0,train
3292,tam tam go!,atrapados en la red,tam tam go! / atrapados en la red,3279,0,train
3293,at the gates,city of screaming statues,at the gates / city of screaming statues,3280,0,test
3294,kings of leon,day old blues,kings of leon / day old blues,812,0,train
3295,dishwalla,moisture,dishwalla / moisture,1684,0,train
3296,(+44),when your heart stops beating,(+44) / when your heart stops beating,3283,1,train
3297,the soup dragons,pleasure,the soup dragons / pleasure,3084,1,train
3298,go west,faithful,go west / faithful,3285,1,test
3299,the heights,how do you talk to an angel,the heights / how do you talk to an angel,3286,1,train
3300,aaliyah,more than a woman,aaliyah / more than a woman,109,1,train
3301,the last days of jesus,life in line,the last days of jesus / life in line,1094,0,test
3302,open hand,tough guy,open hand / tough guy,1508,0,validation
3303,the presets,are you the one?,the presets / are you the one?,13,0,test
3304,maria muldaur,it feels like rain,maria muldaur / it feels like rain,3291,0,train
3305,richard marx,the way she loves me,richard marx / the way she loves me,493,1,train
3306,john michael montgomery,cover you in kisses,john michael montgomery / cover you in kisses,1013,1,train
3307,lighthouse family,run,lighthouse family / run,3174,0,train
3308,snow patrol,wow,snow patrol / wow,563,0,test
3309,kane,damn those eyes,kane / damn those eyes,2400,0,train
3310,arrested development,raining revolution (live) (unplugged),arrested development / raining revolution (live) (unplugged),2407,0,train
3311,zbigniew preisner,leaving the docks,zbigniew preisner / leaving the docks,1253,0,test
3312,the dillinger escape plan,parasitic twins,the dillinger escape plan / parasitic twins,994,0,train
3313,little eva,the loco motion,little eva / the loco motion,3300,0,train
3314,three 6 mafia featuring kalenna,shake my,three 6 mafia featuring kalenna / shake my,3301,1,test
3315,dilated peoples,world on wheels,dilated peoples / world on wheels,3204,0,train
3316,fruko y sus tesos,a la memoria del muerto,fruko y sus tesos / a la memoria del muerto,2767,0,test
3317,rihanna,good girl gone bad,rihanna / good girl gone bad,1236,0,validation
3318,andreas dorau,das telefon sagt du,andreas dorau / das telefon sagt du,1109,0,train
3319,juliette & the licks,shelter your needs,juliette & the licks / shelter your needs,3306,0,train
3320,city high,the only one i trust,city high / the only one i trust,1210,0,train
3321,mobb deep,hell on earth (front lines),mobb deep / hell on earth (front lines),1175,0,train
3322,duffy,mercy,duffy / mercy,3309,1,validation
3323,benga,zero m2,benga / zero m2,3310,0,test
3324,born jamericans,send my love/send one your love,born jamericans / send my love/send one your love,3311,1,test
3325,call to preserve,now and forever,call to preserve / now and forever,1715,0,train
3326,roxette,joyride,roxette / joyride,191,1,train
3327,3 doors down,duck and run,3 doors down / duck and run,272,0,train
3328,blink-182,a new hope,blink-182 / a new hope,492,0,train
3329,black debbath,the four big ones (essential authors and works),black debbath / the four big ones (essential authors and works),1502,0,test
3330,super700,the other side,super700 / the other side,3317,0,train
3331,i wayne,grow proper,i wayne / grow proper,3318,0,validation
3332,backstreet boys,shape of my heart,backstreet boys / shape of my heart,49,1,train
3333,bebo norman,sunday,bebo norman / sunday,268,0,train
3334,jake hess,so many reasons,jake hess / so many reasons,234,0,train
3335,brad paisley,im still a guy,brad paisley / im still a guy,502,1,train
3336,alexis hk,maudits anglois,alexis hk / maudits anglois,646,0,train
3337,wreckx-n-effect,rump shaker,wreckx-n-effect / rump shaker,1625,1,validation
3338,korn,coming undone,korn / coming undone,51,1,train
3339,atari teenage riot,destroy 2000 years of culture,atari teenage riot / destroy 2000 years of culture,2228,0,train
3340,bon jovi,the radio saved my life tonight,bon jovi / the radio saved my life tonight,29,0,train
3341,mira,openbare weg,mira / openbare weg,3328,0,train
3342,juana molina,isabel,juana molina / isabel,462,0,train
3343,tom barabas,more than words,tom barabas / more than words,3330,0,train
3344,phil vassar,american child,phil vassar / american child,70,1,train
3345,francesca battistelli,its your life,francesca battistelli / its your life,3332,1,train
3346,cal tjader,anyone who had a heart,cal tjader / anyone who had a heart,3333,0,validation
3347,warren barfield,shadow,warren barfield / shadow,2748,0,train
3348,k-os,clap ur handz,k-os / clap ur handz,1095,0,train
3349,dora the explorer,travel song (reprise),dora the explorer / travel song (reprise),71,0,train
3350,maroon 5,wake up call,maroon 5 / wake up call,737,1,train
3351,seventh day slumber,famous one,seventh day slumber / famous one,2060,0,train
3352,wisin & yandel,sexy movimiento,wisin & yandel / sexy movimiento,284,1,train
3353,agnostic front,undertow,agnostic front / undertow,786,0,test
3354,photek,124,photek / 124,66,0,train
3355,whitney cummings,porn,whitney cummings / porn,815,0,train
3356,dixie chicks,give it up or let me go,dixie chicks / give it up or let me go,23,0,train
3357,aqua,barbie girl,aqua / barbie girl,3344,1,train
3358,francis dunnery,the possibilities of loving you,francis dunnery / the possibilities of loving you,777,0,test
3359,tinariwen,assouf,tinariwen / assouf,1211,0,train
3360,four tet,plastic people,four tet / plastic people,3347,0,validation
3361,grizzly bear,little brother,grizzly bear / little brother,1858,0,train
3362,north mississippi allstars,teasin brown,north mississippi allstars / teasin brown,2057,0,train
3363,mithotyn,guided by history,mithotyn / guided by history,1790,0,train
3364,gang starr,say your prayers,gang starr / say your prayers,2328,0,train
3365,blue rodeo,million miles,blue rodeo / million miles,1733,0,test
3366,martina mcbride,this ones for the girls,martina mcbride / this ones for the girls,224,1,test
3367,mau mau,neir,mau mau / neir,286,0,train
3368,malkit singh,holli holi nach kuriye,malkit singh / holli holi nach kuriye,1521,0,train
3369,shania twain,raining on our love,shania twain / raining on our love,1110,0,train
3370,krs-one,getaway,krs-one / getaway,3357,0,validation
3371,helen love,bubblegum,helen love / bubblegum,1036,0,train
3372,junior kimbrough,meet me in the city,junior kimbrough / meet me in the city,1447,0,train
3373,jeff foxworthy with alan jackson,redneck games,jeff foxworthy with alan jackson / redneck games,3360,1,test
3374,robert palmer,youre amazing,robert palmer / youre amazing,3361,1,test
3375,stephen marley / damian marley,the mission,stephen marley / damian marley / the mission,204,0,train
3376,glee cast,lady is a tramp,glee cast / lady is a tramp,57,1,train
3377,cancer bats,dead wrong,cancer bats / dead wrong,1038,0,test
3378,del the funky homosapien,why you wanna get funky...,del the funky homosapien / why you wanna get funky...,1016,0,test
3379,snap!,do you see the light (deep ethno mix),snap! / do you see the light (deep ethno mix),1761,0,train
3380,glee cast featuring kristin chenoweth,home,glee cast featuring kristin chenoweth / home,3367,1,test
3381,estopa,me falta el aliento,estopa / me falta el aliento,2632,0,train
3382,davina,come over to my place,davina / come over to my place,3369,1,train
3383,4him,strange way to save the world,4him / strange way to save the world,1646,0,validation
3384,t.i.,what you know,t.i. / what you know,317,1,train
3385,shamen,scientas,shamen / scientas,3372,0,train
3386,jesse malin,walk on the wild side,jesse malin / walk on the wild side,628,0,test
3387,stille volk,orgasme tellurique,stille volk / orgasme tellurique,3374,0,validation
3388,shriekback,reason with the beast,shriekback / reason with the beast,351,0,train
3389,sting,you still touch me,sting / you still touch me,251,1,train
3390,porcupine tree,waiting,porcupine tree / waiting,745,0,validation
3391,enrique iglesias,si juras regresar,enrique iglesias / si juras regresar,1412,0,test
3392,johnny horton,the golden rocket,johnny horton / the golden rocket,355,0,train
3393,glee cast,halo / walking on sunshine,glee cast / halo / walking on sunshine,57,1,train
3394,foo fighters,best of you,foo fighters / best of you,222,1,test
3395,peggy lee,mr. wonderful,peggy lee / mr. wonderful,3382,0,test
3396,c.c. adcock,love n gold,c.c. adcock / love n gold,2084,0,train
3397,shania twain,it only hurts when im breathing,shania twain / it only hurts when im breathing,1110,1,train
3398,alexandre desplat,breaking in,alexandre desplat / breaking in,1816,0,validation
3399,scar symmetry,deviate from the form,scar symmetry / deviate from the form,1922,0,train
3400,dean martin,until you love someone,dean martin / until you love someone,2438,0,train
3401,agnostic front,come alive,agnostic front / come alive,786,0,test
3402,sugarland,it happens,sugarland / it happens,3389,1,train
3403,janet jackson,thats the way love goes,janet jackson / thats the way love goes,275,1,train
3404,suburbs,monde de fou,suburbs / monde de fou,3391,0,train
3405,jon secada,if you go,jon secada / if you go,327,1,train
3406,bob marley,lively up yourself,bob marley / lively up yourself,21,0,train
3407,weezer,beverly hills,weezer / beverly hills,3078,1,validation
3408,lightnin slim,my babe,lightnin slim / my babe,3395,0,test
3409,nino nardini,bumbling along,nino nardini / bumbling along,3396,0,validation
3410,vickie winans,you turn me,vickie winans / you turn me,3397,0,train
3411,liars,a visit from drum,liars / a visit from drum,237,0,test
3412,los van van,appapas del calabar,los van van / appapas del calabar,3399,0,train
3413,jellyfish,the ghost at #1,jellyfish / the ghost at #1,1310,0,validation
3414,wolfmother,dimension,wolfmother / dimension,826,0,train
3415,limp bizkit,nookie,limp bizkit / nookie,578,1,train
3416,dj company,rhythm of love,dj company / rhythm of love,3403,1,test
3417,minipop,fingerprints,minipop / fingerprints,3404,0,train
3418,rodney o & joe cooley,nutty block,rodney o & joe cooley / nutty block,418,0,train
3419,anthony blea y su charanga,tumba randy,anthony blea y su charanga / tumba randy,3406,0,train
3420,f.l.y. (fast life yungstaz),swag surfin,f.l.y. (fast life yungstaz) / swag surfin,3407,1,validation
3421,gabinete caligari,viaje al averno,gabinete caligari / viaje al averno,3408,0,train
3422,juana molina,el perro,juana molina / el perro,462,0,train
3423,olive,youre not alone,olive / youre not alone,3410,1,train
3424,bad religion,the lie,bad religion / the lie,2239,0,validation
3425,carrie underwood,temporary home,carrie underwood / temporary home,1066,1,train
3426,ital tek,tokyo freeze,ital tek / tokyo freeze,3413,0,test
3427,hotwire,not today,hotwire / not today,3414,0,validation
3428,phil collins,everyday,phil collins / everyday,61,0,train
3429,dusminguet,san cristobal,dusminguet / san cristobal,1972,0,train
3430,glee cast,beautiful,glee cast / beautiful,57,1,train
3431,mariah carey,clown,mariah carey / clown,225,0,train
3432,trisha yearwood,the song remembers when,trisha yearwood / the song remembers when,2935,1,train
3433,patrick bruel,au bout de la marelle,patrick bruel / au bout de la marelle,3420,0,train
3434,jason mraz,did you get my message?  (live from shubas),jason mraz / did you get my message? (live from shubas),3126,0,train
3435,sarah mclachlan,fallen,sarah mclachlan / fallen,1697,1,train
3436,franz ferdinand,no you girls,franz ferdinand / no you girls,3144,0,train
3437,bad religion,epiphany,bad religion / epiphany,2239,0,validation
3438,tamia,so into you,tamia / so into you,666,1,validation
3439,alexandre desplat,high-speed french train,alexandre desplat / high-speed french train,1816,0,validation
3440,dave hollister,my favorite girl,dave hollister / my favorite girl,151,1,train
3441,r.e.m.,electrolite,r.e.m. / electrolite,2348,1,validation
3442,alice cooper,hey stoopid,alice cooper / hey stoopid,3429,1,train
3443,trisha yearwood,georgia rain,trisha yearwood / georgia rain,2935,1,train
3444,p!nk,most girls,p!nk / most girls,736,1,train
3445,b.o.b,dont let me fall,b.o.b / dont let me fall,3432,1,train
3446,miley cyrus,breakout,miley cyrus / breakout,1125,1,test
3447,tlc,no scrubs,tlc / no scrubs,782,1,train
3448,gertrudis,carita de rosa,gertrudis / carita de rosa,249,0,train
3449,agnostic front,separate ways,agnostic front / separate ways,786,0,test
3450,hilary duff,so yesterday,hilary duff / so yesterday,3437,1,train
3451,lyrics born,bad dreams,lyrics born / bad dreams,2056,0,train
3452,chantay savage,i will survive,chantay savage / i will survive,3439,1,test
3453,cockney rejects,oi! oi! oi!,cockney rejects / oi! oi! oi!,721,0,train
3454,the panic channel,awake,the panic channel / awake,3441,0,test
3455,zombie girl,we are the ones (lounge version),zombie girl / we are the ones (lounge version),1151,0,train
3456,funeral for a friend,kicking and screaming,funeral for a friend / kicking and screaming,1048,0,train
3457,pedro luis e a parede,in the rain,pedro luis e a parede / in the rain,1342,0,train
3458,lee ann womack,why they call it falling,lee ann womack / why they call it falling,1696,1,test
3459,los chunguitos,la medalla,los chunguitos / la medalla,3033,0,validation
3460,celine dion,my heart will go on,celine dion / my heart will go on,1835,1,train
3461,carrie underwood,so small,carrie underwood / so small,1066,1,train
3462,kanye west / lupe fiasco,touch the sky,kanye west / lupe fiasco / touch the sky,3449,0,train
3463,alan jackson,a womans love,alan jackson / a womans love,594,1,validation
3464,sandi thom,i wish i was a punk rocker (with flowers in my hair),sandi thom / i wish i was a punk rocker (with flowers in my hair),546,0,validation
3465,test icicles,snowball,test icicles / snowball,3452,0,train
3466,2gether,the hardest part of breaking up (is getting back your stuff),2gether / the hardest part of breaking up (is getting back your stuff),3453,1,train
3467,lonestar,amie,lonestar / amie,892,0,validation
3468,de la soul / mf doom,rock co.kane flow,de la soul / mf doom / rock co.kane flow,3455,0,train
3469,jesus jones,nothing to hold me,jesus jones / nothing to hold me,1845,0,train
3470,gold city,it came upon the midnight clear,gold city / it came upon the midnight clear,3457,0,validation
3471,the white stripes,seven nation army,the white stripes / seven nation army,3458,1,train
3472,the high strung,the lifestyle that got away,the high strung / the lifestyle that got away,521,0,train
3473,the offspring,hit that,the offspring / hit that,672,1,train
3474,vanessa daou,smoke,vanessa daou / smoke,689,0,train
3475,kurupt,girls all pause,kurupt / girls all pause,3462,0,train
3476,uphill battle,thresh hold,uphill battle / thresh hold,1081,0,train
3477,catupecu machu,a veces vuelvo,catupecu machu / a veces vuelvo,3464,0,train
3478,all city,the actual,all city / the actual,3465,1,validation
3479,the pharcyde,homegrown,the pharcyde / homegrown,246,0,train
3480,green day,21 guns,green day / 21 guns,3467,1,validation
3481,steve porter,mindless,steve porter / mindless,3468,0,test
3482,cartel,honestly,cartel / honestly,3469,1,train
3483,st. lunatics,midwest swing,st. lunatics / midwest swing,3470,1,train
3484,mae west,imaginary love,mae west / imaginary love,524,0,train
3485,keira green,my heart goes up,keira green / my heart goes up,3472,0,train
3486,larry the cable guy,bass pro shop & wal-mart,larry the cable guy / bass pro shop & wal-mart,3473,0,validation
3487,poncho sanchez,co co my my,poncho sanchez / co co my my,76,0,test
3488,aceyalone,suicide,aceyalone / suicide,3475,0,train
3489,jeff wahl,india,jeff wahl / india,1852,0,validation
3490,regina belle,you are everything,regina belle / you are everything,2648,0,validation
3491,avant,read your mind,avant / read your mind,858,1,train
3492,chevelle,send the pain below,chevelle / send the pain below,3479,1,train
3493,the cure,cut here,the cure / cut here,455,0,train
3494,mariah carey,i want to know what love is,mariah carey / i want to know what love is,225,1,train
3495,rubyhorse,the  first of the year,rubyhorse / the first of the year,1588,0,train
3496,burning spear,tumble down,burning spear / tumble down,3483,0,train
3497,cathy dennis,touch me (all night long),cathy dennis / touch me (all night long),2256,1,train
3498,patti smith,lo and beholden,patti smith / lo and beholden,1897,0,train
3499,hot chip,hold on,hot chip / hold on,2866,0,test
3500,jesse malin and the st. marks social,revelations,jesse malin and the st. marks social / revelations,3487,0,validation
3501,luther vandross,id rather,luther vandross / id rather,112,1,train
3502,defect & quixotic,wriststraining order,defect & quixotic / wriststraining order,3489,0,train
3503,souls of mischief,93 til infinity,souls of mischief / 93 til infinity,3490,1,train
3504,relient k,be my escape,relient k / be my escape,3491,1,train
3505,john debney,porcelain man,john debney / porcelain man,476,0,train
3506,lee ann womack,last call,lee ann womack / last call,1696,1,test
3507,the white stripes,a martyr for my love for you,the white stripes / a martyr for my love for you,3458,0,train
3508,tommy shane steiner,what if shes an angel,tommy shane steiner / what if shes an angel,3495,1,train
3509,gary barlow,so help me girl,gary barlow / so help me girl,3496,1,train
3510,rodney atkins,farmers daughter,rodney atkins / farmers daughter,3497,1,test
3511,korn,right now,korn / right now,51,0,train
3512,skeletonwitch,within my blood,skeletonwitch / within my blood,1799,0,train
3513,buddy jewell,help pour out the rain (laceys song),buddy jewell / help pour out the rain (laceys song),2846,1,train
3514,rise against,state of the union,rise against / state of the union,806,0,test
3515,lollipop lust kill,bury you,lollipop lust kill / bury you,846,0,train
3516,bone thugs-n-harmony / akon,never forget me,bone thugs-n-harmony / akon / never forget me,3503,0,train
3517,aly & aj,like whoa,aly & aj / like whoa,1749,1,train
3518,placebo,where is my mind (xfm live version),placebo / where is my mind (xfm live version),1152,0,train
3519,q-tip,vivrant thing,q-tip / vivrant thing,1445,1,train
3520,r.l. burnside,glory be,r.l. burnside / glory be,269,0,test
3521,scar symmetry,abstracted,scar symmetry / abstracted,1922,0,train
3522,buckcherry,crazy bitch,buckcherry / crazy bitch,3509,1,test
3523,poncho sanchez,going back to new orleans,poncho sanchez / going back to new orleans,76,0,test
3524,roger creager,the everclear song,roger creager / the everclear song,126,0,validation
3525,glee cast featuring jonathan groff,total eclipse of the heart,glee cast featuring jonathan groff / total eclipse of the heart,821,1,train
3526,this is hell,reckless,this is hell / reckless,3115,0,validation
3527,katy perry,thinking of you,katy perry / thinking of you,1091,1,train
3528,kris kristofferson,killer barracuda,kris kristofferson / killer barracuda,3515,0,train
3529,mindy mccready,ten thousand angels,mindy mccready / ten thousand angels,219,0,train
3530,melvins,nude with boots,melvins / nude with boots,3517,0,test
3531,lambda,hold on tight,lambda / hold on tight,3518,0,test
3532,u2,fez-being born,u2 / fez-being born,144,0,train
3533,martin page,keeper of the flame,martin page / keeper of the flame,3520,1,test
3534,mavado,sadness,mavado / sadness,1104,0,train
3535,leigh jones,same game,leigh jones / same game,478,0,train
3536,franz ferdinand,eleanor put your boots on,franz ferdinand / eleanor put your boots on,3144,0,train
3537,rupaul,supermodel (you better work),rupaul / supermodel (you better work),1596,1,test
3538,jack johnson,"sitting, waiting, wishing","jack johnson / sitting, waiting, wishing",974,1,train
3539,andy & lucas,amores cobardes,andy & lucas / amores cobardes,120,0,test
3540,sarah mclachlan,sweet surrender,sarah mclachlan / sweet surrender,1697,1,train
3541,rage against the machine,kick out the jams,rage against the machine / kick out the jams,3528,0,validation
3542,mary j. blige,work that,mary j. blige / work that,107,1,test
3543,bounty killer,cellular phone,bounty killer / cellular phone,328,0,test
3544,little milton,lookin for my baby,little milton / lookin for my baby,2059,0,test
3545,chris young,gettin you home,chris young / gettin you home,3532,1,train
3546,cabas,como nuestro amor no hay dos,cabas / como nuestro amor no hay dos,3533,0,train
3547,baha men,who let the dogs out,baha men / who let the dogs out,3534,1,test
3548,arturo sandoval,my funny valentine,arturo sandoval / my funny valentine,92,0,train
3549,monica,so gone,monica / so gone,1716,1,test
3550,foo fighters,next year,foo fighters / next year,222,0,test
3551,george lopez,vibrators,george lopez / vibrators,289,0,test
3552,camp lo,sparkle,camp lo / sparkle,3539,0,train
3553,x-ecutioners,play that beat,x-ecutioners / play that beat,3540,0,train
3554,goo goo dolls,name,goo goo dolls / name,466,1,test
3555,adam lambert,time for miracles,adam lambert / time for miracles,715,1,validation
3556,positive k,i got a man,positive k / i got a man,3543,1,train
3557,zebra,red,zebra / red,472,0,train
3558,craig morgan,tough,craig morgan / tough,1000,1,train
3559,hoobastank,crawling in the dark,hoobastank / crawling in the dark,1363,1,train
3560,foo fighters,all my life,foo fighters / all my life,222,1,test
3561,pearl jam,world wide suicide,pearl jam / world wide suicide,531,1,test
3562,boondox,nothing to lose,boondox / nothing to lose,3549,0,train
3563,hot chip,no,hot chip / no,2866,0,test
3564,asher roth,g.r.i.n.d. (get ready its a new day),asher roth / g.r.i.n.d. (get ready its a new day),3551,1,train
3565,first blood,execution,first blood / execution,3552,0,train
3566,savage garden,truly madly deeply,savage garden / truly madly deeply,1493,1,validation
3567,jocelyn enriquez,a little bit of ecstasy,jocelyn enriquez / a little bit of ecstasy,3554,1,train
3568,faith hill,if my heart had wings,faith hill / if my heart had wings,1111,1,validation
3569,pyranja,nie wieder (toktok rmx),pyranja / nie wieder (toktok rmx),1294,0,train
3570,c.l. smooth,smoke in the air (a cappella),c.l. smooth / smoke in the air (a cappella),3557,0,train
3571,dave brockie experience,the dance of europe,dave brockie experience / the dance of europe,1977,0,train
3572,trace adkins,songs about me,trace adkins / songs about me,1240,1,test
3573,the smashing pumpkins,1979,the smashing pumpkins / 1979,318,1,train
3574,billy ray cyrus,in the heart of a woman,billy ray cyrus / in the heart of a woman,617,1,train
3575,lily allen,ldn (warbox original cut dub),lily allen / ldn (warbox original cut dub),2473,0,train
3576,busdriver,beauty supply and demand,busdriver / beauty supply and demand,1188,0,train
3577,cold,stupid girl,cold / stupid girl,3564,1,train
3578,tyrese,lately,tyrese / lately,451,1,train
3579,warrior king,another love song,warrior king / another love song,800,0,train
3580,lost boyz,"jeeps, lex coups, bimaz & benz","lost boyz / jeeps, lex coups, bimaz & benz",1196,1,train
3581,beck,jack-ass,beck / jack-ass,1017,1,train
3582,travis tritt,love of a woman,travis tritt / love of a woman,1203,1,train
3583,year of desolation,the legend of yellow boobie,year of desolation / the legend of yellow boobie,2545,0,test
3584,k-os,man i used to be,k-os / man i used to be,1095,0,train
3585,madonna,american pie,madonna / american pie,248,1,validation
3586,mariah carey,honey,mariah carey / honey,225,0,train
3587,kym sims,take my advice,kym sims / take my advice,479,1,train
3588,arctic monkeys,from the ritz to the rubble,arctic monkeys / from the ritz to the rubble,530,0,train
3589,the black crowes,ballad in urgency,the black crowes / ballad in urgency,494,0,test
3590,mobb deep,survival of the fittest,mobb deep / survival of the fittest,1175,1,train
3591,lady saw,love & understanding,lady saw / love & understanding,995,0,train
3592,nick cave & the bad seeds,loverman,nick cave & the bad seeds / loverman,902,0,train
3593,a skylit drive,ability to create a war,a skylit drive / ability to create a war,3580,0,train
3594,showbread,nothing matters anymore,showbread / nothing matters anymore,379,0,train
3595,staind,believe,staind / believe,1441,1,test
3596,fu-schnickens,visions (20/20),fu-schnickens / visions (20/20),1282,0,train
3597,the last vegas,another lover,the last vegas / another lover,3584,0,validation
3598,the sonics,near my soul,the sonics / near my soul,3585,0,test
3599,kings of leon,knocked up,kings of leon / knocked up,812,0,train
3600,total fucking destruction,enslaved by propaganda,total fucking destruction / enslaved by propaganda,3587,0,train
3601,rickie lee jones,second time around,rickie lee jones / second time around,3588,0,train
3602,sub focus,follow the light (radio edit),sub focus / follow the light (radio edit),1607,0,validation
3603,ms. dynamite,natural high (interlude),ms. dynamite / natural high (interlude),883,0,train
3604,winds of plague,origins and endings,winds of plague / origins and endings,3591,0,train
3605,ayo,these days,ayo / these days,299,0,train
3606,silk,freak me,silk / freak me,3593,1,train
3607,young buck,let me in,young buck / let me in,3227,1,train
3608,pre,greasers,pre / greasers,3595,0,train
3609,jennifer lopez,love dont cost a thing,jennifer lopez / love dont cost a thing,348,1,validation
3610,dusminguet,africa,dusminguet / africa,1972,0,train
3611,yvette michele,im not feeling you,yvette michele / im not feeling you,3598,1,train
3612,murphy lee / zee,murphy lee,murphy lee / zee / murphy lee,3599,0,train
3613,dimmu borgir,puritania,dimmu borgir / puritania,484,0,test
3614,boogie pimps,then came you,boogie pimps / then came you,3601,0,validation
3615,coldplay,speed of sound (live),coldplay / speed of sound (live),181,0,test
3616,kid frost,no sunshine,kid frost / no sunshine,3603,1,train
3617,del amitri,roll to me,del amitri / roll to me,3604,1,train
3618,xzibit,carry the weight,xzibit / carry the weight,1669,0,train
3619,martina mcbride with jim brickman,valentine,martina mcbride with jim brickman / valentine,3606,1,validation
3620,kellie pickler,didnt you know how much i loved you,kellie pickler / didnt you know how much i loved you,2242,1,train
3621,foo fighters,razor,foo fighters / razor,222,0,test
3623,leona naess,heavy like sunday,leona naess / heavy like sunday,2087,0,train
3624,aisha duo,beneath an evening sky,aisha duo / beneath an evening sky,3610,0,train
3625,themselves,you devil you,themselves / you devil you,480,0,test
3626,u2,mysterious ways,u2 / mysterious ways,144,1,train
3627,lizzy borden,the darker side,lizzy borden / the darker side,2480,0,train
3628,the four pennies,juliet,the four pennies / juliet,3614,0,train
3629,gerald clayton,two heads one pillow,gerald clayton / two heads one pillow,1804,0,train
3630,mariah carey,dreamlover,mariah carey / dreamlover,225,1,train
3631,shinedown,if you only knew,shinedown / if you only knew,912,1,test
3632,redman,wkya (drop),redman / wkya (drop),437,0,train
3633,gyptian,hold you (hold yuh),gyptian / hold you (hold yuh),3619,1,test
3634,saosin,bury your head,saosin / bury your head,2856,0,train
3635,delroy wilson,baby i need your loving,delroy wilson / baby i need your loving,3621,0,train
3636,nastyboy klick,lost in love,nastyboy klick / lost in love,3622,1,test
3637,geggy tah,gina,geggy tah / gina,194,0,train
3638,james,laid,james / laid,3624,1,train
3639,pretenders,night in my veins,pretenders / night in my veins,3625,1,train
3640,nelly,just a dream,nelly / just a dream,735,1,train
3641,phil vassar,like i never loved before,phil vassar / like i never loved before,70,0,train
3642,kitaro,village attack/ the arrest,kitaro / village attack/ the arrest,149,0,validation
3643,tantric,coming undone,tantric / coming undone,2760,0,train
3644,pedro aznar,stand,pedro aznar / stand,3121,0,train
3645,weezer,mykel and carli,weezer / mykel and carli,3078,0,validation
3646,miguel migs,the one,miguel migs / the one,3632,0,train
3647,the killers,spaceman,the killers / spaceman,93,1,train
3648,pierre perret,marcel,pierre perret / marcel,732,0,train
3649,eddie,pode me chamar,eddie / pode me chamar,3635,0,train
3650,trace adkins,ladies love country boys,trace adkins / ladies love country boys,1240,1,test
3651,portrait,here we go again!,portrait / here we go again!,3637,1,test
3652,rakim,outro,rakim / outro,259,0,train
3653,loudon wainwright iii,human cannonball,loudon wainwright iii / human cannonball,1101,0,test
3654,cassie,long way 2 go,cassie / long way 2 go,2989,1,validation
3655,williamson,cool people make me tired,williamson / cool people make me tired,864,0,train
3656,billy currington,"why, why, why","billy currington / why, why, why",2185,1,test
3657,patty griffin,flaming red,patty griffin / flaming red,805,0,validation
3658,the berzerker,compromise,the berzerker / compromise,897,0,train
3659,2 minutos,2 minutos,2 minutos / 2 minutos,1267,0,train
3660,the mighty mighty bosstones,pictures to prove it,the mighty mighty bosstones / pictures to prove it,3646,0,train
3661,chimaira,the flame,chimaira / the flame,3647,0,train
3662,dario marianelli,the harbour,dario marianelli / the harbour,3201,0,train
3663,natasha bedingfield,these words,natasha bedingfield / these words,917,1,test
3664,phil collins,testify,phil collins / testify,61,0,train
3665,tlc,red light special,tlc / red light special,782,1,train
3666,trace adkins,the rest of mine,trace adkins / the rest of mine,1240,1,test
3668,donell jones,put me down,donell jones / put me down,63,1,train
3669,nofx,bath of least resistance,nofx / bath of least resistance,206,0,validation
3670,no address,pretty girl (amended version),no address / pretty girl (amended version),3655,0,test
3671,dwight yoakam,crazy little thing called love,dwight yoakam / crazy little thing called love,2453,1,test
3672,glee cast,over the rainbow,glee cast / over the rainbow,57,1,train
3673,jagged edge,lets get married,jagged edge / lets get married,3658,1,train
3674,keith urban,better life,keith urban / better life,320,1,train
3675,john michael montgomery,home to you,john michael montgomery / home to you,1013,1,train
3676,anti-flag,the modern rome burning,anti-flag / the modern rome burning,1200,0,train
3677,kapelle herrenweide,nie mehr heim,kapelle herrenweide / nie mehr heim,1745,0,train
3678,jackson united,undertow,jackson united / undertow,3663,0,validation
3679,blackstreet,joy,blackstreet / joy,371,1,test
3680,lizzy borden,there will be blood tonight,lizzy borden / there will be blood tonight,2480,0,train
3681,brian tyler,i dream of chi chi,brian tyler / i dream of chi chi,2165,0,train
3682,redman,suicide,redman / suicide,437,0,train
3683,bumblefoot,piranha,bumblefoot / piranha,3668,0,validation
3684,justin timberlake,sexy ladies,justin timberlake / sexy ladies,901,0,train
3687,nick jonas,introducing me,nick jonas / introducing me,3670,1,test
3688,theodore shapiro,gun pull,theodore shapiro / gun pull,2146,0,test
3689,the wallflowers,sleepwalker,the wallflowers / sleepwalker,3672,1,test
3690,blaine larsen,how do you get that lonely,blaine larsen / how do you get that lonely,3673,1,train
3691,brad paisley,he didnt have to be,brad paisley / he didnt have to be,502,1,train
3692,will young,leave right now,will young / leave right now,3675,1,validation
3693,britney spears,radar,britney spears / radar,513,1,test
3694,kid cudi,marijuana,kid cudi / marijuana,893,1,test
3695,james newton howard,photographs,james newton howard / photographs,567,0,train
3696,zeca baleiro,proibida pra mim (grazon),zeca baleiro / proibida pra mim (grazon),1011,0,validation
3697,buju banton,searching,buju banton / searching,597,0,validation
3698,patty loveless,lovin all night,patty loveless / lovin all night,3681,1,train
3699,poison,something to believe in,poison / something to believe in,2079,1,validation
3700,mando diao,misty mountains,mando diao / misty mountains,157,0,train
3701,chingy,balla baby,chingy / balla baby,3684,1,train
3702,story of the year,won threw ate,story of the year / won threw ate,1703,0,train
3703,mc serch,here it comes,mc serch / here it comes,3686,1,train
3704,deborah cox,sentimental,deborah cox / sentimental,724,1,train
3705,neil sedaka,because of you,neil sedaka / because of you,3688,0,train
3706,maroon 5,harder to breathe,maroon 5 / harder to breathe,737,1,train
3707,janitor joe,voucher,janitor joe / voucher,2513,0,train
3708,david ball,thinkin problem,david ball / thinkin problem,3691,1,train
3709,switchfoot,dare you to move,switchfoot / dare you to move,3692,1,validation
3711,the mars volta,eriatarka,the mars volta / eriatarka,791,0,train
3712,kenny rogers,i cant unlove you,kenny rogers / i cant unlove you,256,1,validation
3713,atomic rooster,take it for granted,atomic rooster / take it for granted,448,0,train
3714,wyclef jean,something about mary,wyclef jean / something about mary,267,0,train
3715,the verve pipe,la la,the verve pipe / la la,3272,0,train
3716,da brat,sittin on top of the world,da brat / sittin on top of the world,1332,1,test
3717,martina mcbride,make me believe,martina mcbride / make me believe,224,0,test
3718,mxpx,you found me,mxpx / you found me,301,0,validation
3719,ozzy osbourne,no more tears,ozzy osbourne / no more tears,2006,1,train
3720,eliane elias,the beat of my heart,eliane elias / the beat of my heart,2661,0,validation
3721,placebo,english summer rain,placebo / english summer rain,1152,0,train
3722,ana popovic,u complete me (blues version - bonus track),ana popovic / u complete me (blues version - bonus track),1895,0,train
3723,alison krauss + union station,when you say nothing at all,alison krauss + union station / when you say nothing at all,3705,1,train
3724,dixie chicks,landslide,dixie chicks / landslide,23,1,train
3725,mongo santamaria,hush,mongo santamaria / hush,3707,0,train
3726,landon pigg,falling in love at a coffee shop,landon pigg / falling in love at a coffee shop,3708,1,train
3727,linkin park,new divide,linkin park / new divide,911,1,validation
3728,darryl worley,"awful, beautiful life","darryl worley / awful, beautiful life",1221,1,train
3729,celine dion,i drove all night,celine dion / i drove all night,1835,1,train
3730,faithless,mass destruction,faithless / mass destruction,1148,0,train
3731,spinal tap,the majesty of rock,spinal tap / the majesty of rock,3713,0,train
3732,gg allin,garbage dump,gg allin / garbage dump,3714,0,train
3733,creed,my sacrifice,creed / my sacrifice,3715,1,test
3734,bt feat. jes,every other way,bt feat. jes / every other way,3716,0,validation
3735,delroy wilson,conquer me,delroy wilson / conquer me,3621,0,train
3736,lee ritenour,can you feel it?,lee ritenour / can you feel it?,3718,0,train
3737,babylon disco,funk you,babylon disco / funk you,2474,0,train
3738,it dies today,sixth of june,it dies today / sixth of june,3040,0,train
3739,sunscreem,secrets,sunscreem / secrets,790,0,test
3740,the killers,a dustland fairytale,the killers / a dustland fairytale,93,0,train
3741,cheyenne kimball,hanging on,cheyenne kimball / hanging on,3723,1,validation
3742,precious bryant,dark angel,precious bryant / dark angel,1822,0,train
3743,missy elliott,ching-a-ling,missy elliott / ching-a-ling,1260,1,train
3744,spunk,marbles,spunk / marbles,3726,0,train
3745,imx,stay the night,imx / stay the night,3727,1,test
3746,the fratellis,flathead,the fratellis / flathead,3728,1,train
3747,cece winans,the wind (tears for you),cece winans / the wind (tears for you),1313,0,train
3748,through the eyes of the dead,outro,through the eyes of the dead / outro,3730,0,validation
3749,twista,get it wet,twista / get it wet,3731,1,test
3750,lil wayne,on fire,lil wayne / on fire,719,1,test
3751,precious bryant,when the saints go marching in,precious bryant / when the saints go marching in,1822,0,train
3752,titiyo,my body says yes,titiyo / my body says yes,3734,1,train
3753,2 minutos,1987,2 minutos / 1987,1267,0,train
3754,power pill fist,chuckanut drive,power pill fist / chuckanut drive,3736,0,train
3755,foo fighters,x-static,foo fighters / x-static,222,0,test
3756,al b. sure!,right now,al b. sure! / right now,3738,1,train
3757,general larry platt,pants on the ground,general larry platt / pants on the ground,3739,1,validation
3758,michael jackson,heaven can wait,michael jackson / heaven can wait,254,0,test
3759,the shins,phantom limb,the shins / phantom limb,3741,1,test
3760,blur,girls & boys,blur / girls & boys,3742,1,train
3761,sophie b. hawkins,right beside you,sophie b. hawkins / right beside you,734,1,train
3762,take it back!,these days,take it back! / these days,3744,0,validation
3763,ray lamontagne,you are the best thing,ray lamontagne / you are the best thing,3745,1,train
3764,snowgoons,michael nobody aka poetic death,snowgoons / michael nobody aka poetic death,879,0,test
3765,case,happily ever after,case / happily ever after,3747,1,test
3766,mae west,put it off until tomorrow,mae west / put it off until tomorrow,524,0,train
3767,james horner,rescue and breakout,james horner / rescue and breakout,2315,0,test
3768,maximilian hecker,full of voices,maximilian hecker / full of voices,2231,0,train
3769,tanto metro & devonte,honey i sugar pie,tanto metro & devonte / honey i sugar pie,1409,0,test
3770,novembre,reason,novembre / reason,1316,0,train
3771,madonna,the power of good-bye,madonna / the power of good-bye,248,1,validation
3772,snow patrol,new sensation,snow patrol / new sensation,563,0,test
3773,jonas brothers,when you look me in the eyes,jonas brothers / when you look me in the eyes,485,1,validation
3774,susana seivane,para milladoiro,susana seivane / para milladoiro,3756,0,train
3775,sick puppies,master of the universe,sick puppies / master of the universe,3757,0,train
3776,trey songz,cant be friends,trey songz / cant be friends,6,1,train
3777,onyx,last dayz,onyx / last dayz,1578,1,train
3778,korn,did my time,korn / did my time,51,1,train
3779,master p,mr. ice cream man,master p / mr. ice cream man,165,1,validation
3780,tony toni tone,if i had no loot,tony toni tone / if i had no loot,3762,1,train
3781,patty griffin,let him fly,patty griffin / let him fly,805,0,validation
3782,the sterns,supreme girl,the sterns / supreme girl,3764,0,train
3783,nick cave & the bad seeds,rock of gibraltar,nick cave & the bad seeds / rock of gibraltar,902,0,train
3784,eric burdon,feeling blue,eric burdon / feeling blue,1436,0,train
3785,sex pistols,chatterbox,sex pistols / chatterbox,3767,0,train
3786,russ taff,we will stand,russ taff / we will stand,3768,0,train
3787,kelly sweet,ready for love,kelly sweet / ready for love,346,0,validation
3788,erkki junkkarinen,nuoruusmuistoja,erkki junkkarinen / nuoruusmuistoja,3770,0,test
3789,m.i.a.,paper planes,m.i.a. / paper planes,3771,1,train
3790,chris isaak,somebodys crying,chris isaak / somebodys crying,3772,1,train
3791,mitch ryder,jenny take a ride,mitch ryder / jenny take a ride,3773,0,train
3792,alice in chains,sickman,alice in chains / sickman,43,0,train
3793,krs-one,freestyle ministry (server verbals),krs-one / freestyle ministry (server verbals),3357,0,validation
3794,r.l. burnside,over the hill,r.l. burnside / over the hill,269,0,test
3795,hatiras,final flash,hatiras / final flash,3170,0,test
3796,sundial aeon,love shelter,sundial aeon / love shelter,3778,0,train
3797,converge,locust reign (live in california),converge / locust reign (live in california),331,0,test
3798,chris brown,take you down,chris brown / take you down,905,1,train
3799,gerald veasley,love letter,gerald veasley / love letter,3781,0,train
3800,maximilian hecker,birch,maximilian hecker / birch,2231,0,train
3801,gary allan,songs about rain,gary allan / songs about rain,258,1,validation
3802,djelimady tounkara,sigui,djelimady tounkara / sigui,3784,0,train
3803,takaru,idnnitkhtr,takaru / idnnitkhtr,3785,0,validation
3804,joe bonamassa,when she dances,joe bonamassa / when she dances,128,0,train
3806,lenny kravitz,i belong to you,lenny kravitz / i belong to you,372,1,train
3807,duran duran,ordinary world,duran duran / ordinary world,155,1,validation
3808,the offspring,defy you,the offspring / defy you,672,1,train
3809,joe mcbride,one eyed jack,joe mcbride / one eyed jack,1662,0,test
3810,the ruby suns,function of the sun,the ruby suns / function of the sun,3791,0,train
3811,tevin campbell,strawberry letter 23,tevin campbell / strawberry letter 23,1964,1,train
3812,jessica simpson featuring lil bow wow,irresistible,jessica simpson featuring lil bow wow / irresistible,3793,0,train
3813,sugarland,baby girl,sugarland / baby girl,3389,1,train
3814,cupid,cupid shuffle,cupid / cupid shuffle,3795,1,validation
3815,erykah badu,on & on,erykah badu / on & on,2190,1,train
3816,sugar ray,every morning,sugar ray / every morning,3797,1,train
3817,hannah montana,ordinary girl,hannah montana / ordinary girl,33,1,validation
3818,shriekback,squanderer,shriekback / squanderer,351,0,train
3819,ryan cabrera,shine on,ryan cabrera / shine on,2095,1,test
3820,paramore,thats what you get,paramore / thats what you get,9,1,train
3821,marc shaiman,blame canada ( from: south park ),marc shaiman / blame canada ( from: south park ),1548,0,train
3822,sean paul,we be burnin,sean paul / we be burnin,3165,1,train
3823,capleton,tour,capleton / tour,2219,1,train
3824,destinys child,say my name,destinys child / say my name,678,1,test
3825,solas,lament for frankie,solas / lament for frankie,1087,0,train
3826,t.o.k.,saturday,t.o.k. / saturday,375,0,train
3827,from autumn to ashes,sensory deprivation adventure,from autumn to ashes / sensory deprivation adventure,2063,0,test
3828,gerald clayton,all of you,gerald clayton / all of you,1804,0,train
3829,daniel johnston,come to me tonight,daniel johnston / come to me tonight,103,0,train
3830,gavin rossdale,love remains the same,gavin rossdale / love remains the same,3811,1,validation
3832,the commitments,try a little tenderness,the commitments / try a little tenderness,3812,1,test
3833,matchbox twenty,bright lights,matchbox twenty / bright lights,1910,1,test
3834,paula abdul,will you marry me?,paula abdul / will you marry me?,2238,1,train
3835,zeromancer,v,zeromancer / v,615,0,train
3836,michael gettel,the journey north,michael gettel / the journey north,626,0,test
3837,workhorse,high horse,workhorse / high horse,2918,0,test
3838,epmd,mr. bozack,epmd / mr. bozack,42,0,test
3839,johnny cash,i got stripes (live),johnny cash / i got stripes (live),3819,0,train
3840,eminem,ass like that,eminem / ass like that,94,1,validation
3841,william orbit,cavalleria rusticana,william orbit / cavalleria rusticana,1231,0,test
3842,collective soul,december,collective soul / december,3822,1,test
3843,elakelaiset,laakista humppa,elakelaiset / laakista humppa,1100,0,train
3844,blu cantrell,hit em up style (oops!),blu cantrell / hit em up style (oops!),3824,1,train
3845,clay walker,"live, laugh, love","clay walker / live, laugh, love",3179,1,train
3846,bt,korean waterhole,bt / korean waterhole,335,0,train
3847,sean paul,so fine,sean paul / so fine,3165,1,train
3848,john mayall & the bluesbreakers,blues city shake down,john mayall & the bluesbreakers / blues city shake down,3275,0,train
3849,dexys midnight runners,breaking down the walls of heartache,dexys midnight runners / breaking down the walls of heartache,1041,0,train
3850,dub pistols feat. tk & ashley slater,everyday stranger,dub pistols feat. tk & ashley slater / everyday stranger,3830,0,train
3851,slum village,cb4,slum village / cb4,3831,0,test
3852,time factory,fleeting sound,time factory / fleeting sound,3832,0,train
3853,clubland,hold on (tighter to love),clubland / hold on (tighter to love),3833,1,test
3854,daniel johnston,high horse,daniel johnston / high horse,103,0,train
3855,nelson,only time will tell,nelson / only time will tell,3835,1,test
3856,rita chiarelli,this is my life,rita chiarelli / this is my life,461,0,validation
3857,maxi priest,just a little bit longer,maxi priest / just a little bit longer,1572,1,train
3858,zhane,hey mr. d.j.,zhane / hey mr. d.j.,2048,1,train
3859,gwen stefani,harajuku girls,gwen stefani / harajuku girls,1296,0,validation
3860,tatyana ali,daydreamin,tatyana ali / daydreamin,3840,1,train
3861,elvenking,trows kind,elvenking / trows kind,2543,0,train
3862,taylor swift,jump then fall,taylor swift / jump then fall,250,1,train
3863,willie bobo,spanish grease,willie bobo / spanish grease,3843,0,validation
3864,information society,seek 300,information society / seek 300,384,0,train
3865,professor longhair,no buts - no maybes,professor longhair / no buts - no maybes,3845,0,train
3866,mudhoney,new meaning,mudhoney / new meaning,942,0,train
3867,enter the haggis,skyswimmer,enter the haggis / skyswimmer,3847,0,train
3868,a*teens,bouncing off the ceiling (upside down),a*teens / bouncing off the ceiling (upside down),3848,1,train
3870,athenaeum,what i didnt know,athenaeum / what i didnt know,3849,1,train
3871,ricky martin,tal vez,ricky martin / tal vez,2671,1,test
3872,mya,my first night with you,mya / my first night with you,3851,1,train
3873,bobby brown,get away,bobby brown / get away,1298,1,train
3874,the black crowes,girl from a pawnshop,the black crowes / girl from a pawnshop,494,0,test
3875,rob thomas,ever the same,rob thomas / ever the same,2907,1,train
3876,yggdrasil,nordfjorloftet,yggdrasil / nordfjorloftet,3855,0,train
3877,pascal obispo,chlore,pascal obispo / chlore,2686,0,train
3878,a static lullaby,rattlesnake!,a static lullaby / rattlesnake!,1839,0,train
3879,silk,meeting in my bedroom,silk / meeting in my bedroom,3593,1,train
3880,tim mcgraw,let it go,tim mcgraw / let it go,205,1,validation
3881,bob wills,bubbles in my beer,bob wills / bubbles in my beer,698,0,train
3882,kitaro,harmony of the forest,kitaro / harmony of the forest,149,0,validation
3883,2 minutos,cancion de amor,2 minutos / cancion de amor,1267,0,train
3884,zeromancer,send me an angel,zeromancer / send me an angel,615,0,train
3885,kirk franklin,declaration (this is it!),kirk franklin / declaration (this is it!),3864,0,validation
3886,doyle bramhall,ooh wee baby,doyle bramhall / ooh wee baby,2611,0,train
3887,the strokes,meet me in the bathroom,the strokes / meet me in the bathroom,606,0,train
3888,ini kamoze,gangsta roll,ini kamoze / gangsta roll,1460,0,test
3889,gwen stefani,crash,gwen stefani / crash,1296,1,validation
3890,the fabulous thunderbirds,when i get home,the fabulous thunderbirds / when i get home,3869,0,test
3891,tara kemp,hold you tight,tara kemp / hold you tight,3870,1,test
3892,johnny osbourne,lend me your chopper,johnny osbourne / lend me your chopper,1062,0,train
3893,jessica simpson,be,jessica simpson / be,2143,0,train
3894,phantomsmasher,bishop hopping,phantomsmasher / bishop hopping,3873,0,train
3895,tha liks,yo mouth (skit),tha liks / yo mouth (skit),625,0,test
3896,the cardigans,rise & shine,the cardigans / rise & shine,156,0,train
3897,the wreckers,damn that radio [live],the wreckers / damn that radio [live],3876,0,test
3898,"10,000 maniacs",more than this,"10,000 maniacs / more than this",2855,1,train
3899,frederic galliano,nomades monades,frederic galliano / nomades monades,3878,0,train
3900,leeroy stagger,house of sin,leeroy stagger / house of sin,3879,0,train
3901,pretty ricky,grind with me,pretty ricky / grind with me,2503,1,train
3902,3lw,no more (baby ima do right),3lw / no more (baby ima do right),3881,1,train
3903,ub40,higher ground,ub40 / higher ground,938,1,train
3904,pyranja,nordcore,pyranja / nordcore,1294,0,train
3905,los fabulosos cadillacs,electrasonic v,los fabulosos cadillacs / electrasonic v,697,0,train
3906,bob marley,small axe,bob marley / small axe,21,0,train
3907,cut copy,future,cut copy / future,3206,0,test
3908,chalk farm,lillie anne,chalk farm / lillie anne,3887,0,train
3909,the zebras,marching,the zebras / marching,3888,0,train
3910,justin timberlake,summer love,justin timberlake / summer love,901,1,train
3911,sick puppies,deliverance,sick puppies / deliverance,3757,0,train
3912,busdriver,unsafe sextet/gilded hearts of booklovers,busdriver / unsafe sextet/gilded hearts of booklovers,1188,0,train
3913,corbin bleu,push it to the limit,corbin bleu / push it to the limit,3892,1,train
3914,daughters,jones from indiana,daughters / jones from indiana,3893,0,validation
3915,goo goo dolls,slide,goo goo dolls / slide,466,1,test
3916,ashlee simpson,l.o.v.e.,ashlee simpson / l.o.v.e.,468,1,train
3917,old soul,silent night,old soul / silent night,3896,0,train
3918,eddie money,ill get by,eddie money / ill get by,1657,1,train
3919,sade,all about our love,sade / all about our love,651,0,test
3920,the fray,she is,the fray / she is,3046,0,test
3921,xcultures,smile,xcultures / smile,2164,0,test
3922,korn,hey daddy,korn / hey daddy,51,0,train
3923,kim wilson,love attack,kim wilson / love attack,3044,0,train
3924,goo goo dolls,better days,goo goo dolls / better days,466,1,test
3925,rocket from the tombs,frustration,rocket from the tombs / frustration,3904,0,train
3926,krystof,star,krystof / star,3122,0,train
3927,trace adkins,this aint no love song,trace adkins / this aint no love song,1240,1,test
3928,shamen,phorever people,shamen / phorever people,3372,0,train
3929,american hi-fi,flavor of the weak,american hi-fi / flavor of the weak,3908,1,train
3930,usher,can u get wit it,usher / can u get wit it,257,1,train
3931,lost boyz,music makes me high,lost boyz / music makes me high,1196,1,train
3932,princess lover,prends-moi la main,princess lover / prends-moi la main,3911,0,train
3933,sara melson,anywhere anytime,sara melson / anywhere anytime,3912,0,train
3934,flex,te quiero,flex / te quiero,3913,1,test
3935,the antlers,stairs to the attic,the antlers / stairs to the attic,1599,0,test
3936,sugarland,all i want to do,sugarland / all i want to do,3389,1,train
3937,sherrie austin,never been kissed,sherrie austin / never been kissed,3916,1,train
3938,fake problems,tabernacle song,fake problems / tabernacle song,3917,0,train
3939,gym class heroes,clothes off!!,gym class heroes / clothes off!!,3918,1,train
3940,spok frevo orquestra,passo de anjo,spok frevo orquestra / passo de anjo,3919,0,train
3941,ultraviolence,murder academy,ultraviolence / murder academy,3920,0,test
3942,wesley tuttle,with tears in my eyes,wesley tuttle / with tears in my eyes,3921,0,train
3943,he is legend,stampede,he is legend / stampede,3922,0,train
3944,the rapture,killing,the rapture / killing,2324,0,train
3945,def leppard,when love & hate collide,def leppard / when love & hate collide,1655,1,train
3946,speedball,no survivors,speedball / no survivors,3925,0,train
3947,clay walker,a few questions,clay walker / a few questions,3179,1,train
3948,pacha massive,drive,pacha massive / drive,1356,0,train
3949,deee-lite,groove is in the heart,deee-lite / groove is in the heart,1214,1,train
3950,the roches,christlike roche,the roches / christlike roche,655,0,train
3951,gary allan,man to man,gary allan / man to man,258,1,validation
3952,carrie underwood,mamas song,carrie underwood / mamas song,1066,1,train
3953,johnny copeland,jambalaya (on the bayou),johnny copeland / jambalaya (on the bayou),3932,0,test
3954,dario marianelli,falling apart,dario marianelli / falling apart,3201,0,train
3955,war babies,cry yourself to sleep,war babies / cry yourself to sleep,3934,0,validation
3956,tweet,oops (oh my),tweet / oops (oh my),3935,1,train
3957,"harry connick, jr.",(i could only) whisper your name,"harry connick, jr. / (i could only) whisper your name",3936,1,test
3958,mxpx,answer in the question,mxpx / answer in the question,301,0,validation
3959,funeral for a friend,building,funeral for a friend / building,1048,0,train
3960,funeral for a friend,your revolution is a joke,funeral for a friend / your revolution is a joke,1048,0,train
3961,hatiras,the anthem,hatiras / the anthem,3170,0,test
3962,speech,a talk with dad,speech / a talk with dad,449,0,train
3963,bikini machine,the race,bikini machine / the race,3942,0,test
3964,sonny landreth,she left me a mule,sonny landreth / she left me a mule,3943,0,validation
3965,ll cool j / amil,hello,ll cool j / amil / hello,3944,0,train
3966,embrace the end,ley lines,embrace the end / ley lines,3230,0,train
3967,cheri keaggy,the cross that bears his name,cheri keaggy / the cross that bears his name,3946,0,train
3968,mando diao,popovic,mando diao / popovic,157,0,train
3969,uphill battle,memory,uphill battle / memory,1081,0,train
3970,"weird al"" yankovic""",smells like nirvana,"weird al"" yankovic"" / smells like nirvana",3949,1,test
3971,john michael montgomery,letters from home,john michael montgomery / letters from home,1013,1,train
3972,john michael montgomery,the little girl,john michael montgomery / the little girl,1013,1,train
3973,scar symmetry,the illusionist,scar symmetry / the illusionist,1922,0,train
3974,bizzy bone presents,intro,bizzy bone presents / intro,3953,0,test
3975,shawty lo,dey know,shawty lo / dey know,3954,1,validation
3976,eminem,beautiful,eminem / beautiful,94,0,validation
3977,thrice,red sky,thrice / red sky,699,0,test
3978,line renaud,il y a des anges,line renaud / il y a des anges,340,0,validation
3979,helen love,first boyfriend,helen love / first boyfriend,1036,0,train
3980,jason aldean,hicktown,jason aldean / hicktown,930,1,train
3981,george michael,shoot the dog,george michael / shoot the dog,1107,0,train
3982,glee cast,you cant always get what you want,glee cast / you cant always get what you want,57,1,train
3983,galactic,cafe declouet,galactic / cafe declouet,681,0,train
3984,adele,chasing pavements,adele / chasing pavements,3963,1,train
3985,koffee brown,after party,koffee brown / after party,3964,1,test
3986,trisha yearwood,real live woman,trisha yearwood / real live woman,2935,1,train
3987,dolly parton,when jesus comes calling for me,dolly parton / when jesus comes calling for me,3966,0,train
3988,unwritten law,superman,unwritten law / superman,3967,0,train
3989,obie bermudez,celos,obie bermudez / celos,2287,0,train
3990,winifred phillips,sporable,winifred phillips / sporable,5,0,train
3991,belinda carlisle,do you feel like i feel?,belinda carlisle / do you feel like i feel?,3970,1,validation
3992,byzantine,absolute horizon,byzantine / absolute horizon,3971,0,train
3993,monty are i,in this legacy,monty are i / in this legacy,361,0,train
3994,belle & sebastian,stay loose,belle & sebastian / stay loose,3973,0,test
3995,dixie chicks,lullaby,dixie chicks / lullaby,23,0,train
3996,eddie calvert,o mein papa,eddie calvert / o mein papa,3975,0,train
3997,brian mcknight,on the down low,brian mcknight / on the down low,2320,1,train
3998,puddle of mudd,away from me,puddle of mudd / away from me,121,1,train
3999,suzi quatro,born to run,suzi quatro / born to run,1208,0,test
4000,blind boy fuller,big leg woman gets my pay,blind boy fuller / big leg woman gets my pay,587,0,test
4001,fudge tunnel,spanish fly,fudge tunnel / spanish fly,3980,0,train
4002,brooks & dunn,i cant get over you,brooks & dunn / i cant get over you,54,1,test
4003,kathy mattea,standing knee deep in a river (dying of thirst),kathy mattea / standing knee deep in a river (dying of thirst),1293,0,train
4004,less than jake,fucked,less than jake / fucked,2644,0,train
4005,gustavo cerati,la excepcion,gustavo cerati / la excepcion,3984,0,train
4006,toni braxton,tell me,toni braxton / tell me,4,0,train
4007,bert kaempfert,sugar bush,bert kaempfert / sugar bush,2306,0,train
4008,p.m. dawn,looking through patient eyes,p.m. dawn / looking through patient eyes,1860,1,train
4009,ann hampton callaway,for all we know,ann hampton callaway / for all we know,3988,0,train
4010,kristinia debarge,goodbye,kristinia debarge / goodbye,3989,1,train
4011,death cab for cutie,soul meets body,death cab for cutie / soul meets body,1213,1,train
4012,atman,lingan,atman / lingan,713,0,train
4013,asher roth,i love college,asher roth / i love college,3551,1,train
4014,madonna,vogue [live],madonna / vogue [live],248,0,validation
4015,carl crack,dogon,carl crack / dogon,1315,0,train
4016,juelz santana,lil boy fresh,juelz santana / lil boy fresh,2783,0,train
4017,less than jake,automatic,less than jake / automatic,2644,0,train
4018,dj harry,shadows,dj harry / shadows,30,0,train
4019,alan silvestri,the joes mobilize,alan silvestri / the joes mobilize,3081,0,train
4020,bebo & cigala,inolvidable,bebo & cigala / inolvidable,3999,0,train
4021,mindy mccready,guys do it all the time,mindy mccready / guys do it all the time,219,1,train
4022,lmfao,im in miami trick,lmfao / im in miami trick,4001,1,validation
4023,gorillaz,november has come,gorillaz / november has come,297,0,train
4024,taylor swift,hey stephen,taylor swift / hey stephen,250,1,train
4025,terri clark,i wanna do it all,terri clark / i wanna do it all,4004,1,test
4026,sensations,superscout,sensations / superscout,4005,0,train
4027,tina ann,i do (chris the greek remix),tina ann / i do (chris the greek remix),1592,0,validation
4028,the fray,vienna,the fray / vienna,3046,0,test
4029,placebo,evalia,placebo / evalia,1152,0,train
4030,the clancy brothers,water is alright in tay,the clancy brothers / water is alright in tay,4009,0,train
4031,the vaughan brothers,good texan,the vaughan brothers / good texan,3234,0,train
4032,sonora carruseles,chela,sonora carruseles / chela,2475,0,train
4033,all time low,shameless,all time low / shameless,3064,0,train
4034,tami davis,how do i say im sorry,tami davis / how do i say im sorry,4013,1,test
4035,brenda boykin,be my lover,brenda boykin / be my lover,4014,0,train
4036,bad brains,at the atlantis,bad brains / at the atlantis,4015,0,test
4037,t.i.,why you wanna,t.i. / why you wanna,317,1,train
4038,john mayer,bigger than my body,john mayer / bigger than my body,2395,1,train
4039,metallica,the end of the line,metallica / the end of the line,87,0,test
